Repository,Result,Constraint,Line,Description
AdoptOpenJDK__jitwatch,UNSAT,InterfacePolicy,,Interface Class91 contains non-abstract method Method755
AdoptOpenJDK__jitwatch,UNSAT,InterfacePolicy,,Interface Class91 contains non-abstract method Method758
AdoptOpenJDK__jitwatch,UNSAT,InterfacePolicy,,Interface Class125 contains non-abstract method Method995
AdoptOpenJDK__jitwatch,UNSAT,LocalMethodNamespace,,"Duplicate method name 'getProperty' in class Class10: Method72, Method73"
aeron-io__agrona,UNSAT,IdentifierIntegrity,,"Duplicate name 'org.agrona.BitUtil' used by: Class4, Class5"
aeron-io__agrona,UNSAT,InterfacePolicy,,Interface Class81 contains non-abstract method Method1316
aeron-io__agrona,UNSAT,InterfacePolicy,,Interface Class81 contains non-abstract method Method1317
aeron-io__agrona,UNSAT,InterfacePolicy,,Interface Class108 contains non-abstract method Method1432
aeron-io__agrona,UNSAT,InterfacePolicy,,Interface Class176 contains non-abstract method Method1899
aeron-io__agrona,UNSAT,InterfacePolicy,,Interface Class192 contains non-abstract method Method1976
aeron-io__agrona,UNSAT,InterfacePolicy,,Interface Class10 has field Field55
aeron-io__agrona,UNSAT,InterfacePolicy,,Interface Class10 has field Field56
aeron-io__agrona,UNSAT,InterfacePolicy,,Interface Class10 has field Field57
aeron-io__agrona,UNSAT,InterfacePolicy,,Interface Class10 has field Field58
aeron-io__agrona,UNSAT,InterfacePolicy,,Interface Class85 has field Field610
aeron-io__agrona,UNSAT,InterfacePolicy,,Interface Class85 has field Field611
aeron-io__agrona,UNSAT,InterfacePolicy,,Interface Class85 has field Field612
aeron-io__agrona,UNSAT,InterfacePolicy,,Interface Class156 has field Field1382
aeron-io__agrona,UNSAT,InterfacePolicy,,Interface Class156 has field Field1383
aeron-io__agrona,UNSAT,LocalMethodNamespace,,"Duplicate method name 'getBytes' in class Class0: Method10, Method11, Method12, Method13, Method14"
airbnb__AirMapView,UNSAT,InterfacePolicy,,Interface Class5 has field Field15
airbnb__AirMapView,UNSAT,InterfacePolicy,,Interface Class5 has field Field16
airbnb__AirMapView,UNSAT,InterfacePolicy,,Interface Class5 has field Field17
airbnb__AirMapView,UNSAT,LocalMethodNamespace,,"Duplicate method name 'addMarker' in class Class1: Method7, Method8"
alibaba__compileflow,UNSAT,InterfacePolicy,,Interface Class219 contains non-abstract method Method514
alibaba__compileflow,UNSAT,InterfacePolicy,,Interface Class342 contains non-abstract method Method1119
alibaba__compileflow,UNSAT,InterfacePolicy,,Interface Class352 contains non-abstract method Method1138
alibaba__compileflow,UNSAT,InterfacePolicy,,Interface Class352 contains non-abstract method Method1139
alibaba__compileflow,UNSAT,InterfacePolicy,,Interface Class352 contains non-abstract method Method1140
alibaba__compileflow,UNSAT,InterfacePolicy,,Interface Class352 contains non-abstract method Method1141
alibaba__compileflow,UNSAT,InterfacePolicy,,Interface Class352 contains non-abstract method Method1142
alibaba__compileflow,UNSAT,InterfacePolicy,,Interface Class359 contains non-abstract method Method1150
alibaba__compileflow,UNSAT,InterfacePolicy,,Interface Class359 contains non-abstract method Method1151
alibaba__compileflow,UNSAT,InterfacePolicy,,Interface Class359 contains non-abstract method Method1152
alibaba__compileflow,UNSAT,InterfacePolicy,,Interface Class359 contains non-abstract method Method1153
alibaba__compileflow,UNSAT,InterfacePolicy,,Interface Class359 contains non-abstract method Method1154
alibaba__compileflow,UNSAT,InterfacePolicy,,Interface Class396 contains non-abstract method Method1275
alibaba__compileflow,UNSAT,InterfacePolicy,,Interface Class399 contains non-abstract method Method1305
alibaba__compileflow,UNSAT,InterfacePolicy,,Interface Class423 contains non-abstract method Method1471
alibaba__compileflow,UNSAT,InterfacePolicy,,Interface Class440 contains non-abstract method Method1563
alibaba__compileflow,UNSAT,InterfacePolicy,,Interface Class226 has field Field700
alibaba__compileflow,UNSAT,InterfacePolicy,,Interface Class230 has field Field705
alibaba__compileflow,UNSAT,InterfacePolicy,,Interface Class231 has field Field706
alibaba__compileflow,UNSAT,InterfacePolicy,,Interface Class247 has field Field732
alibaba__compileflow,UNSAT,InterfacePolicy,,Interface Class299 has field Field775
alibaba__compileflow,UNSAT,InterfacePolicy,,Interface Class330 has field Field830
alibaba__compileflow,UNSAT,InterfacePolicy,,Interface Class359 has field Field858
alibaba__compileflow,UNSAT,InterfacePolicy,,Interface Class359 has field Field859
alibaba__compileflow,UNSAT,InterfacePolicy,,Interface Class359 has field Field860
alibaba__compileflow,UNSAT,InterfacePolicy,,Interface Class396 has field Field905
alibaba__compileflow,UNSAT,InterfacePolicy,,Interface Class440 has field Field983
alibaba__compileflow,UNSAT,InterfacePolicy,,Interface Class481 has field Field1068
alibaba__compileflow,UNSAT,LocalMethodNamespace,,"Duplicate method name 'deploy' in class Class1: Method0, Method1"
alibaba__jetcache,UNSAT,InterfacePolicy,,Interface Class13 contains non-abstract method Method67
alibaba__jetcache,UNSAT,InterfacePolicy,,Interface Class13 contains non-abstract method Method69
alibaba__jetcache,UNSAT,InterfacePolicy,,Interface Class13 contains non-abstract method Method74
alibaba__jetcache,UNSAT,InterfacePolicy,,Interface Class13 contains non-abstract method Method75
alibaba__jetcache,UNSAT,InterfacePolicy,,Interface Class13 contains non-abstract method Method79
alibaba__jetcache,UNSAT,InterfacePolicy,,Interface Class13 contains non-abstract method Method80
alibaba__jetcache,UNSAT,InterfacePolicy,,Interface Class13 contains non-abstract method Method81
alibaba__jetcache,UNSAT,InterfacePolicy,,Interface Class13 contains non-abstract method Method82
alibaba__jetcache,UNSAT,InterfacePolicy,,Interface Class13 contains non-abstract method Method83
alibaba__jetcache,UNSAT,InterfacePolicy,,Interface Class13 contains non-abstract method Method84
alibaba__jetcache,UNSAT,InterfacePolicy,,Interface Class13 contains non-abstract method Method85
alibaba__jetcache,UNSAT,InterfacePolicy,,Interface Class13 contains non-abstract method Method86
alibaba__jetcache,UNSAT,InterfacePolicy,,Interface Class13 contains non-abstract method Method87
alibaba__jetcache,UNSAT,InterfacePolicy,,Interface Class13 contains non-abstract method Method88
alibaba__jetcache,UNSAT,InterfacePolicy,,Interface Class13 contains non-abstract method Method89
alibaba__jetcache,UNSAT,InterfacePolicy,,Interface Class20 contains non-abstract method Method126
alibaba__jetcache,UNSAT,InterfacePolicy,,Interface Class20 contains non-abstract method Method128
alibaba__jetcache,UNSAT,InterfacePolicy,,Interface Class20 contains non-abstract method Method129
alibaba__jetcache,UNSAT,InterfacePolicy,,Interface Class21 contains non-abstract method Method131
alibaba__jetcache,UNSAT,InterfacePolicy,,Interface Class21 contains non-abstract method Method134
alibaba__jetcache,UNSAT,InterfacePolicy,,Interface Class21 contains non-abstract method Method136
alibaba__jetcache,UNSAT,InterfacePolicy,,Interface Class32 contains non-abstract method Method201
alibaba__jetcache,UNSAT,InterfacePolicy,,Interface Class38 contains non-abstract method Method271
alibaba__jetcache,UNSAT,InterfacePolicy,,Interface Class38 contains non-abstract method Method272
alibaba__jetcache,UNSAT,InterfacePolicy,,Interface Class13 has field Field6
alibaba__jetcache,UNSAT,InterfacePolicy,,Interface Class38 has field Field71
alibaba__jetcache,UNSAT,InterfacePolicy,,Interface Class38 has field Field72
alibaba__jetcache,UNSAT,InterfacePolicy,,Interface Class38 has field Field73
alibaba__jetcache,UNSAT,InterfacePolicy,,Interface Class38 has field Field74
alibaba__jetcache,UNSAT,InterfacePolicy,,Interface Class38 has field Field75
alibaba__jetcache,UNSAT,InterfacePolicy,,Interface Class38 has field Field76
alibaba__jetcache,UNSAT,InterfacePolicy,,Interface Class38 has field Field77
alibaba__jetcache,UNSAT,InterfacePolicy,,Interface Class38 has field Field78
alibaba__jetcache,UNSAT,InterfacePolicy,,Interface Class38 has field Field79
alibaba__jetcache,UNSAT,InterfacePolicy,,Interface Class38 has field Field80
alibaba__jetcache,UNSAT,InterfacePolicy,,Interface Class38 has field Field81
alibaba__jetcache,UNSAT,InterfacePolicy,,Interface Class38 has field Field82
alibaba__jetcache,UNSAT,InterfacePolicy,,Interface Class48 has field Field86
alibaba__jetcache,UNSAT,InterfacePolicy,,Interface Class48 has field Field87
alibaba__jetcache,UNSAT,InterfacePolicy,,Interface Class48 has field Field88
alibaba__jetcache,UNSAT,InterfacePolicy,,Interface Class48 has field Field89
alibaba__jetcache,UNSAT,InterfacePolicy,,Interface Class48 has field Field90
alibaba__jetcache,UNSAT,InterfacePolicy,,Interface Class48 has field Field91
alibaba__jetcache,UNSAT,InterfacePolicy,,Interface Class49 has field Field92
alibaba__jetcache,UNSAT,InterfacePolicy,,Interface Class49 has field Field93
alibaba__jetcache,UNSAT,InterfacePolicy,,Interface Class49 has field Field94
alibaba__jetcache,UNSAT,InterfacePolicy,,Interface Class49 has field Field95
alibaba__jetcache,UNSAT,InterfacePolicy,,Interface Class49 has field Field96
alibaba__jetcache,UNSAT,LocalMethodNamespace,,"Duplicate method name 'computeIfAbsent' in class Class10: Method23, Method24"
alibaba__transmittable-thread-local,UNSAT,InterfacePolicy,,Interface Class0 contains non-abstract method Method0
alibaba__transmittable-thread-local,UNSAT,InterfacePolicy,,Interface Class0 contains non-abstract method Method1
alibaba__transmittable-thread-local,UNSAT,InterfacePolicy,,Interface Class0 contains non-abstract method Method2
alibaba__transmittable-thread-local,UNSAT,InterfacePolicy,,Interface Class0 contains non-abstract method Method3
alibaba__transmittable-thread-local,UNSAT,InterfacePolicy,,Interface Class63 contains non-abstract method Method372
alibaba__transmittable-thread-local,UNSAT,InterfacePolicy,,Interface Class25 has field Field50
alibaba__transmittable-thread-local,UNSAT,InterfacePolicy,,Interface Class87 has field Field208
alibaba__transmittable-thread-local,UNSAT,LocalMethodNamespace,,"Duplicate method name 'withInitialAndCopier' in class Class6: Method34, Method35"
amaembo__streamex,UNSAT,InterfacePolicy,,Interface Class9 contains non-abstract method Method158
amaembo__streamex,UNSAT,InterfacePolicy,,Interface Class9 contains non-abstract method Method159
amaembo__streamex,UNSAT,InterfacePolicy,,Interface Class9 contains non-abstract method Method160
amaembo__streamex,UNSAT,InterfacePolicy,,Interface Class9 contains non-abstract method Method161
amaembo__streamex,UNSAT,InterfacePolicy,,Interface Class9 contains non-abstract method Method162
amaembo__streamex,UNSAT,InterfacePolicy,,Interface Class9 contains non-abstract method Method164
amaembo__streamex,UNSAT,InterfacePolicy,,Interface Class9 contains non-abstract method Method165
amaembo__streamex,UNSAT,InterfacePolicy,,Interface Class9 contains non-abstract method Method166
amaembo__streamex,UNSAT,InterfacePolicy,,Interface Class9 contains non-abstract method Method167
amaembo__streamex,UNSAT,InterfacePolicy,,Interface Class9 contains non-abstract method Method168
amaembo__streamex,UNSAT,InterfacePolicy,,Interface Class9 contains non-abstract method Method169
amaembo__streamex,UNSAT,InterfacePolicy,,Interface Class9 contains non-abstract method Method170
amaembo__streamex,UNSAT,InterfacePolicy,,Interface Class9 contains non-abstract method Method171
amaembo__streamex,UNSAT,InterfacePolicy,,Interface Class9 contains non-abstract method Method172
amaembo__streamex,UNSAT,InterfacePolicy,,Interface Class9 contains non-abstract method Method173
amaembo__streamex,UNSAT,InterfacePolicy,,Interface Class9 contains non-abstract method Method174
amaembo__streamex,UNSAT,InterfacePolicy,,Interface Class9 contains non-abstract method Method175
amaembo__streamex,UNSAT,InterfacePolicy,,Interface Class9 contains non-abstract method Method176
amaembo__streamex,UNSAT,InterfacePolicy,,Interface Class9 contains non-abstract method Method177
amaembo__streamex,UNSAT,InterfacePolicy,,Interface Class9 contains non-abstract method Method178
amaembo__streamex,UNSAT,InterfacePolicy,,Interface Class9 contains non-abstract method Method179
amaembo__streamex,UNSAT,InterfacePolicy,,Interface Class9 contains non-abstract method Method180
amaembo__streamex,UNSAT,InterfacePolicy,,Interface Class9 contains non-abstract method Method181
amaembo__streamex,UNSAT,InterfacePolicy,,Interface Class9 contains non-abstract method Method182
amaembo__streamex,UNSAT,InterfacePolicy,,Interface Class9 contains non-abstract method Method183
amaembo__streamex,UNSAT,InterfacePolicy,,Interface Class9 contains non-abstract method Method184
amaembo__streamex,UNSAT,InterfacePolicy,,Interface Class15 contains non-abstract method Method418
amaembo__streamex,UNSAT,InterfacePolicy,,Interface Class15 contains non-abstract method Method419
amaembo__streamex,UNSAT,InterfacePolicy,,Interface Class15 contains non-abstract method Method420
amaembo__streamex,UNSAT,InterfacePolicy,,Interface Class15 contains non-abstract method Method421
amaembo__streamex,UNSAT,InterfacePolicy,,Interface Class15 contains non-abstract method Method422
amaembo__streamex,UNSAT,InterfacePolicy,,Interface Class15 contains non-abstract method Method423
amaembo__streamex,UNSAT,InterfacePolicy,,Interface Class15 contains non-abstract method Method424
amaembo__streamex,UNSAT,InterfacePolicy,,Interface Class15 contains non-abstract method Method425
amaembo__streamex,UNSAT,InterfacePolicy,,Interface Class15 contains non-abstract method Method427
amaembo__streamex,UNSAT,InterfacePolicy,,Interface Class15 contains non-abstract method Method428
amaembo__streamex,UNSAT,InterfacePolicy,,Interface Class15 contains non-abstract method Method429
amaembo__streamex,UNSAT,InterfacePolicy,,Interface Class15 contains non-abstract method Method430
amaembo__streamex,UNSAT,InterfacePolicy,,Interface Class15 contains non-abstract method Method431
amaembo__streamex,UNSAT,InterfacePolicy,,Interface Class15 contains non-abstract method Method432
amaembo__streamex,UNSAT,InterfacePolicy,,Interface Class15 contains non-abstract method Method433
amaembo__streamex,UNSAT,InterfacePolicy,,Interface Class15 contains non-abstract method Method434
amaembo__streamex,UNSAT,InterfacePolicy,,Interface Class15 contains non-abstract method Method435
amaembo__streamex,UNSAT,InterfacePolicy,,Interface Class15 contains non-abstract method Method436
amaembo__streamex,UNSAT,InterfacePolicy,,Interface Class15 contains non-abstract method Method437
amaembo__streamex,UNSAT,InterfacePolicy,,Interface Class15 contains non-abstract method Method438
amaembo__streamex,UNSAT,InterfacePolicy,,Interface Class15 contains non-abstract method Method439
amaembo__streamex,UNSAT,InterfacePolicy,,Interface Class15 contains non-abstract method Method440
amaembo__streamex,UNSAT,InterfacePolicy,,Interface Class15 contains non-abstract method Method441
amaembo__streamex,UNSAT,InterfacePolicy,,Interface Class15 contains non-abstract method Method442
amaembo__streamex,UNSAT,InterfacePolicy,,Interface Class15 contains non-abstract method Method443
amaembo__streamex,UNSAT,InterfacePolicy,,Interface Class15 contains non-abstract method Method444
amaembo__streamex,UNSAT,InterfacePolicy,,Interface Class15 contains non-abstract method Method445
amaembo__streamex,UNSAT,InterfacePolicy,,Interface Class15 contains non-abstract method Method446
amaembo__streamex,UNSAT,InterfacePolicy,,Interface Class15 contains non-abstract method Method447
amaembo__streamex,UNSAT,InterfacePolicy,,Interface Class17 contains non-abstract method Method603
amaembo__streamex,UNSAT,InterfacePolicy,,Interface Class17 contains non-abstract method Method604
amaembo__streamex,UNSAT,InterfacePolicy,,Interface Class17 contains non-abstract method Method605
amaembo__streamex,UNSAT,InterfacePolicy,,Interface Class17 contains non-abstract method Method606
amaembo__streamex,UNSAT,InterfacePolicy,,Interface Class17 contains non-abstract method Method607
amaembo__streamex,UNSAT,InterfacePolicy,,Interface Class17 contains non-abstract method Method608
amaembo__streamex,UNSAT,InterfacePolicy,,Interface Class17 contains non-abstract method Method609
amaembo__streamex,UNSAT,InterfacePolicy,,Interface Class17 contains non-abstract method Method610
amaembo__streamex,UNSAT,InterfacePolicy,,Interface Class17 contains non-abstract method Method611
amaembo__streamex,UNSAT,InterfacePolicy,,Interface Class17 contains non-abstract method Method612
amaembo__streamex,UNSAT,InterfacePolicy,,Interface Class17 contains non-abstract method Method613
amaembo__streamex,UNSAT,InterfacePolicy,,Interface Class17 contains non-abstract method Method614
amaembo__streamex,UNSAT,InterfacePolicy,,Interface Class17 contains non-abstract method Method615
amaembo__streamex,UNSAT,InterfacePolicy,,Interface Class20 contains non-abstract method Method649
amaembo__streamex,UNSAT,InterfacePolicy,,Interface Class20 contains non-abstract method Method650
amaembo__streamex,UNSAT,InterfacePolicy,,Interface Class20 contains non-abstract method Method651
amaembo__streamex,UNSAT,InterfacePolicy,,Interface Class20 contains non-abstract method Method652
amaembo__streamex,UNSAT,InterfacePolicy,,Interface Class20 contains non-abstract method Method653
amaembo__streamex,UNSAT,InterfacePolicy,,Interface Class20 contains non-abstract method Method654
amaembo__streamex,UNSAT,InterfacePolicy,,Interface Class20 contains non-abstract method Method655
amaembo__streamex,UNSAT,InterfacePolicy,,Interface Class20 contains non-abstract method Method656
amaembo__streamex,UNSAT,InterfacePolicy,,Interface Class20 contains non-abstract method Method657
amaembo__streamex,UNSAT,InterfacePolicy,,Interface Class20 contains non-abstract method Method658
amaembo__streamex,UNSAT,InterfacePolicy,,Interface Class20 contains non-abstract method Method660
amaembo__streamex,UNSAT,InterfacePolicy,,Interface Class20 contains non-abstract method Method661
amaembo__streamex,UNSAT,InterfacePolicy,,Interface Class20 contains non-abstract method Method662
amaembo__streamex,UNSAT,InterfacePolicy,,Interface Class20 contains non-abstract method Method663
amaembo__streamex,UNSAT,InterfacePolicy,,Interface Class20 contains non-abstract method Method664
amaembo__streamex,UNSAT,InterfacePolicy,,Interface Class20 contains non-abstract method Method665
amaembo__streamex,UNSAT,InterfacePolicy,,Interface Class20 contains non-abstract method Method666
amaembo__streamex,UNSAT,InterfacePolicy,,Interface Class20 contains non-abstract method Method667
amaembo__streamex,UNSAT,InterfacePolicy,,Interface Class20 contains non-abstract method Method668
amaembo__streamex,UNSAT,InterfacePolicy,,Interface Class20 contains non-abstract method Method669
amaembo__streamex,UNSAT,InterfacePolicy,,Interface Class20 contains non-abstract method Method670
amaembo__streamex,UNSAT,InterfacePolicy,,Interface Class20 contains non-abstract method Method671
amaembo__streamex,UNSAT,InterfacePolicy,,Interface Class20 contains non-abstract method Method672
amaembo__streamex,UNSAT,InterfacePolicy,,Interface Class20 contains non-abstract method Method673
amaembo__streamex,UNSAT,InterfacePolicy,,Interface Class20 contains non-abstract method Method674
amaembo__streamex,UNSAT,InterfacePolicy,,Interface Class22 contains non-abstract method Method796
amaembo__streamex,UNSAT,InterfacePolicy,,Interface Class17 has field Field46
amaembo__streamex,UNSAT,InterfacePolicy,,Interface Class17 has field Field47
amaembo__streamex,UNSAT,InterfacePolicy,,Interface Class17 has field Field48
amaembo__streamex,UNSAT,InterfacePolicy,,Interface Class17 has field Field49
amaembo__streamex,UNSAT,InterfacePolicy,,Interface Class17 has field Field50
amaembo__streamex,UNSAT,InterfacePolicy,,Interface Class17 has field Field51
amaembo__streamex,UNSAT,InterfacePolicy,,Interface Class17 has field Field52
amaembo__streamex,UNSAT,InterfacePolicy,,Interface Class17 has field Field53
amaembo__streamex,UNSAT,InterfacePolicy,,Interface Class17 has field Field54
amaembo__streamex,UNSAT,InterfacePolicy,,Interface Class17 has field Field55
amaembo__streamex,UNSAT,InterfacePolicy,,Interface Class38 has field Field149
amaembo__streamex,UNSAT,LocalMethodNamespace,,"Duplicate method name 'reduceWithZero' in class Class0: Method72, Method73"
amitshekhariitbhu__Android-Debug-Database,SAT,,,All metamodel constraints hold
amitshekhariitbhu__Fast-Android-Networking,UNSAT,InterfacePolicy,,Interface Class8 has field Field97
amitshekhariitbhu__Fast-Android-Networking,UNSAT,InterfacePolicy,,Interface Class8 has field Field98
amitshekhariitbhu__Fast-Android-Networking,UNSAT,InterfacePolicy,,Interface Class8 has field Field99
amitshekhariitbhu__Fast-Android-Networking,UNSAT,InterfacePolicy,,Interface Class8 has field Field100
amitshekhariitbhu__Fast-Android-Networking,UNSAT,InterfacePolicy,,Interface Class8 has field Field101
amitshekhariitbhu__Fast-Android-Networking,UNSAT,InterfacePolicy,,Interface Class8 has field Field102
amitshekhariitbhu__Fast-Android-Networking,UNSAT,InterfacePolicy,,Interface Class8 has field Field103
amitshekhariitbhu__Fast-Android-Networking,UNSAT,InterfacePolicy,,Interface Class11 has field Field108
amitshekhariitbhu__Fast-Android-Networking,UNSAT,InterfacePolicy,,Interface Class11 has field Field109
amitshekhariitbhu__Fast-Android-Networking,UNSAT,InterfacePolicy,,Interface Class11 has field Field110
amitshekhariitbhu__Fast-Android-Networking,UNSAT,LocalMethodNamespace,,"Duplicate method name 'initialize' in class Class0: Method14, Method15"
apache__curator,UNSAT,InterfacePolicy,,Interface Class28 contains non-abstract method Method135
apache__curator,UNSAT,InterfacePolicy,,Interface Class41 contains non-abstract method Method221
apache__curator,UNSAT,InterfacePolicy,,Interface Class204 contains non-abstract method Method900
apache__curator,UNSAT,InterfacePolicy,,Interface Class224 contains non-abstract method Method1014
apache__curator,UNSAT,InterfacePolicy,,Interface Class224 contains non-abstract method Method1015
apache__curator,UNSAT,InterfacePolicy,,Interface Class224 contains non-abstract method Method1016
apache__curator,UNSAT,InterfacePolicy,,Interface Class225 contains non-abstract method Method1024
apache__curator,UNSAT,InterfacePolicy,,Interface Class232 contains non-abstract method Method1061
apache__curator,UNSAT,InterfacePolicy,,Interface Class232 contains non-abstract method Method1063
apache__curator,UNSAT,InterfacePolicy,,Interface Class235 contains non-abstract method Method1087
apache__curator,UNSAT,InterfacePolicy,,Interface Class235 contains non-abstract method Method1092
apache__curator,UNSAT,InterfacePolicy,,Interface Class327 contains non-abstract method Method1621
apache__curator,UNSAT,InterfacePolicy,,Interface Class328 contains non-abstract method Method1623
apache__curator,UNSAT,InterfacePolicy,,Interface Class328 contains non-abstract method Method1624
apache__curator,UNSAT,InterfacePolicy,,Interface Class378 contains non-abstract method Method1875
apache__curator,UNSAT,InterfacePolicy,,Interface Class379 contains non-abstract method Method1882
apache__curator,UNSAT,InterfacePolicy,,Interface Class381 contains non-abstract method Method1892
apache__curator,UNSAT,InterfacePolicy,,Interface Class437 contains non-abstract method Method2125
apache__curator,UNSAT,InterfacePolicy,,Interface Class440 contains non-abstract method Method2136
apache__curator,UNSAT,InterfacePolicy,,Interface Class440 contains non-abstract method Method2137
apache__curator,UNSAT,InterfacePolicy,,Interface Class442 contains non-abstract method Method2157
apache__curator,UNSAT,InterfacePolicy,,Interface Class442 contains non-abstract method Method2158
apache__curator,UNSAT,InterfacePolicy,,Interface Class442 contains non-abstract method Method2189
apache__curator,UNSAT,InterfacePolicy,,Interface Class445 contains non-abstract method Method2199
apache__curator,UNSAT,InterfacePolicy,,Interface Class446 contains non-abstract method Method2201
apache__curator,UNSAT,InterfacePolicy,,Interface Class447 contains non-abstract method Method2204
apache__curator,UNSAT,InterfacePolicy,,Interface Class447 contains non-abstract method Method2205
apache__curator,UNSAT,InterfacePolicy,,Interface Class448 contains non-abstract method Method2209
apache__curator,UNSAT,InterfacePolicy,,Interface Class448 contains non-abstract method Method2210
apache__curator,UNSAT,InterfacePolicy,,Interface Class448 contains non-abstract method Method2211
apache__curator,UNSAT,InterfacePolicy,,Interface Class448 contains non-abstract method Method2212
apache__curator,UNSAT,InterfacePolicy,,Interface Class448 contains non-abstract method Method2214
apache__curator,UNSAT,InterfacePolicy,,Interface Class448 contains non-abstract method Method2218
apache__curator,UNSAT,InterfacePolicy,,Interface Class448 contains non-abstract method Method2219
apache__curator,UNSAT,InterfacePolicy,,Interface Class448 contains non-abstract method Method2221
apache__curator,UNSAT,InterfacePolicy,,Interface Class448 contains non-abstract method Method2222
apache__curator,UNSAT,InterfacePolicy,,Interface Class448 contains non-abstract method Method2223
apache__curator,UNSAT,InterfacePolicy,,Interface Class448 contains non-abstract method Method2224
apache__curator,UNSAT,InterfacePolicy,,Interface Class451 contains non-abstract method Method2242
apache__curator,UNSAT,InterfacePolicy,,Interface Class451 contains non-abstract method Method2243
apache__curator,UNSAT,InterfacePolicy,,Interface Class451 contains non-abstract method Method2244
apache__curator,UNSAT,InterfacePolicy,,Interface Class460 contains non-abstract method Method2392
apache__curator,UNSAT,InterfacePolicy,,Interface Class460 contains non-abstract method Method2393
apache__curator,UNSAT,InterfacePolicy,,Interface Class461 contains non-abstract method Method2395
apache__curator,UNSAT,InterfacePolicy,,Interface Class461 contains non-abstract method Method2396
apache__curator,UNSAT,InterfacePolicy,,Interface Class462 contains non-abstract method Method2398
apache__curator,UNSAT,InterfacePolicy,,Interface Class462 contains non-abstract method Method2399
apache__curator,UNSAT,InterfacePolicy,,Interface Class463 contains non-abstract method Method2401
apache__curator,UNSAT,InterfacePolicy,,Interface Class463 contains non-abstract method Method2402
apache__curator,UNSAT,InterfacePolicy,,Interface Class464 contains non-abstract method Method2404
apache__curator,UNSAT,InterfacePolicy,,Interface Class464 contains non-abstract method Method2405
apache__curator,UNSAT,InterfacePolicy,,Interface Class465 contains non-abstract method Method2407
apache__curator,UNSAT,InterfacePolicy,,Interface Class465 contains non-abstract method Method2408
apache__curator,UNSAT,InterfacePolicy,,Interface Class466 contains non-abstract method Method2410
apache__curator,UNSAT,InterfacePolicy,,Interface Class466 contains non-abstract method Method2411
apache__curator,UNSAT,InterfacePolicy,,Interface Class467 contains non-abstract method Method2413
apache__curator,UNSAT,InterfacePolicy,,Interface Class467 contains non-abstract method Method2414
apache__curator,UNSAT,InterfacePolicy,,Interface Class468 contains non-abstract method Method2416
apache__curator,UNSAT,InterfacePolicy,,Interface Class468 contains non-abstract method Method2417
apache__curator,UNSAT,InterfacePolicy,,Interface Class469 contains non-abstract method Method2419
apache__curator,UNSAT,InterfacePolicy,,Interface Class469 contains non-abstract method Method2420
apache__curator,UNSAT,InterfacePolicy,,Interface Class470 contains non-abstract method Method2422
apache__curator,UNSAT,InterfacePolicy,,Interface Class470 contains non-abstract method Method2423
apache__curator,UNSAT,InterfacePolicy,,Interface Class471 contains non-abstract method Method2425
apache__curator,UNSAT,InterfacePolicy,,Interface Class471 contains non-abstract method Method2426
apache__curator,UNSAT,InterfacePolicy,,Interface Class472 contains non-abstract method Method2428
apache__curator,UNSAT,InterfacePolicy,,Interface Class472 contains non-abstract method Method2429
apache__curator,UNSAT,InterfacePolicy,,Interface Class473 contains non-abstract method Method2431
apache__curator,UNSAT,InterfacePolicy,,Interface Class473 contains non-abstract method Method2432
apache__curator,UNSAT,InterfacePolicy,,Interface Class474 contains non-abstract method Method2434
apache__curator,UNSAT,InterfacePolicy,,Interface Class474 contains non-abstract method Method2435
apache__curator,UNSAT,InterfacePolicy,,Interface Class475 contains non-abstract method Method2437
apache__curator,UNSAT,InterfacePolicy,,Interface Class475 contains non-abstract method Method2438
apache__curator,UNSAT,InterfacePolicy,,Interface Class476 contains non-abstract method Method2440
apache__curator,UNSAT,InterfacePolicy,,Interface Class476 contains non-abstract method Method2441
apache__curator,UNSAT,InterfacePolicy,,Interface Class477 contains non-abstract method Method2443
apache__curator,UNSAT,InterfacePolicy,,Interface Class477 contains non-abstract method Method2444
apache__curator,UNSAT,InterfacePolicy,,Interface Class478 contains non-abstract method Method2446
apache__curator,UNSAT,InterfacePolicy,,Interface Class478 contains non-abstract method Method2447
apache__curator,UNSAT,InterfacePolicy,,Interface Class479 contains non-abstract method Method2449
apache__curator,UNSAT,InterfacePolicy,,Interface Class479 contains non-abstract method Method2450
apache__curator,UNSAT,InterfacePolicy,,Interface Class480 contains non-abstract method Method2452
apache__curator,UNSAT,InterfacePolicy,,Interface Class480 contains non-abstract method Method2453
apache__curator,UNSAT,InterfacePolicy,,Interface Class481 contains non-abstract method Method2455
apache__curator,UNSAT,InterfacePolicy,,Interface Class481 contains non-abstract method Method2456
apache__curator,UNSAT,InterfacePolicy,,Interface Class482 contains non-abstract method Method2458
apache__curator,UNSAT,InterfacePolicy,,Interface Class482 contains non-abstract method Method2459
apache__curator,UNSAT,InterfacePolicy,,Interface Class483 contains non-abstract method Method2461
apache__curator,UNSAT,InterfacePolicy,,Interface Class483 contains non-abstract method Method2462
apache__curator,UNSAT,InterfacePolicy,,Interface Class484 contains non-abstract method Method2464
apache__curator,UNSAT,InterfacePolicy,,Interface Class484 contains non-abstract method Method2465
apache__curator,UNSAT,InterfacePolicy,,Interface Class485 contains non-abstract method Method2467
apache__curator,UNSAT,InterfacePolicy,,Interface Class485 contains non-abstract method Method2468
apache__curator,UNSAT,InterfacePolicy,,Interface Class486 contains non-abstract method Method2470
apache__curator,UNSAT,InterfacePolicy,,Interface Class486 contains non-abstract method Method2471
apache__curator,UNSAT,InterfacePolicy,,Interface Class487 contains non-abstract method Method2473
apache__curator,UNSAT,InterfacePolicy,,Interface Class487 contains non-abstract method Method2474
apache__curator,UNSAT,InterfacePolicy,,Interface Class488 contains non-abstract method Method2476
apache__curator,UNSAT,InterfacePolicy,,Interface Class488 contains non-abstract method Method2477
apache__curator,UNSAT,InterfacePolicy,,Interface Class489 contains non-abstract method Method2479
apache__curator,UNSAT,InterfacePolicy,,Interface Class489 contains non-abstract method Method2480
apache__curator,UNSAT,InterfacePolicy,,Interface Class490 contains non-abstract method Method2482
apache__curator,UNSAT,InterfacePolicy,,Interface Class490 contains non-abstract method Method2483
apache__curator,UNSAT,InterfacePolicy,,Interface Class491 contains non-abstract method Method2485
apache__curator,UNSAT,InterfacePolicy,,Interface Class491 contains non-abstract method Method2486
apache__curator,UNSAT,InterfacePolicy,,Interface Class492 contains non-abstract method Method2488
apache__curator,UNSAT,InterfacePolicy,,Interface Class492 contains non-abstract method Method2489
apache__curator,UNSAT,InterfacePolicy,,Interface Class493 contains non-abstract method Method2491
apache__curator,UNSAT,InterfacePolicy,,Interface Class493 contains non-abstract method Method2493
apache__curator,UNSAT,InterfacePolicy,,Interface Class328 has field Field796
apache__curator,UNSAT,InterfacePolicy,,Interface Class439 has field Field1053
apache__curator,UNSAT,InterfacePolicy,,Interface Class440 has field Field1054
apache__curator,UNSAT,InterfacePolicy,,Interface Class440 has field Field1055
apache__curator,UNSAT,InterfacePolicy,,Interface Class448 has field Field1071
apache__curator,UNSAT,LocalMethodNamespace,,"Duplicate method name 'watchedGetChildren' in class Class8: Method41, Method42"
apache__maven-mvnd,UNSAT,IdentifierIntegrity,,"Duplicate name 'org.mvndaemon.mvnd.test.multi.module.hello.Hello' used by: Class86, Class87, Class88, Class89"
apache__maven-mvnd,UNSAT,IdentifierIntegrity,,"Duplicate name 'org.mvndaemon.mvnd.test.multi.module.api.Greeting' used by: Class84, Class85"
apache__maven-mvnd,UNSAT,IdentifierIntegrity,,"Duplicate name 'org.mvndaemon.mvnd.test.multi.module.hi.Hi' used by: Class90, Class91"
apache__maven-mvnd,UNSAT,IdentifierIntegrity,,"Duplicate name 'org.mvndaemon.mvnd.test.upgrades.bom.hello.Hello' used by: Class97, Class98"
apache__maven-mvnd,UNSAT,IdentifierIntegrity,,"Duplicate name 'org.mvndaemon.mvnd.test.module.plugin.mojo.HelloMojo' used by: Class82, Class83"
apache__maven-mvnd,UNSAT,IdentifierIntegrity,,"Duplicate name 'org.mvndaemon.mvnd.test.single.module.Hello' used by: Class92, Class93"
apache__maven-mvnd,UNSAT,InterfacePolicy,,Interface Class23 contains non-abstract method Method79
apache__maven-mvnd,UNSAT,InterfacePolicy,,Interface Class29 contains non-abstract method Method166
apache__maven-mvnd,UNSAT,InterfacePolicy,,Interface Class58 contains non-abstract method Method387
apache__maven-mvnd,UNSAT,InterfacePolicy,,Interface Class58 contains non-abstract method Method389
apache__maven-mvnd,UNSAT,LocalMethodNamespace,,"Duplicate method name 'put' in class Class16: Method45, Method46"
AsyncHttpClient__async-http-client,UNSAT,InterfacePolicy,,Interface Class2 contains non-abstract method Method13
AsyncHttpClient__async-http-client,UNSAT,InterfacePolicy,,Interface Class2 contains non-abstract method Method14
AsyncHttpClient__async-http-client,UNSAT,InterfacePolicy,,Interface Class2 contains non-abstract method Method15
AsyncHttpClient__async-http-client,UNSAT,InterfacePolicy,,Interface Class2 contains non-abstract method Method17
AsyncHttpClient__async-http-client,UNSAT,InterfacePolicy,,Interface Class2 contains non-abstract method Method18
AsyncHttpClient__async-http-client,UNSAT,InterfacePolicy,,Interface Class2 contains non-abstract method Method19
AsyncHttpClient__async-http-client,UNSAT,InterfacePolicy,,Interface Class2 contains non-abstract method Method20
AsyncHttpClient__async-http-client,UNSAT,InterfacePolicy,,Interface Class2 contains non-abstract method Method21
AsyncHttpClient__async-http-client,UNSAT,InterfacePolicy,,Interface Class2 contains non-abstract method Method23
AsyncHttpClient__async-http-client,UNSAT,InterfacePolicy,,Interface Class2 contains non-abstract method Method24
AsyncHttpClient__async-http-client,UNSAT,InterfacePolicy,,Interface Class2 contains non-abstract method Method25
AsyncHttpClient__async-http-client,UNSAT,InterfacePolicy,,Interface Class2 contains non-abstract method Method27
AsyncHttpClient__async-http-client,UNSAT,InterfacePolicy,,Interface Class2 contains non-abstract method Method28
AsyncHttpClient__async-http-client,UNSAT,InterfacePolicy,,Interface Class2 contains non-abstract method Method29
AsyncHttpClient__async-http-client,UNSAT,InterfacePolicy,,Interface Class2 contains non-abstract method Method30
AsyncHttpClient__async-http-client,UNSAT,InterfacePolicy,,Interface Class4 contains non-abstract method Method54
AsyncHttpClient__async-http-client,UNSAT,InterfacePolicy,,Interface Class4 contains non-abstract method Method71
AsyncHttpClient__async-http-client,UNSAT,InterfacePolicy,,Interface Class4 contains non-abstract method Method72
AsyncHttpClient__async-http-client,UNSAT,InterfacePolicy,,Interface Class4 contains non-abstract method Method73
AsyncHttpClient__async-http-client,UNSAT,InterfacePolicy,,Interface Class4 contains non-abstract method Method74
AsyncHttpClient__async-http-client,UNSAT,InterfacePolicy,,Interface Class4 contains non-abstract method Method75
AsyncHttpClient__async-http-client,UNSAT,InterfacePolicy,,Interface Class4 contains non-abstract method Method76
AsyncHttpClient__async-http-client,UNSAT,InterfacePolicy,,Interface Class4 contains non-abstract method Method77
AsyncHttpClient__async-http-client,UNSAT,InterfacePolicy,,Interface Class4 contains non-abstract method Method86
AsyncHttpClient__async-http-client,UNSAT,InterfacePolicy,,Interface Class4 contains non-abstract method Method124
AsyncHttpClient__async-http-client,UNSAT,InterfacePolicy,,Interface Class4 contains non-abstract method Method125
AsyncHttpClient__async-http-client,UNSAT,InterfacePolicy,,Interface Class4 contains non-abstract method Method131
AsyncHttpClient__async-http-client,UNSAT,InterfacePolicy,,Interface Class20 contains non-abstract method Method403
AsyncHttpClient__async-http-client,UNSAT,InterfacePolicy,,Interface Class23 contains non-abstract method Method475
AsyncHttpClient__async-http-client,UNSAT,InterfacePolicy,,Interface Class25 contains non-abstract method Method492
AsyncHttpClient__async-http-client,UNSAT,InterfacePolicy,,Interface Class25 contains non-abstract method Method493
AsyncHttpClient__async-http-client,UNSAT,InterfacePolicy,,Interface Class25 contains non-abstract method Method495
AsyncHttpClient__async-http-client,UNSAT,InterfacePolicy,,Interface Class112 contains non-abstract method Method1083
AsyncHttpClient__async-http-client,UNSAT,InterfacePolicy,,Interface Class112 contains non-abstract method Method1085
AsyncHttpClient__async-http-client,UNSAT,InterfacePolicy,,Interface Class198 contains non-abstract method Method1582
AsyncHttpClient__async-http-client,UNSAT,InterfacePolicy,,Interface Class198 contains non-abstract method Method1586
AsyncHttpClient__async-http-client,UNSAT,InterfacePolicy,,Interface Class198 contains non-abstract method Method1587
AsyncHttpClient__async-http-client,UNSAT,InterfacePolicy,,Interface Class198 contains non-abstract method Method1588
AsyncHttpClient__async-http-client,UNSAT,InterfacePolicy,,Interface Class133 has field Field628
AsyncHttpClient__async-http-client,UNSAT,LocalMethodNamespace,,"Duplicate method name 'onCompleted' in class Class0: Method1, Method2"
auth0__java-jwt,UNSAT,InterfacePolicy,,Interface Class36 contains non-abstract method Method165
auth0__java-jwt,UNSAT,InterfacePolicy,,Interface Class43 contains non-abstract method Method193
auth0__java-jwt,UNSAT,InterfacePolicy,,Interface Class43 contains non-abstract method Method196
auth0__java-jwt,UNSAT,InterfacePolicy,,Interface Class43 contains non-abstract method Method199
auth0__java-jwt,UNSAT,InterfacePolicy,,Interface Class45 contains non-abstract method Method217
auth0__java-jwt,UNSAT,InterfacePolicy,,Interface Class45 contains non-abstract method Method221
auth0__java-jwt,UNSAT,LocalMethodNamespace,,"Duplicate method name 'verify' in class Class4: Method28, Method29"
awaitility__awaitility,UNSAT,InterfacePolicy,,Interface Class33 contains non-abstract method Method108
awaitility__awaitility,UNSAT,InterfacePolicy,,Interface Class33 contains non-abstract method Method110
awaitility__awaitility,UNSAT,InterfacePolicy,,Interface Class33 contains non-abstract method Method111
awaitility__awaitility,UNSAT,LocalMethodNamespace,,"Duplicate method name 'setDefaultFailFastCondition' in class Class0: Method19, Method20, Method21, Method22"
balysv__material-menu,SAT,,,All metamodel constraints hold
balysv__material-ripple,UNSAT,LocalMethodNamespace,,"Duplicate method name 'performRipple' in class Class0: Method19, Method20"
baomidou__dynamic-datasource,UNSAT,IdentifierIntegrity,,"Duplicate name 'com.baomidou.dynamic.datasource.check.SeataDataSourceProxyChecker' used by: Class11, Class12, Class13"
baomidou__dynamic-datasource,UNSAT,IdentifierIntegrity,,"Duplicate name 'com.baomidou.dynamic.datasource.processor.DsJakartaSessionProcessor' used by: Class78, Class79"
baomidou__dynamic-datasource,UNSAT,IdentifierIntegrity,,"Duplicate name 'com.baomidou.dynamic.datasource.spring.boot.autoconfigure.DynamicDataSourceAopConfiguration' used by: Class89, Class90, Class91"
baomidou__dynamic-datasource,UNSAT,IdentifierIntegrity,,"Duplicate name 'com.baomidou.dynamic.datasource.spring.boot.autoconfigure.DynamicDataSourcePoolMetricsAutoConfiguration' used by: Class97, Class98, Class99"
baomidou__dynamic-datasource,UNSAT,IdentifierIntegrity,,"Duplicate name 'com.baomidou.dynamic.datasource.spring.boot.autoconfigure.DynamicDataSourceAutoConfiguration' used by: Class93, Class94, Class95"
baomidou__dynamic-datasource,UNSAT,IdentifierIntegrity,,"Duplicate name 'com.baomidou.dynamic.datasource.spring.boot.autoconfigure.DruidDynamicDataSourceConfiguration' used by: Class87, Class88"
baomidou__dynamic-datasource,UNSAT,IdentifierIntegrity,,"Duplicate name 'com.baomidou.dynamic.datasource.processor.DsJakartaHeaderProcessor' used by: Class76, Class77"
baomidou__dynamic-datasource,UNSAT,InterfacePolicy,,Interface Class66 has field Field373
baomidou__dynamic-datasource,UNSAT,InterfacePolicy,,Interface Class66 has field Field374
baomidou__dynamic-datasource,UNSAT,InterfacePolicy,,Interface Class66 has field Field375
baomidou__dynamic-datasource,UNSAT,InterfacePolicy,,Interface Class66 has field Field376
baomidou__dynamic-datasource,UNSAT,InterfacePolicy,,Interface Class66 has field Field377
baomidou__dynamic-datasource,UNSAT,InterfacePolicy,,Interface Class66 has field Field378
baomidou__dynamic-datasource,UNSAT,InterfacePolicy,,Interface Class66 has field Field379
baomidou__dynamic-datasource,UNSAT,InterfacePolicy,,Interface Class66 has field Field380
baomidou__dynamic-datasource,UNSAT,InterfacePolicy,,Interface Class66 has field Field381
baomidou__dynamic-datasource,UNSAT,LocalMethodNamespace,,"Duplicate method name 'createDataSource' in class Class53: Method99, Method100"
bastillion-io__Bastillion,UNSAT,LocalMethodNamespace,,"Duplicate method name 'getProperty' in class Class2: Method6, Method7, Method8"
bethington__ghidra-mcp,UNSAT,InterfacePolicy,,Interface Class31 contains non-abstract method Method908
bethington__ghidra-mcp,UNSAT,InterfacePolicy,,Interface Class31 contains non-abstract method Method912
bethington__ghidra-mcp,UNSAT,InterfacePolicy,,Interface Class31 contains non-abstract method Method913
bethington__ghidra-mcp,UNSAT,InterfacePolicy,,Interface Class34 contains non-abstract method Method985
bethington__ghidra-mcp,UNSAT,InterfacePolicy,,Interface Class34 contains non-abstract method Method986
bethington__ghidra-mcp,UNSAT,InterfacePolicy,,Interface Class34 contains non-abstract method Method987
bethington__ghidra-mcp,UNSAT,InterfacePolicy,,Interface Class44 contains non-abstract method Method1111
bethington__ghidra-mcp,UNSAT,InterfacePolicy,,Interface Class44 contains non-abstract method Method1112
bethington__ghidra-mcp,UNSAT,InterfacePolicy,,Interface Class44 contains non-abstract method Method1114
bethington__ghidra-mcp,UNSAT,InterfacePolicy,,Interface Class44 contains non-abstract method Method1115
bethington__ghidra-mcp,UNSAT,LocalMethodNamespace,,"Duplicate method name 'deleteLabel' in class Class0: Method63, Method64"
binarywang__weixin-java-mp-demo,UNSAT,LocalMethodNamespace,,"Duplicate method name 'menuDelete' in class Class7: Method12, Method13"
bk138__droidVNC-NG,SAT,,,All metamodel constraints hold
bonigarcia__webdrivermanager,UNSAT,LocalMethodNamespace,,"Duplicate method name 'getDockerNoVncUrl' in class Class2: Method92, Method93"
bramp__ffmpeg-cli-wrapper,UNSAT,LocalMethodNamespace,,"Duplicate method name 'throwOnError' in class Class1: Method7, Method8"
ByronNote__MinimalistWeather,UNSAT,LocalMethodNamespace,,"Duplicate method name 'statusBarDarkMode' in class Class9: Method11, Method12"
bytedance__scene,UNSAT,LocalMethodNamespace,,"Duplicate method name 'startActivityForResult' in class Class0: Method4, Method5"
bytedeco__javacpp,UNSAT,LocalMethodNamespace,,"Duplicate method name 'get' in class Class0: Method2, Method3"
bytedeco__javacv,UNSAT,LocalMethodNamespace,,"Duplicate method name 'convert' in class Class1: Method22, Method23, Method24"
cabaletta__baritone,UNSAT,InterfacePolicy,,Interface Class83 contains non-abstract method Method529
cabaletta__baritone,UNSAT,InterfacePolicy,,Interface Class83 contains non-abstract method Method530
cabaletta__baritone,UNSAT,InterfacePolicy,,Interface Class83 contains non-abstract method Method531
cabaletta__baritone,UNSAT,InterfacePolicy,,Interface Class83 contains non-abstract method Method532
cabaletta__baritone,UNSAT,InterfacePolicy,,Interface Class83 contains non-abstract method Method533
cabaletta__baritone,UNSAT,InterfacePolicy,,Interface Class83 contains non-abstract method Method534
cabaletta__baritone,UNSAT,InterfacePolicy,,Interface Class83 contains non-abstract method Method535
cabaletta__baritone,UNSAT,InterfacePolicy,,Interface Class83 contains non-abstract method Method536
cabaletta__baritone,UNSAT,InterfacePolicy,,Interface Class83 contains non-abstract method Method537
cabaletta__baritone,UNSAT,InterfacePolicy,,Interface Class83 contains non-abstract method Method538
cabaletta__baritone,UNSAT,InterfacePolicy,,Interface Class83 contains non-abstract method Method539
cabaletta__baritone,UNSAT,InterfacePolicy,,Interface Class83 contains non-abstract method Method540
cabaletta__baritone,UNSAT,InterfacePolicy,,Interface Class83 contains non-abstract method Method541
cabaletta__baritone,UNSAT,InterfacePolicy,,Interface Class83 contains non-abstract method Method542
cabaletta__baritone,UNSAT,InterfacePolicy,,Interface Class83 contains non-abstract method Method543
cabaletta__baritone,UNSAT,InterfacePolicy,,Interface Class83 contains non-abstract method Method544
cabaletta__baritone,UNSAT,InterfacePolicy,,Interface Class83 contains non-abstract method Method545
cabaletta__baritone,UNSAT,InterfacePolicy,,Interface Class83 contains non-abstract method Method546
cabaletta__baritone,UNSAT,InterfacePolicy,,Interface Class83 contains non-abstract method Method547
cabaletta__baritone,UNSAT,InterfacePolicy,,Interface Class83 contains non-abstract method Method548
cabaletta__baritone,UNSAT,InterfacePolicy,,Interface Class83 contains non-abstract method Method549
cabaletta__baritone,UNSAT,InterfacePolicy,,Interface Class83 contains non-abstract method Method550
cabaletta__baritone,UNSAT,InterfacePolicy,,Interface Class83 contains non-abstract method Method551
cabaletta__baritone,UNSAT,InterfacePolicy,,Interface Class83 contains non-abstract method Method552
cabaletta__baritone,UNSAT,InterfacePolicy,,Interface Class83 contains non-abstract method Method553
cabaletta__baritone,UNSAT,InterfacePolicy,,Interface Class83 contains non-abstract method Method554
cabaletta__baritone,UNSAT,InterfacePolicy,,Interface Class83 contains non-abstract method Method555
cabaletta__baritone,UNSAT,InterfacePolicy,,Interface Class83 contains non-abstract method Method556
cabaletta__baritone,UNSAT,InterfacePolicy,,Interface Class83 contains non-abstract method Method557
cabaletta__baritone,UNSAT,InterfacePolicy,,Interface Class83 contains non-abstract method Method558
cabaletta__baritone,UNSAT,InterfacePolicy,,Interface Class83 contains non-abstract method Method559
cabaletta__baritone,UNSAT,InterfacePolicy,,Interface Class83 contains non-abstract method Method560
cabaletta__baritone,UNSAT,InterfacePolicy,,Interface Class83 contains non-abstract method Method561
cabaletta__baritone,UNSAT,InterfacePolicy,,Interface Class83 contains non-abstract method Method562
cabaletta__baritone,UNSAT,InterfacePolicy,,Interface Class83 contains non-abstract method Method563
cabaletta__baritone,UNSAT,InterfacePolicy,,Interface Class83 contains non-abstract method Method564
cabaletta__baritone,UNSAT,InterfacePolicy,,Interface Class83 contains non-abstract method Method565
cabaletta__baritone,UNSAT,InterfacePolicy,,Interface Class83 contains non-abstract method Method566
cabaletta__baritone,UNSAT,InterfacePolicy,,Interface Class83 contains non-abstract method Method567
cabaletta__baritone,UNSAT,InterfacePolicy,,Interface Class83 contains non-abstract method Method568
cabaletta__baritone,UNSAT,InterfacePolicy,,Interface Class83 contains non-abstract method Method569
cabaletta__baritone,UNSAT,InterfacePolicy,,Interface Class83 contains non-abstract method Method570
cabaletta__baritone,UNSAT,InterfacePolicy,,Interface Class83 contains non-abstract method Method571
cabaletta__baritone,UNSAT,InterfacePolicy,,Interface Class83 contains non-abstract method Method572
cabaletta__baritone,UNSAT,InterfacePolicy,,Interface Class83 contains non-abstract method Method573
cabaletta__baritone,UNSAT,InterfacePolicy,,Interface Class83 contains non-abstract method Method574
cabaletta__baritone,UNSAT,InterfacePolicy,,Interface Class83 contains non-abstract method Method575
cabaletta__baritone,UNSAT,InterfacePolicy,,Interface Class83 contains non-abstract method Method576
cabaletta__baritone,UNSAT,InterfacePolicy,,Interface Class83 contains non-abstract method Method577
cabaletta__baritone,UNSAT,InterfacePolicy,,Interface Class83 contains non-abstract method Method578
cabaletta__baritone,UNSAT,InterfacePolicy,,Interface Class83 contains non-abstract method Method579
cabaletta__baritone,UNSAT,InterfacePolicy,,Interface Class83 contains non-abstract method Method580
cabaletta__baritone,UNSAT,InterfacePolicy,,Interface Class83 contains non-abstract method Method581
cabaletta__baritone,UNSAT,InterfacePolicy,,Interface Class83 contains non-abstract method Method582
cabaletta__baritone,UNSAT,InterfacePolicy,,Interface Class83 contains non-abstract method Method583
cabaletta__baritone,UNSAT,InterfacePolicy,,Interface Class83 contains non-abstract method Method584
cabaletta__baritone,UNSAT,InterfacePolicy,,Interface Class129 contains non-abstract method Method990
cabaletta__baritone,UNSAT,InterfacePolicy,,Interface Class129 contains non-abstract method Method991
cabaletta__baritone,UNSAT,InterfacePolicy,,Interface Class129 contains non-abstract method Method992
cabaletta__baritone,UNSAT,InterfacePolicy,,Interface Class129 contains non-abstract method Method993
cabaletta__baritone,UNSAT,InterfacePolicy,,Interface Class129 contains non-abstract method Method994
cabaletta__baritone,UNSAT,InterfacePolicy,,Interface Class129 contains non-abstract method Method995
cabaletta__baritone,UNSAT,InterfacePolicy,,Interface Class129 contains non-abstract method Method996
cabaletta__baritone,UNSAT,InterfacePolicy,,Interface Class129 contains non-abstract method Method997
cabaletta__baritone,UNSAT,InterfacePolicy,,Interface Class129 contains non-abstract method Method998
cabaletta__baritone,UNSAT,InterfacePolicy,,Interface Class129 contains non-abstract method Method999
cabaletta__baritone,UNSAT,InterfacePolicy,,Interface Class129 has field Field478
cabaletta__baritone,UNSAT,InterfacePolicy,,Interface Class129 has field Field479
cabaletta__baritone,UNSAT,InterfacePolicy,,Interface Class129 has field Field480
cabaletta__baritone,UNSAT,InterfacePolicy,,Interface Class129 has field Field481
cabaletta__baritone,UNSAT,InterfacePolicy,,Interface Class129 has field Field482
cabaletta__baritone,UNSAT,InterfacePolicy,,Interface Class129 has field Field483
cabaletta__baritone,UNSAT,LocalMethodNamespace,,"Duplicate method name 'registerBehavior' in class Class0: Method22, Method23"
CappielloAntonio__tempo,UNSAT,InterfacePolicy,,Interface Class24 contains non-abstract method Method92
CappielloAntonio__tempo,UNSAT,InterfacePolicy,,Interface Class24 contains non-abstract method Method93
CappielloAntonio__tempo,UNSAT,InterfacePolicy,,Interface Class24 contains non-abstract method Method94
CappielloAntonio__tempo,UNSAT,InterfacePolicy,,Interface Class24 contains non-abstract method Method95
CappielloAntonio__tempo,UNSAT,InterfacePolicy,,Interface Class24 contains non-abstract method Method96
CappielloAntonio__tempo,UNSAT,InterfacePolicy,,Interface Class24 contains non-abstract method Method97
CappielloAntonio__tempo,UNSAT,InterfacePolicy,,Interface Class24 contains non-abstract method Method98
CappielloAntonio__tempo,UNSAT,InterfacePolicy,,Interface Class24 contains non-abstract method Method99
CappielloAntonio__tempo,UNSAT,InterfacePolicy,,Interface Class24 contains non-abstract method Method100
CappielloAntonio__tempo,UNSAT,InterfacePolicy,,Interface Class24 contains non-abstract method Method101
CappielloAntonio__tempo,UNSAT,InterfacePolicy,,Interface Class24 contains non-abstract method Method102
CappielloAntonio__tempo,UNSAT,InterfacePolicy,,Interface Class24 contains non-abstract method Method103
CappielloAntonio__tempo,UNSAT,InterfacePolicy,,Interface Class24 contains non-abstract method Method104
CappielloAntonio__tempo,UNSAT,InterfacePolicy,,Interface Class24 contains non-abstract method Method105
CappielloAntonio__tempo,UNSAT,InterfacePolicy,,Interface Class24 contains non-abstract method Method106
CappielloAntonio__tempo,UNSAT,InterfacePolicy,,Interface Class24 contains non-abstract method Method107
CappielloAntonio__tempo,UNSAT,InterfacePolicy,,Interface Class24 contains non-abstract method Method108
CappielloAntonio__tempo,UNSAT,InterfacePolicy,,Interface Class24 contains non-abstract method Method109
CappielloAntonio__tempo,UNSAT,InterfacePolicy,,Interface Class24 contains non-abstract method Method110
CappielloAntonio__tempo,UNSAT,InterfacePolicy,,Interface Class24 contains non-abstract method Method111
CappielloAntonio__tempo,UNSAT,InterfacePolicy,,Interface Class24 contains non-abstract method Method112
CappielloAntonio__tempo,UNSAT,InterfacePolicy,,Interface Class24 contains non-abstract method Method113
CappielloAntonio__tempo,UNSAT,InterfacePolicy,,Interface Class24 contains non-abstract method Method114
CappielloAntonio__tempo,UNSAT,InterfacePolicy,,Interface Class24 contains non-abstract method Method115
CappielloAntonio__tempo,UNSAT,InterfacePolicy,,Interface Class24 contains non-abstract method Method116
CappielloAntonio__tempo,UNSAT,InterfacePolicy,,Interface Class25 contains non-abstract method Method117
CappielloAntonio__tempo,UNSAT,InterfacePolicy,,Interface Class26 contains non-abstract method Method118
CappielloAntonio__tempo,UNSAT,InterfacePolicy,,Interface Class26 contains non-abstract method Method119
CappielloAntonio__tempo,UNSAT,InterfacePolicy,,Interface Class26 contains non-abstract method Method120
CappielloAntonio__tempo,UNSAT,InterfacePolicy,,Interface Class27 contains non-abstract method Method121
CappielloAntonio__tempo,UNSAT,InterfacePolicy,,Interface Class27 contains non-abstract method Method122
CappielloAntonio__tempo,UNSAT,InterfacePolicy,,Interface Class28 contains non-abstract method Method123
CappielloAntonio__tempo,UNSAT,InterfacePolicy,,Interface Class29 contains non-abstract method Method124
CappielloAntonio__tempo,UNSAT,InterfacePolicy,,Interface Class30 contains non-abstract method Method125
CappielloAntonio__tempo,UNSAT,InterfacePolicy,,Interface Class31 contains non-abstract method Method126
CappielloAntonio__tempo,UNSAT,InterfacePolicy,,Interface Class32 contains non-abstract method Method127
CappielloAntonio__tempo,UNSAT,InterfacePolicy,,Interface Class32 contains non-abstract method Method128
CappielloAntonio__tempo,UNSAT,InterfacePolicy,,Interface Class33 contains non-abstract method Method129
CappielloAntonio__tempo,UNSAT,InterfacePolicy,,Interface Class33 contains non-abstract method Method130
CappielloAntonio__tempo,UNSAT,InterfacePolicy,,Interface Class34 contains non-abstract method Method131
CappielloAntonio__tempo,UNSAT,InterfacePolicy,,Interface Class34 contains non-abstract method Method132
CappielloAntonio__tempo,UNSAT,LocalMethodNamespace,,"Duplicate method name 'get' in class Class10: Method53, Method54"
CellularPrivacy__Android-IMSI-Catcher-Detector,UNSAT,LocalMethodNamespace,,"Duplicate method name 'toHexString' in class Class36: Method67, Method68, Method69, Method70"
chengxy-nds__Springboot-Notebook,UNSAT,IdentifierIntegrity,,"Duplicate name 'com.dynamic.config.DynamicDataSource' used by: Class10, Class11"
chengxy-nds__Springboot-Notebook,UNSAT,IdentifierIntegrity,,"Duplicate name 'com.dynamic.aspect.DS' used by: Class2, Class3"
chengxy-nds__Springboot-Notebook,UNSAT,IdentifierIntegrity,,"Duplicate name 'com.springboot101.service.UserService' used by: Class185, Class186"
chengxy-nds__Springboot-Notebook,UNSAT,IdentifierIntegrity,,"Duplicate name 'com.springboot101.dto.UserDto' used by: Class131, Class132"
chengxy-nds__Springboot-Notebook,UNSAT,IdentifierIntegrity,,"Duplicate name 'com.dynamic.dao.DynamicDatasourceDataMapper' used by: Class14, Class15"
chengxy-nds__Springboot-Notebook,UNSAT,IdentifierIntegrity,,"Duplicate name 'com.shardingsphere_101.controller.OrderController' used by: Class25, Class26"
chengxy-nds__Springboot-Notebook,UNSAT,IdentifierIntegrity,,"Duplicate name 'com.springboot101.producer.IotMqttGateway' used by: Class169, Class170"
chengxy-nds__Springboot-Notebook,UNSAT,IdentifierIntegrity,,"Duplicate name 'com.dynamic.controller.DynamicSwitchController' used by: Class12, Class13"
chengxy-nds__Springboot-Notebook,UNSAT,IdentifierIntegrity,,"Duplicate name 'com.springboot101.po.User' used by: Class164, Class165, Class166, Class167"
chengxy-nds__Springboot-Notebook,UNSAT,IdentifierIntegrity,,"Duplicate name 'com.springboot101.controller.TestController' used by: Class103, Class104, Class105, Class106, Class107"
chengxy-nds__Springboot-Notebook,UNSAT,IdentifierIntegrity,,"Duplicate name 'com.springboot101.BaseApplication' used by: Class52, Class53"
chengxy-nds__Springboot-Notebook,UNSAT,IdentifierIntegrity,,"Duplicate name 'com.shardingsphere_101.dao.OrderMapper' used by: Class30, Class31, Class32"
chengxy-nds__Springboot-Notebook,UNSAT,IdentifierIntegrity,,"Duplicate name 'com.springboot101.config.IotMqttProducerConfig' used by: Class78, Class79"
chengxy-nds__Springboot-Notebook,UNSAT,IdentifierIntegrity,,"Duplicate name 'com.dynamic.entity.DynamicDatasourceData' used by: Class16, Class17"
chengxy-nds__Springboot-Notebook,UNSAT,IdentifierIntegrity,,"Duplicate name 'com.dynamic.config.DateSourceConfig' used by: Class8, Class9"
chengxy-nds__Springboot-Notebook,UNSAT,IdentifierIntegrity,,"Duplicate name 'com.dynamic.DynamicDatasourceApplication' used by: Class0, Class1"
chengxy-nds__Springboot-Notebook,UNSAT,IdentifierIntegrity,,"Duplicate name 'com.shardingsphere_101.entity.Order' used by: Class34, Class35, Class36"
chengxy-nds__Springboot-Notebook,UNSAT,IdentifierIntegrity,,"Duplicate name 'com.springboot101.Application' used by: Class49, Class50"
chengxy-nds__Springboot-Notebook,UNSAT,IdentifierIntegrity,,"Duplicate name 'com.springboot101.repository.UserRepository' used by: Class179, Class180"
chengxy-nds__Springboot-Notebook,UNSAT,IdentifierIntegrity,,"Duplicate name 'com.dynamic.config.DataSourceContextHolder' used by: Class6, Class7"
chengxy-nds__Springboot-Notebook,UNSAT,IdentifierIntegrity,,"Duplicate name 'com.shardingsphere_101.entity.User' used by: Class39, Class40"
chengxy-nds__Springboot-Notebook,UNSAT,IdentifierIntegrity,,"Duplicate name 'com.dynamic.aspect.DSAspect' used by: Class4, Class5"
chengxy-nds__Springboot-Notebook,UNSAT,IdentifierIntegrity,,"Duplicate name 'com.springboot101.config.MqttConfig' used by: Class80, Class81"
chengxy-nds__Springboot-Notebook,UNSAT,InterfacePolicy,,Interface Class135 has field Field156
chengxy-nds__Springboot-Notebook,UNSAT,InterfacePolicy,,Interface Class135 has field Field157
chengxy-nds__Springboot-Notebook,UNSAT,LocalMethodNamespace,,"Duplicate method name 'doSharding' in class Class24: Method40, Method41"
commonmark__commonmark-java,UNSAT,InterfacePolicy,,Interface Class150 contains non-abstract method Method660
commonmark__commonmark-java,UNSAT,InterfacePolicy,,Interface Class150 contains non-abstract method Method661
commonmark__commonmark-java,UNSAT,InterfacePolicy,,Interface Class150 contains non-abstract method Method662
commonmark__commonmark-java,UNSAT,InterfacePolicy,,Interface Class151 contains non-abstract method Method663
commonmark__commonmark-java,UNSAT,InterfacePolicy,,Interface Class151 contains non-abstract method Method664
commonmark__commonmark-java,UNSAT,InterfacePolicy,,Interface Class164 contains non-abstract method Method733
commonmark__commonmark-java,UNSAT,InterfacePolicy,,Interface Class164 contains non-abstract method Method734
commonmark__commonmark-java,UNSAT,LocalMethodNamespace,,"Duplicate method name 'extend' in class Class6: Method12, Method13, Method14"
coobird__thumbnailator,UNSAT,LocalMethodNamespace,,"Duplicate method name 'createThumbnail' in class Class1: Method17, Method18, Method19, Method20, Method21, Method22, Method23"
crazycodeboy__react-native-splash-screen,UNSAT,LocalMethodNamespace,,"Duplicate method name 'show' in class Class2: Method7, Method8, Method9"
cymcsg__UltimateRecyclerView,UNSAT,LocalMethodNamespace,,"Duplicate method name 'onCreateViewHolder' in class Class3: Method39, Method40"
Dar9586__NClientV2,UNSAT,LocalMethodNamespace,,"Duplicate method name 'showError' in class Class8: Method99, Method100"
davideas__FlexibleAdapter,UNSAT,LocalMethodNamespace,,"Duplicate method name 'getItem' in class Class8: Method152, Method153"
deltazefiro__Amarok-Hider,UNSAT,LocalMethodNamespace,,"Duplicate method name 'registerForActivityResult' in class Class48: Method246, Method247"
DerekYRC__mini-spring,UNSAT,InterfacePolicy,,Interface Class47 contains non-abstract method Method113
DerekYRC__mini-spring,UNSAT,LocalMethodNamespace,,"Duplicate method name 'matches' in class Class11: Method21, Method22"
DerekYRC__mini-spring-cloud,UNSAT,InterfacePolicy,,Interface Class25 has field Field24
DerekYRC__mini-spring-cloud,UNSAT,InterfacePolicy,,Interface Class25 has field Field25
DerekYRC__mini-spring-cloud,UNSAT,InterfacePolicy,,Interface Class25 has field Field26
DerekYRC__mini-spring-cloud,UNSAT,InterfacePolicy,,Interface Class25 has field Field27
DerekYRC__mini-spring-cloud,UNSAT,InterfacePolicy,,Interface Class25 has field Field28
DerekYRC__mini-spring-cloud,UNSAT,InterfacePolicy,,Interface Class25 has field Field29
DerekYRC__mini-spring-cloud,UNSAT,LocalMethodNamespace,,"Duplicate method name 'choose' in class Class8: Method20, Method21"
Dimezis__BlurView,UNSAT,InterfacePolicy,,Interface Class8 has field Field8
Dimezis__BlurView,UNSAT,InterfacePolicy,,Interface Class8 has field Field9
Dimezis__BlurView,UNSAT,LocalMethodNamespace,,"Duplicate method name 'setupWith' in class Class10: Method39, Method40, Method41"
DiUS__java-faker,UNSAT,LocalMethodNamespace,,"Duplicate method name 'streetAddress' in class Class0: Method17, Method18"
docker-java__docker-java,UNSAT,InterfacePolicy,,Interface Class4 contains non-abstract method Method187
docker-java__docker-java,UNSAT,InterfacePolicy,,Interface Class7 contains non-abstract method Method228
docker-java__docker-java,UNSAT,InterfacePolicy,,Interface Class17 contains non-abstract method Method353
docker-java__docker-java,UNSAT,InterfacePolicy,,Interface Class17 contains non-abstract method Method354
docker-java__docker-java,UNSAT,InterfacePolicy,,Interface Class17 contains non-abstract method Method355
docker-java__docker-java,UNSAT,InterfacePolicy,,Interface Class17 contains non-abstract method Method356
docker-java__docker-java,UNSAT,InterfacePolicy,,Interface Class17 contains non-abstract method Method357
docker-java__docker-java,UNSAT,InterfacePolicy,,Interface Class17 contains non-abstract method Method359
docker-java__docker-java,UNSAT,InterfacePolicy,,Interface Class17 contains non-abstract method Method360
docker-java__docker-java,UNSAT,InterfacePolicy,,Interface Class17 contains non-abstract method Method361
docker-java__docker-java,UNSAT,InterfacePolicy,,Interface Class17 contains non-abstract method Method362
docker-java__docker-java,UNSAT,InterfacePolicy,,Interface Class17 contains non-abstract method Method363
docker-java__docker-java,UNSAT,InterfacePolicy,,Interface Class17 contains non-abstract method Method364
docker-java__docker-java,UNSAT,InterfacePolicy,,Interface Class17 contains non-abstract method Method365
docker-java__docker-java,UNSAT,InterfacePolicy,,Interface Class17 contains non-abstract method Method370
docker-java__docker-java,UNSAT,InterfacePolicy,,Interface Class17 contains non-abstract method Method378
docker-java__docker-java,UNSAT,InterfacePolicy,,Interface Class17 contains non-abstract method Method379
docker-java__docker-java,UNSAT,InterfacePolicy,,Interface Class17 contains non-abstract method Method380
docker-java__docker-java,UNSAT,InterfacePolicy,,Interface Class17 contains non-abstract method Method382
docker-java__docker-java,UNSAT,InterfacePolicy,,Interface Class17 contains non-abstract method Method383
docker-java__docker-java,UNSAT,InterfacePolicy,,Interface Class17 contains non-abstract method Method385
docker-java__docker-java,UNSAT,InterfacePolicy,,Interface Class17 contains non-abstract method Method387
docker-java__docker-java,UNSAT,InterfacePolicy,,Interface Class17 contains non-abstract method Method388
docker-java__docker-java,UNSAT,InterfacePolicy,,Interface Class17 contains non-abstract method Method389
docker-java__docker-java,UNSAT,InterfacePolicy,,Interface Class17 contains non-abstract method Method390
docker-java__docker-java,UNSAT,InterfacePolicy,,Interface Class17 contains non-abstract method Method392
docker-java__docker-java,UNSAT,InterfacePolicy,,Interface Class17 contains non-abstract method Method393
docker-java__docker-java,UNSAT,InterfacePolicy,,Interface Class17 contains non-abstract method Method394
docker-java__docker-java,UNSAT,InterfacePolicy,,Interface Class17 contains non-abstract method Method395
docker-java__docker-java,UNSAT,InterfacePolicy,,Interface Class17 contains non-abstract method Method398
docker-java__docker-java,UNSAT,InterfacePolicy,,Interface Class17 contains non-abstract method Method401
docker-java__docker-java,UNSAT,InterfacePolicy,,Interface Class17 contains non-abstract method Method417
docker-java__docker-java,UNSAT,InterfacePolicy,,Interface Class17 contains non-abstract method Method418
docker-java__docker-java,UNSAT,InterfacePolicy,,Interface Class17 contains non-abstract method Method419
docker-java__docker-java,UNSAT,InterfacePolicy,,Interface Class17 contains non-abstract method Method420
docker-java__docker-java,UNSAT,InterfacePolicy,,Interface Class17 contains non-abstract method Method421
docker-java__docker-java,UNSAT,InterfacePolicy,,Interface Class17 contains non-abstract method Method422
docker-java__docker-java,UNSAT,InterfacePolicy,,Interface Class17 contains non-abstract method Method423
docker-java__docker-java,UNSAT,InterfacePolicy,,Interface Class17 contains non-abstract method Method424
docker-java__docker-java,UNSAT,InterfacePolicy,,Interface Class17 contains non-abstract method Method427
docker-java__docker-java,UNSAT,InterfacePolicy,,Interface Class17 contains non-abstract method Method428
docker-java__docker-java,UNSAT,InterfacePolicy,,Interface Class17 contains non-abstract method Method429
docker-java__docker-java,UNSAT,InterfacePolicy,,Interface Class17 contains non-abstract method Method430
docker-java__docker-java,UNSAT,InterfacePolicy,,Interface Class17 contains non-abstract method Method431
docker-java__docker-java,UNSAT,InterfacePolicy,,Interface Class17 contains non-abstract method Method432
docker-java__docker-java,UNSAT,InterfacePolicy,,Interface Class17 contains non-abstract method Method433
docker-java__docker-java,UNSAT,InterfacePolicy,,Interface Class17 contains non-abstract method Method434
docker-java__docker-java,UNSAT,InterfacePolicy,,Interface Class17 contains non-abstract method Method435
docker-java__docker-java,UNSAT,InterfacePolicy,,Interface Class17 contains non-abstract method Method436
docker-java__docker-java,UNSAT,InterfacePolicy,,Interface Class17 contains non-abstract method Method437
docker-java__docker-java,UNSAT,InterfacePolicy,,Interface Class17 contains non-abstract method Method445
docker-java__docker-java,UNSAT,InterfacePolicy,,Interface Class17 contains non-abstract method Method446
docker-java__docker-java,UNSAT,InterfacePolicy,,Interface Class17 contains non-abstract method Method454
docker-java__docker-java,UNSAT,InterfacePolicy,,Interface Class17 contains non-abstract method Method455
docker-java__docker-java,UNSAT,InterfacePolicy,,Interface Class17 contains non-abstract method Method456
docker-java__docker-java,UNSAT,InterfacePolicy,,Interface Class17 contains non-abstract method Method457
docker-java__docker-java,UNSAT,InterfacePolicy,,Interface Class17 contains non-abstract method Method458
docker-java__docker-java,UNSAT,InterfacePolicy,,Interface Class17 contains non-abstract method Method460
docker-java__docker-java,UNSAT,InterfacePolicy,,Interface Class17 contains non-abstract method Method461
docker-java__docker-java,UNSAT,InterfacePolicy,,Interface Class17 contains non-abstract method Method464
docker-java__docker-java,UNSAT,InterfacePolicy,,Interface Class17 contains non-abstract method Method466
docker-java__docker-java,UNSAT,InterfacePolicy,,Interface Class17 contains non-abstract method Method467
docker-java__docker-java,UNSAT,InterfacePolicy,,Interface Class17 contains non-abstract method Method469
docker-java__docker-java,UNSAT,InterfacePolicy,,Interface Class17 contains non-abstract method Method470
docker-java__docker-java,UNSAT,InterfacePolicy,,Interface Class17 contains non-abstract method Method471
docker-java__docker-java,UNSAT,InterfacePolicy,,Interface Class17 contains non-abstract method Method474
docker-java__docker-java,UNSAT,InterfacePolicy,,Interface Class17 contains non-abstract method Method475
docker-java__docker-java,UNSAT,InterfacePolicy,,Interface Class17 contains non-abstract method Method476
docker-java__docker-java,UNSAT,InterfacePolicy,,Interface Class17 contains non-abstract method Method477
docker-java__docker-java,UNSAT,InterfacePolicy,,Interface Class17 contains non-abstract method Method483
docker-java__docker-java,UNSAT,InterfacePolicy,,Interface Class17 contains non-abstract method Method484
docker-java__docker-java,UNSAT,InterfacePolicy,,Interface Class17 contains non-abstract method Method488
docker-java__docker-java,UNSAT,InterfacePolicy,,Interface Class17 contains non-abstract method Method489
docker-java__docker-java,UNSAT,InterfacePolicy,,Interface Class35 contains non-abstract method Method727
docker-java__docker-java,UNSAT,InterfacePolicy,,Interface Class74 contains non-abstract method Method993
docker-java__docker-java,UNSAT,InterfacePolicy,,Interface Class82 contains non-abstract method Method1051
docker-java__docker-java,UNSAT,InterfacePolicy,,Interface Class84 contains non-abstract method Method1069
docker-java__docker-java,UNSAT,InterfacePolicy,,Interface Class96 contains non-abstract method Method1131
docker-java__docker-java,UNSAT,InterfacePolicy,,Interface Class114 contains non-abstract method Method1258
docker-java__docker-java,UNSAT,InterfacePolicy,,Interface Class299 contains non-abstract method Method2656
docker-java__docker-java,UNSAT,InterfacePolicy,,Interface Class299 contains non-abstract method Method2658
docker-java__docker-java,UNSAT,LocalMethodNamespace,,"Duplicate method name 'buildImageCmd' in class Class0: Method3, Method4, Method5"
DreamCats__java-notes,SAT,,,All metamodel constraints hold
drewnoakes__metadata-extractor,UNSAT,LocalMethodNamespace,,"Duplicate method name 'detectFileType' in class Class1: Method5, Method6"
DroidPluginTeam__DroidPlugin,UNSAT,LocalMethodNamespace,,"Duplicate method name 'isStubInfoUsed' in class Class37: Method182, Method183, Method184"
dromara__dynamic-tp,UNSAT,IdentifierIntegrity,,"Duplicate name 'org.dromara.dynamictp.example.notifier.SmsNotifyConst' used by: Class358, Class359, Class360, Class361, Class362, Class363, Class364, Class365, Class366"
dromara__dynamic-tp,UNSAT,IdentifierIntegrity,,"Duplicate name 'org.dromara.dynamictp.example.wrapper.CustomTaskWrapper' used by: Class393, Class394, Class395, Class396, Class397, Class398, Class399, Class400, Class401"
dromara__dynamic-tp,UNSAT,IdentifierIntegrity,,"Duplicate name 'org.dromara.dynamictp.example.collector.EsCollector' used by: Class261, Class262, Class263, Class264, Class265, Class266, Class267, Class268, Class269"
dromara__dynamic-tp,UNSAT,IdentifierIntegrity,,"Duplicate name 'org.dromara.dynamictp.example.service.impl.TestServiceImpl' used by: Class380, Class381, Class382, Class383, Class384, Class385, Class386, Class387, Class388"
dromara__dynamic-tp,UNSAT,IdentifierIntegrity,,"Duplicate name 'org.dromara.dynamictp.example.interceptor.TestExecuteInterceptor' used by: Class321, Class322, Class323"
dromara__dynamic-tp,UNSAT,IdentifierIntegrity,,"Duplicate name 'org.dromara.dynamictp.common.constant.DynamicTpConst' used by: Class27, Class28, Class29"
dromara__dynamic-tp,UNSAT,IdentifierIntegrity,,"Duplicate name 'org.dromara.dynamictp.example.collector.EsClient' used by: Class252, Class253, Class254, Class255, Class256, Class257, Class258, Class259, Class260"
dromara__dynamic-tp,UNSAT,IdentifierIntegrity,,"Duplicate name 'org.dromara.dynamictp.example.dubbo.DubboUserService' used by: Class307, Class308, Class309, Class310, Class311"
dromara__dynamic-tp,UNSAT,IdentifierIntegrity,,"Duplicate name 'org.dromara.dynamictp.example.notifier.SmsNotifier' used by: Class349, Class350, Class351, Class352, Class353, Class354, Class355, Class356, Class357"
dromara__dynamic-tp,UNSAT,IdentifierIntegrity,,"Duplicate name 'org.dromara.dynamictp.example.notifier.SmsDtpNotifier' used by: Class340, Class341, Class342, Class343, Class344, Class345, Class346, Class347, Class348"
dromara__dynamic-tp,UNSAT,IdentifierIntegrity,,"Duplicate name 'org.dromara.dynamictp.example.service.TestService' used by: Class370, Class371, Class372, Class373, Class374, Class375, Class376, Class377, Class378"
dromara__dynamic-tp,UNSAT,IdentifierIntegrity,,"Duplicate name 'org.dromara.dynamictp.example.DubboExampleApplication' used by: Class226, Class227, Class228, Class229, Class230"
dromara__dynamic-tp,UNSAT,IdentifierIntegrity,,"Duplicate name 'org.dromara.dynamictp.jvmti.JVMTI' used by: Class415, Class416"
dromara__dynamic-tp,UNSAT,IdentifierIntegrity,,"Duplicate name 'org.dromara.dynamictp.example.controller.TestController' used by: Class280, Class281, Class282, Class283, Class284, Class285, Class286, Class287, Class288, Class289, Class290, Class291, Class292, Class293, Class294, Class295, Class296, Class297, Class298, Class299, Class300, Class301, Class302, Class303"
dromara__dynamic-tp,UNSAT,IdentifierIntegrity,,"Duplicate name 'org.dromara.dynamictp.example.notifier.SmsClient' used by: Class331, Class332, Class333, Class334, Class335, Class336, Class337, Class338, Class339"
dromara__dynamic-tp,UNSAT,IdentifierIntegrity,,"Duplicate name 'org.dromara.dynamictp.example.dubbo.DubboUserServiceImpl' used by: Class312, Class313, Class314, Class315, Class316"
dromara__dynamic-tp,UNSAT,IdentifierIntegrity,,"Duplicate name 'org.dromara.dynamictp.example.config.ThreadPoolConfiguration' used by: Class270, Class271, Class272, Class273, Class274, Class275, Class276, Class277, Class278"
dromara__dynamic-tp,UNSAT,InterfacePolicy,,Interface Class5 contains non-abstract method Method22
dromara__dynamic-tp,UNSAT,InterfacePolicy,,Interface Class5 contains non-abstract method Method23
dromara__dynamic-tp,UNSAT,InterfacePolicy,,Interface Class5 contains non-abstract method Method24
dromara__dynamic-tp,UNSAT,InterfacePolicy,,Interface Class83 contains non-abstract method Method225
dromara__dynamic-tp,UNSAT,InterfacePolicy,,Interface Class83 contains non-abstract method Method226
dromara__dynamic-tp,UNSAT,InterfacePolicy,,Interface Class118 contains non-abstract method Method390
dromara__dynamic-tp,UNSAT,InterfacePolicy,,Interface Class118 contains non-abstract method Method391
dromara__dynamic-tp,UNSAT,InterfacePolicy,,Interface Class118 contains non-abstract method Method392
dromara__dynamic-tp,UNSAT,InterfacePolicy,,Interface Class118 contains non-abstract method Method393
dromara__dynamic-tp,UNSAT,InterfacePolicy,,Interface Class118 contains non-abstract method Method394
dromara__dynamic-tp,UNSAT,InterfacePolicy,,Interface Class118 contains non-abstract method Method395
dromara__dynamic-tp,UNSAT,InterfacePolicy,,Interface Class118 contains non-abstract method Method396
dromara__dynamic-tp,UNSAT,InterfacePolicy,,Interface Class118 contains non-abstract method Method397
dromara__dynamic-tp,UNSAT,InterfacePolicy,,Interface Class118 contains non-abstract method Method398
dromara__dynamic-tp,UNSAT,InterfacePolicy,,Interface Class118 contains non-abstract method Method401
dromara__dynamic-tp,UNSAT,InterfacePolicy,,Interface Class118 contains non-abstract method Method402
dromara__dynamic-tp,UNSAT,InterfacePolicy,,Interface Class118 contains non-abstract method Method403
dromara__dynamic-tp,UNSAT,InterfacePolicy,,Interface Class118 contains non-abstract method Method404
dromara__dynamic-tp,UNSAT,InterfacePolicy,,Interface Class118 contains non-abstract method Method405
dromara__dynamic-tp,UNSAT,InterfacePolicy,,Interface Class118 contains non-abstract method Method406
dromara__dynamic-tp,UNSAT,InterfacePolicy,,Interface Class119 contains non-abstract method Method407
dromara__dynamic-tp,UNSAT,InterfacePolicy,,Interface Class119 contains non-abstract method Method408
dromara__dynamic-tp,UNSAT,InterfacePolicy,,Interface Class121 contains non-abstract method Method415
dromara__dynamic-tp,UNSAT,InterfacePolicy,,Interface Class122 contains non-abstract method Method416
dromara__dynamic-tp,UNSAT,InterfacePolicy,,Interface Class122 contains non-abstract method Method417
dromara__dynamic-tp,UNSAT,InterfacePolicy,,Interface Class170 contains non-abstract method Method718
dromara__dynamic-tp,UNSAT,InterfacePolicy,,Interface Class193 contains non-abstract method Method868
dromara__dynamic-tp,UNSAT,InterfacePolicy,,Interface Class193 contains non-abstract method Method869
dromara__dynamic-tp,UNSAT,InterfacePolicy,,Interface Class193 contains non-abstract method Method870
dromara__dynamic-tp,UNSAT,InterfacePolicy,,Interface Class193 contains non-abstract method Method872
dromara__dynamic-tp,UNSAT,InterfacePolicy,,Interface Class193 contains non-abstract method Method874
dromara__dynamic-tp,UNSAT,InterfacePolicy,,Interface Class193 contains non-abstract method Method875
dromara__dynamic-tp,UNSAT,InterfacePolicy,,Interface Class193 contains non-abstract method Method879
dromara__dynamic-tp,UNSAT,InterfacePolicy,,Interface Class193 contains non-abstract method Method880
dromara__dynamic-tp,UNSAT,InterfacePolicy,,Interface Class193 contains non-abstract method Method881
dromara__dynamic-tp,UNSAT,InterfacePolicy,,Interface Class193 contains non-abstract method Method882
dromara__dynamic-tp,UNSAT,InterfacePolicy,,Interface Class193 contains non-abstract method Method883
dromara__dynamic-tp,UNSAT,InterfacePolicy,,Interface Class193 contains non-abstract method Method884
dromara__dynamic-tp,UNSAT,InterfacePolicy,,Interface Class193 contains non-abstract method Method885
dromara__dynamic-tp,UNSAT,InterfacePolicy,,Interface Class193 contains non-abstract method Method886
dromara__dynamic-tp,UNSAT,InterfacePolicy,,Interface Class193 contains non-abstract method Method887
dromara__dynamic-tp,UNSAT,InterfacePolicy,,Interface Class193 contains non-abstract method Method888
dromara__dynamic-tp,UNSAT,InterfacePolicy,,Interface Class193 contains non-abstract method Method889
dromara__dynamic-tp,UNSAT,InterfacePolicy,,Interface Class193 contains non-abstract method Method890
dromara__dynamic-tp,UNSAT,InterfacePolicy,,Interface Class193 contains non-abstract method Method891
dromara__dynamic-tp,UNSAT,InterfacePolicy,,Interface Class193 contains non-abstract method Method893
dromara__dynamic-tp,UNSAT,InterfacePolicy,,Interface Class193 contains non-abstract method Method895
dromara__dynamic-tp,UNSAT,InterfacePolicy,,Interface Class196 contains non-abstract method Method922
dromara__dynamic-tp,UNSAT,InterfacePolicy,,Interface Class196 contains non-abstract method Method923
dromara__dynamic-tp,UNSAT,InterfacePolicy,,Interface Class197 contains non-abstract method Method927
dromara__dynamic-tp,UNSAT,InterfacePolicy,,Interface Class212 contains non-abstract method Method962
dromara__dynamic-tp,UNSAT,InterfacePolicy,,Interface Class134 has field Field391
dromara__dynamic-tp,UNSAT,InterfacePolicy,,Interface Class134 has field Field392
dromara__dynamic-tp,UNSAT,LocalMethodNamespace,,"Duplicate method name 'refresh' in class Class4: Method19, Method20"
dromara__x-file-storage,UNSAT,InterfacePolicy,,Interface Class9 contains non-abstract method Method138
dromara__x-file-storage,UNSAT,InterfacePolicy,,Interface Class9 contains non-abstract method Method139
dromara__x-file-storage,UNSAT,InterfacePolicy,,Interface Class9 contains non-abstract method Method140
dromara__x-file-storage,UNSAT,InterfacePolicy,,Interface Class9 contains non-abstract method Method141
dromara__x-file-storage,UNSAT,InterfacePolicy,,Interface Class9 contains non-abstract method Method142
dromara__x-file-storage,UNSAT,InterfacePolicy,,Interface Class10 contains non-abstract method Method144
dromara__x-file-storage,UNSAT,InterfacePolicy,,Interface Class10 contains non-abstract method Method145
dromara__x-file-storage,UNSAT,InterfacePolicy,,Interface Class10 contains non-abstract method Method146
dromara__x-file-storage,UNSAT,InterfacePolicy,,Interface Class10 contains non-abstract method Method147
dromara__x-file-storage,UNSAT,InterfacePolicy,,Interface Class10 contains non-abstract method Method148
dromara__x-file-storage,UNSAT,InterfacePolicy,,Interface Class10 contains non-abstract method Method150
dromara__x-file-storage,UNSAT,InterfacePolicy,,Interface Class10 contains non-abstract method Method151
dromara__x-file-storage,UNSAT,InterfacePolicy,,Interface Class10 contains non-abstract method Method152
dromara__x-file-storage,UNSAT,InterfacePolicy,,Interface Class10 contains non-abstract method Method153
dromara__x-file-storage,UNSAT,InterfacePolicy,,Interface Class10 contains non-abstract method Method154
dromara__x-file-storage,UNSAT,InterfacePolicy,,Interface Class10 contains non-abstract method Method155
dromara__x-file-storage,UNSAT,InterfacePolicy,,Interface Class26 contains non-abstract method Method248
dromara__x-file-storage,UNSAT,InterfacePolicy,,Interface Class26 contains non-abstract method Method249
dromara__x-file-storage,UNSAT,InterfacePolicy,,Interface Class26 contains non-abstract method Method250
dromara__x-file-storage,UNSAT,InterfacePolicy,,Interface Class26 contains non-abstract method Method251
dromara__x-file-storage,UNSAT,InterfacePolicy,,Interface Class26 contains non-abstract method Method252
dromara__x-file-storage,UNSAT,InterfacePolicy,,Interface Class26 contains non-abstract method Method253
dromara__x-file-storage,UNSAT,InterfacePolicy,,Interface Class26 contains non-abstract method Method254
dromara__x-file-storage,UNSAT,InterfacePolicy,,Interface Class26 contains non-abstract method Method255
dromara__x-file-storage,UNSAT,InterfacePolicy,,Interface Class26 contains non-abstract method Method256
dromara__x-file-storage,UNSAT,InterfacePolicy,,Interface Class26 contains non-abstract method Method257
dromara__x-file-storage,UNSAT,InterfacePolicy,,Interface Class26 contains non-abstract method Method258
dromara__x-file-storage,UNSAT,InterfacePolicy,,Interface Class26 contains non-abstract method Method259
dromara__x-file-storage,UNSAT,InterfacePolicy,,Interface Class26 contains non-abstract method Method260
dromara__x-file-storage,UNSAT,InterfacePolicy,,Interface Class26 contains non-abstract method Method261
dromara__x-file-storage,UNSAT,InterfacePolicy,,Interface Class26 contains non-abstract method Method262
dromara__x-file-storage,UNSAT,InterfacePolicy,,Interface Class26 contains non-abstract method Method263
dromara__x-file-storage,UNSAT,InterfacePolicy,,Interface Class26 contains non-abstract method Method264
dromara__x-file-storage,UNSAT,InterfacePolicy,,Interface Class26 contains non-abstract method Method265
dromara__x-file-storage,UNSAT,InterfacePolicy,,Interface Class26 contains non-abstract method Method266
dromara__x-file-storage,UNSAT,InterfacePolicy,,Interface Class26 contains non-abstract method Method267
dromara__x-file-storage,UNSAT,InterfacePolicy,,Interface Class26 contains non-abstract method Method268
dromara__x-file-storage,UNSAT,InterfacePolicy,,Interface Class26 contains non-abstract method Method269
dromara__x-file-storage,UNSAT,InterfacePolicy,,Interface Class26 contains non-abstract method Method270
dromara__x-file-storage,UNSAT,InterfacePolicy,,Interface Class26 contains non-abstract method Method271
dromara__x-file-storage,UNSAT,InterfacePolicy,,Interface Class26 contains non-abstract method Method272
dromara__x-file-storage,UNSAT,InterfacePolicy,,Interface Class26 contains non-abstract method Method273
dromara__x-file-storage,UNSAT,InterfacePolicy,,Interface Class26 contains non-abstract method Method274
dromara__x-file-storage,UNSAT,InterfacePolicy,,Interface Class26 contains non-abstract method Method275
dromara__x-file-storage,UNSAT,InterfacePolicy,,Interface Class77 contains non-abstract method Method401
dromara__x-file-storage,UNSAT,InterfacePolicy,,Interface Class77 contains non-abstract method Method402
dromara__x-file-storage,UNSAT,InterfacePolicy,,Interface Class77 contains non-abstract method Method408
dromara__x-file-storage,UNSAT,InterfacePolicy,,Interface Class77 contains non-abstract method Method409
dromara__x-file-storage,UNSAT,InterfacePolicy,,Interface Class78 contains non-abstract method Method412
dromara__x-file-storage,UNSAT,InterfacePolicy,,Interface Class99 contains non-abstract method Method518
dromara__x-file-storage,UNSAT,InterfacePolicy,,Interface Class99 contains non-abstract method Method519
dromara__x-file-storage,UNSAT,InterfacePolicy,,Interface Class99 contains non-abstract method Method520
dromara__x-file-storage,UNSAT,InterfacePolicy,,Interface Class99 contains non-abstract method Method521
dromara__x-file-storage,UNSAT,InterfacePolicy,,Interface Class99 contains non-abstract method Method522
dromara__x-file-storage,UNSAT,InterfacePolicy,,Interface Class99 contains non-abstract method Method524
dromara__x-file-storage,UNSAT,InterfacePolicy,,Interface Class99 contains non-abstract method Method525
dromara__x-file-storage,UNSAT,InterfacePolicy,,Interface Class99 contains non-abstract method Method526
dromara__x-file-storage,UNSAT,InterfacePolicy,,Interface Class99 contains non-abstract method Method527
dromara__x-file-storage,UNSAT,InterfacePolicy,,Interface Class99 contains non-abstract method Method528
dromara__x-file-storage,UNSAT,InterfacePolicy,,Interface Class99 contains non-abstract method Method529
dromara__x-file-storage,UNSAT,InterfacePolicy,,Interface Class99 contains non-abstract method Method530
dromara__x-file-storage,UNSAT,InterfacePolicy,,Interface Class99 contains non-abstract method Method531
dromara__x-file-storage,UNSAT,InterfacePolicy,,Interface Class99 contains non-abstract method Method532
dromara__x-file-storage,UNSAT,InterfacePolicy,,Interface Class99 contains non-abstract method Method533
dromara__x-file-storage,UNSAT,InterfacePolicy,,Interface Class99 contains non-abstract method Method534
dromara__x-file-storage,UNSAT,InterfacePolicy,,Interface Class99 contains non-abstract method Method535
dromara__x-file-storage,UNSAT,InterfacePolicy,,Interface Class116 contains non-abstract method Method749
dromara__x-file-storage,UNSAT,InterfacePolicy,,Interface Class116 contains non-abstract method Method750
dromara__x-file-storage,UNSAT,InterfacePolicy,,Interface Class116 contains non-abstract method Method751
dromara__x-file-storage,UNSAT,InterfacePolicy,,Interface Class116 contains non-abstract method Method756
dromara__x-file-storage,UNSAT,InterfacePolicy,,Interface Class116 contains non-abstract method Method757
dromara__x-file-storage,UNSAT,InterfacePolicy,,Interface Class116 contains non-abstract method Method758
dromara__x-file-storage,UNSAT,InterfacePolicy,,Interface Class116 contains non-abstract method Method760
dromara__x-file-storage,UNSAT,InterfacePolicy,,Interface Class116 contains non-abstract method Method761
dromara__x-file-storage,UNSAT,InterfacePolicy,,Interface Class116 contains non-abstract method Method762
dromara__x-file-storage,UNSAT,InterfacePolicy,,Interface Class116 contains non-abstract method Method763
dromara__x-file-storage,UNSAT,InterfacePolicy,,Interface Class116 contains non-abstract method Method764
dromara__x-file-storage,UNSAT,InterfacePolicy,,Interface Class116 contains non-abstract method Method765
dromara__x-file-storage,UNSAT,InterfacePolicy,,Interface Class116 contains non-abstract method Method766
dromara__x-file-storage,UNSAT,InterfacePolicy,,Interface Class116 contains non-abstract method Method767
dromara__x-file-storage,UNSAT,InterfacePolicy,,Interface Class116 contains non-abstract method Method768
dromara__x-file-storage,UNSAT,InterfacePolicy,,Interface Class116 contains non-abstract method Method769
dromara__x-file-storage,UNSAT,InterfacePolicy,,Interface Class116 contains non-abstract method Method770
dromara__x-file-storage,UNSAT,InterfacePolicy,,Interface Class116 contains non-abstract method Method771
dromara__x-file-storage,UNSAT,InterfacePolicy,,Interface Class116 contains non-abstract method Method772
dromara__x-file-storage,UNSAT,InterfacePolicy,,Interface Class116 contains non-abstract method Method773
dromara__x-file-storage,UNSAT,InterfacePolicy,,Interface Class116 contains non-abstract method Method775
dromara__x-file-storage,UNSAT,InterfacePolicy,,Interface Class116 contains non-abstract method Method777
dromara__x-file-storage,UNSAT,InterfacePolicy,,Interface Class116 contains non-abstract method Method778
dromara__x-file-storage,UNSAT,InterfacePolicy,,Interface Class117 contains non-abstract method Method779
dromara__x-file-storage,UNSAT,InterfacePolicy,,Interface Class117 contains non-abstract method Method782
dromara__x-file-storage,UNSAT,LocalMethodNamespace,,"Duplicate method name 'file' in class Class0: Method1, Method2"
dunwu__db-tutorial,UNSAT,InterfacePolicy,,Interface Class24 contains non-abstract method Method331
dunwu__db-tutorial,UNSAT,InterfacePolicy,,Interface Class24 contains non-abstract method Method347
dunwu__db-tutorial,UNSAT,InterfacePolicy,,Interface Class64 contains non-abstract method Method507
dunwu__db-tutorial,UNSAT,InterfacePolicy,,Interface Class75 contains non-abstract method Method550
dunwu__db-tutorial,UNSAT,InterfacePolicy,,Interface Class75 contains non-abstract method Method553
dunwu__db-tutorial,UNSAT,InterfacePolicy,,Interface Class75 contains non-abstract method Method554
dunwu__db-tutorial,UNSAT,InterfacePolicy,,Interface Class75 contains non-abstract method Method557
dunwu__db-tutorial,UNSAT,InterfacePolicy,,Interface Class76 contains non-abstract method Method560
dunwu__db-tutorial,UNSAT,InterfacePolicy,,Interface Class76 contains non-abstract method Method562
dunwu__db-tutorial,UNSAT,InterfacePolicy,,Interface Class76 contains non-abstract method Method564
dunwu__db-tutorial,UNSAT,InterfacePolicy,,Interface Class77 contains non-abstract method Method569
dunwu__db-tutorial,UNSAT,InterfacePolicy,,Interface Class77 contains non-abstract method Method573
dunwu__db-tutorial,UNSAT,InterfacePolicy,,Interface Class77 contains non-abstract method Method574
dunwu__db-tutorial,UNSAT,InterfacePolicy,,Interface Class77 contains non-abstract method Method577
dunwu__db-tutorial,UNSAT,InterfacePolicy,,Interface Class77 contains non-abstract method Method578
dunwu__db-tutorial,UNSAT,InterfacePolicy,,Interface Class78 contains non-abstract method Method579
dunwu__db-tutorial,UNSAT,InterfacePolicy,,Interface Class78 contains non-abstract method Method580
dunwu__db-tutorial,UNSAT,InterfacePolicy,,Interface Class78 contains non-abstract method Method581
dunwu__db-tutorial,UNSAT,InterfacePolicy,,Interface Class78 contains non-abstract method Method582
dunwu__db-tutorial,UNSAT,InterfacePolicy,,Interface Class78 contains non-abstract method Method583
dunwu__db-tutorial,UNSAT,InterfacePolicy,,Interface Class78 contains non-abstract method Method584
dunwu__db-tutorial,UNSAT,InterfacePolicy,,Interface Class78 contains non-abstract method Method585
dunwu__db-tutorial,UNSAT,InterfacePolicy,,Interface Class82 has field Field205
dunwu__db-tutorial,UNSAT,LocalMethodNamespace,,"Duplicate method name 'getArticles' in class Class1: Method3, Method4"
dunwu__javacore,UNSAT,IdentifierIntegrity,,"Duplicate name 'io.github.dunwu.javacore.javaagent.AppInit' used by: Class491, Class492"
dunwu__javacore,UNSAT,IdentifierIntegrity,,"Duplicate name 'io.github.dunwu.javacore.javaagent.AppMain' used by: Class493, Class494"
dunwu__javacore,UNSAT,IdentifierIntegrity,,"Duplicate name 'io.github.dunwu.javacore.javaagent.RunTimeAgent' used by: Class495, Class496"
dunwu__javacore,UNSAT,IdentifierIntegrity,,"Duplicate name 'io.github.dunwu.javacore.javaagent.RunTimeTransformer' used by: Class497, Class498"
dunwu__javacore,UNSAT,LocalMethodNamespace,,"Duplicate method name 'names' in class Class52: Method74, Method75"
eclipse-collections__eclipse-collections,UNSAT,InterfacePolicy,,Interface Class0 contains non-abstract method Method0
eclipse-collections__eclipse-collections,UNSAT,InterfacePolicy,,Interface Class1 contains non-abstract method Method21
eclipse-collections__eclipse-collections,UNSAT,InterfacePolicy,,Interface Class1 contains non-abstract method Method32
eclipse-collections__eclipse-collections,UNSAT,InterfacePolicy,,Interface Class1 contains non-abstract method Method33
eclipse-collections__eclipse-collections,UNSAT,InterfacePolicy,,Interface Class1 contains non-abstract method Method34
eclipse-collections__eclipse-collections,UNSAT,InterfacePolicy,,Interface Class1 contains non-abstract method Method35
eclipse-collections__eclipse-collections,UNSAT,InterfacePolicy,,Interface Class1 contains non-abstract method Method36
eclipse-collections__eclipse-collections,UNSAT,InterfacePolicy,,Interface Class2 contains non-abstract method Method45
eclipse-collections__eclipse-collections,UNSAT,InterfacePolicy,,Interface Class2 contains non-abstract method Method46
eclipse-collections__eclipse-collections,UNSAT,InterfacePolicy,,Interface Class2 contains non-abstract method Method64
eclipse-collections__eclipse-collections,UNSAT,InterfacePolicy,,Interface Class2 contains non-abstract method Method65
eclipse-collections__eclipse-collections,UNSAT,InterfacePolicy,,Interface Class2 contains non-abstract method Method66
eclipse-collections__eclipse-collections,UNSAT,InterfacePolicy,,Interface Class2 contains non-abstract method Method67
eclipse-collections__eclipse-collections,UNSAT,InterfacePolicy,,Interface Class2 contains non-abstract method Method85
eclipse-collections__eclipse-collections,UNSAT,InterfacePolicy,,Interface Class2 contains non-abstract method Method94
eclipse-collections__eclipse-collections,UNSAT,InterfacePolicy,,Interface Class3 contains non-abstract method Method102
eclipse-collections__eclipse-collections,UNSAT,InterfacePolicy,,Interface Class3 contains non-abstract method Method103
eclipse-collections__eclipse-collections,UNSAT,InterfacePolicy,,Interface Class3 contains non-abstract method Method105
eclipse-collections__eclipse-collections,UNSAT,InterfacePolicy,,Interface Class3 contains non-abstract method Method106
eclipse-collections__eclipse-collections,UNSAT,InterfacePolicy,,Interface Class3 contains non-abstract method Method107
eclipse-collections__eclipse-collections,UNSAT,InterfacePolicy,,Interface Class3 contains non-abstract method Method108
eclipse-collections__eclipse-collections,UNSAT,InterfacePolicy,,Interface Class3 contains non-abstract method Method109
eclipse-collections__eclipse-collections,UNSAT,InterfacePolicy,,Interface Class4 contains non-abstract method Method112
eclipse-collections__eclipse-collections,UNSAT,InterfacePolicy,,Interface Class4 contains non-abstract method Method113
eclipse-collections__eclipse-collections,UNSAT,InterfacePolicy,,Interface Class4 contains non-abstract method Method114
eclipse-collections__eclipse-collections,UNSAT,InterfacePolicy,,Interface Class4 contains non-abstract method Method119
eclipse-collections__eclipse-collections,UNSAT,InterfacePolicy,,Interface Class4 contains non-abstract method Method120
eclipse-collections__eclipse-collections,UNSAT,InterfacePolicy,,Interface Class4 contains non-abstract method Method127
eclipse-collections__eclipse-collections,UNSAT,InterfacePolicy,,Interface Class4 contains non-abstract method Method129
eclipse-collections__eclipse-collections,UNSAT,InterfacePolicy,,Interface Class4 contains non-abstract method Method131
eclipse-collections__eclipse-collections,UNSAT,InterfacePolicy,,Interface Class4 contains non-abstract method Method133
eclipse-collections__eclipse-collections,UNSAT,InterfacePolicy,,Interface Class4 contains non-abstract method Method135
eclipse-collections__eclipse-collections,UNSAT,InterfacePolicy,,Interface Class4 contains non-abstract method Method139
eclipse-collections__eclipse-collections,UNSAT,InterfacePolicy,,Interface Class4 contains non-abstract method Method141
eclipse-collections__eclipse-collections,UNSAT,InterfacePolicy,,Interface Class4 contains non-abstract method Method143
eclipse-collections__eclipse-collections,UNSAT,InterfacePolicy,,Interface Class4 contains non-abstract method Method150
eclipse-collections__eclipse-collections,UNSAT,InterfacePolicy,,Interface Class4 contains non-abstract method Method151
eclipse-collections__eclipse-collections,UNSAT,InterfacePolicy,,Interface Class4 contains non-abstract method Method152
eclipse-collections__eclipse-collections,UNSAT,InterfacePolicy,,Interface Class4 contains non-abstract method Method153
eclipse-collections__eclipse-collections,UNSAT,InterfacePolicy,,Interface Class4 contains non-abstract method Method154
eclipse-collections__eclipse-collections,UNSAT,InterfacePolicy,,Interface Class4 contains non-abstract method Method156
eclipse-collections__eclipse-collections,UNSAT,InterfacePolicy,,Interface Class4 contains non-abstract method Method157
eclipse-collections__eclipse-collections,UNSAT,InterfacePolicy,,Interface Class4 contains non-abstract method Method158
eclipse-collections__eclipse-collections,UNSAT,InterfacePolicy,,Interface Class4 contains non-abstract method Method159
eclipse-collections__eclipse-collections,UNSAT,InterfacePolicy,,Interface Class4 contains non-abstract method Method160
eclipse-collections__eclipse-collections,UNSAT,InterfacePolicy,,Interface Class4 contains non-abstract method Method161
eclipse-collections__eclipse-collections,UNSAT,InterfacePolicy,,Interface Class4 contains non-abstract method Method164
eclipse-collections__eclipse-collections,UNSAT,InterfacePolicy,,Interface Class4 contains non-abstract method Method172
eclipse-collections__eclipse-collections,UNSAT,InterfacePolicy,,Interface Class4 contains non-abstract method Method173
eclipse-collections__eclipse-collections,UNSAT,InterfacePolicy,,Interface Class4 contains non-abstract method Method174
eclipse-collections__eclipse-collections,UNSAT,InterfacePolicy,,Interface Class4 contains non-abstract method Method175
eclipse-collections__eclipse-collections,UNSAT,InterfacePolicy,,Interface Class4 contains non-abstract method Method176
eclipse-collections__eclipse-collections,UNSAT,InterfacePolicy,,Interface Class4 contains non-abstract method Method177
eclipse-collections__eclipse-collections,UNSAT,InterfacePolicy,,Interface Class4 contains non-abstract method Method178
eclipse-collections__eclipse-collections,UNSAT,InterfacePolicy,,Interface Class4 contains non-abstract method Method179
eclipse-collections__eclipse-collections,UNSAT,InterfacePolicy,,Interface Class4 contains non-abstract method Method180
eclipse-collections__eclipse-collections,UNSAT,InterfacePolicy,,Interface Class4 contains non-abstract method Method181
eclipse-collections__eclipse-collections,UNSAT,InterfacePolicy,,Interface Class4 contains non-abstract method Method182
eclipse-collections__eclipse-collections,UNSAT,InterfacePolicy,,Interface Class4 contains non-abstract method Method183
eclipse-collections__eclipse-collections,UNSAT,InterfacePolicy,,Interface Class4 contains non-abstract method Method186
eclipse-collections__eclipse-collections,UNSAT,InterfacePolicy,,Interface Class4 contains non-abstract method Method189
eclipse-collections__eclipse-collections,UNSAT,InterfacePolicy,,Interface Class4 contains non-abstract method Method199
eclipse-collections__eclipse-collections,UNSAT,InterfacePolicy,,Interface Class4 contains non-abstract method Method200
eclipse-collections__eclipse-collections,UNSAT,InterfacePolicy,,Interface Class4 contains non-abstract method Method201
eclipse-collections__eclipse-collections,UNSAT,InterfacePolicy,,Interface Class4 contains non-abstract method Method202
eclipse-collections__eclipse-collections,UNSAT,InterfacePolicy,,Interface Class4 contains non-abstract method Method205
eclipse-collections__eclipse-collections,UNSAT,InterfacePolicy,,Interface Class4 contains non-abstract method Method206
eclipse-collections__eclipse-collections,UNSAT,InterfacePolicy,,Interface Class4 contains non-abstract method Method207
eclipse-collections__eclipse-collections,UNSAT,InterfacePolicy,,Interface Class4 contains non-abstract method Method208
eclipse-collections__eclipse-collections,UNSAT,InterfacePolicy,,Interface Class4 contains non-abstract method Method212
eclipse-collections__eclipse-collections,UNSAT,InterfacePolicy,,Interface Class4 contains non-abstract method Method213
eclipse-collections__eclipse-collections,UNSAT,InterfacePolicy,,Interface Class4 contains non-abstract method Method214
eclipse-collections__eclipse-collections,UNSAT,InterfacePolicy,,Interface Class4 contains non-abstract method Method218
eclipse-collections__eclipse-collections,UNSAT,InterfacePolicy,,Interface Class4 contains non-abstract method Method219
eclipse-collections__eclipse-collections,UNSAT,InterfacePolicy,,Interface Class4 contains non-abstract method Method220
eclipse-collections__eclipse-collections,UNSAT,InterfacePolicy,,Interface Class4 contains non-abstract method Method223
eclipse-collections__eclipse-collections,UNSAT,InterfacePolicy,,Interface Class4 contains non-abstract method Method226
eclipse-collections__eclipse-collections,UNSAT,InterfacePolicy,,Interface Class4 contains non-abstract method Method227
eclipse-collections__eclipse-collections,UNSAT,InterfacePolicy,,Interface Class4 contains non-abstract method Method228
eclipse-collections__eclipse-collections,UNSAT,InterfacePolicy,,Interface Class4 contains non-abstract method Method229
eclipse-collections__eclipse-collections,UNSAT,InterfacePolicy,,Interface Class4 contains non-abstract method Method230
eclipse-collections__eclipse-collections,UNSAT,InterfacePolicy,,Interface Class4 contains non-abstract method Method249
eclipse-collections__eclipse-collections,UNSAT,InterfacePolicy,,Interface Class4 contains non-abstract method Method250
eclipse-collections__eclipse-collections,UNSAT,InterfacePolicy,,Interface Class4 contains non-abstract method Method251
eclipse-collections__eclipse-collections,UNSAT,InterfacePolicy,,Interface Class4 contains non-abstract method Method252
eclipse-collections__eclipse-collections,UNSAT,InterfacePolicy,,Interface Class4 contains non-abstract method Method254
eclipse-collections__eclipse-collections,UNSAT,InterfacePolicy,,Interface Class4 contains non-abstract method Method255
eclipse-collections__eclipse-collections,UNSAT,InterfacePolicy,,Interface Class4 contains non-abstract method Method258
eclipse-collections__eclipse-collections,UNSAT,InterfacePolicy,,Interface Class4 contains non-abstract method Method259
eclipse-collections__eclipse-collections,UNSAT,InterfacePolicy,,Interface Class4 contains non-abstract method Method260
eclipse-collections__eclipse-collections,UNSAT,InterfacePolicy,,Interface Class4 contains non-abstract method Method261
eclipse-collections__eclipse-collections,UNSAT,InterfacePolicy,,Interface Class4 contains non-abstract method Method262
eclipse-collections__eclipse-collections,UNSAT,InterfacePolicy,,Interface Class4 contains non-abstract method Method263
eclipse-collections__eclipse-collections,UNSAT,InterfacePolicy,,Interface Class4 contains non-abstract method Method264
eclipse-collections__eclipse-collections,UNSAT,InterfacePolicy,,Interface Class4 contains non-abstract method Method265
eclipse-collections__eclipse-collections,UNSAT,InterfacePolicy,,Interface Class4 contains non-abstract method Method266
eclipse-collections__eclipse-collections,UNSAT,InterfacePolicy,,Interface Class4 contains non-abstract method Method267
eclipse-collections__eclipse-collections,UNSAT,InterfacePolicy,,Interface Class4 contains non-abstract method Method268
eclipse-collections__eclipse-collections,UNSAT,InterfacePolicy,,Interface Class4 contains non-abstract method Method269
eclipse-collections__eclipse-collections,UNSAT,InterfacePolicy,,Interface Class4 contains non-abstract method Method270
eclipse-collections__eclipse-collections,UNSAT,InterfacePolicy,,Interface Class4 contains non-abstract method Method271
eclipse-collections__eclipse-collections,UNSAT,InterfacePolicy,,Interface Class4 contains non-abstract method Method274
eclipse-collections__eclipse-collections,UNSAT,InterfacePolicy,,Interface Class4 contains non-abstract method Method278
eclipse-collections__eclipse-collections,UNSAT,InterfacePolicy,,Interface Class4 contains non-abstract method Method279
eclipse-collections__eclipse-collections,UNSAT,InterfacePolicy,,Interface Class4 contains non-abstract method Method280
eclipse-collections__eclipse-collections,UNSAT,InterfacePolicy,,Interface Class4 contains non-abstract method Method281
eclipse-collections__eclipse-collections,UNSAT,InterfacePolicy,,Interface Class4 contains non-abstract method Method284
eclipse-collections__eclipse-collections,UNSAT,InterfacePolicy,,Interface Class4 contains non-abstract method Method287
eclipse-collections__eclipse-collections,UNSAT,InterfacePolicy,,Interface Class6 contains non-abstract method Method293
eclipse-collections__eclipse-collections,UNSAT,InterfacePolicy,,Interface Class6 contains non-abstract method Method298
eclipse-collections__eclipse-collections,UNSAT,InterfacePolicy,,Interface Class6 contains non-abstract method Method300
eclipse-collections__eclipse-collections,UNSAT,InterfacePolicy,,Interface Class6 contains non-abstract method Method310
eclipse-collections__eclipse-collections,UNSAT,InterfacePolicy,,Interface Class6 contains non-abstract method Method311
eclipse-collections__eclipse-collections,UNSAT,InterfacePolicy,,Interface Class6 contains non-abstract method Method312
eclipse-collections__eclipse-collections,UNSAT,InterfacePolicy,,Interface Class6 contains non-abstract method Method317
eclipse-collections__eclipse-collections,UNSAT,InterfacePolicy,,Interface Class6 contains non-abstract method Method322
eclipse-collections__eclipse-collections,UNSAT,InterfacePolicy,,Interface Class6 contains non-abstract method Method323
eclipse-collections__eclipse-collections,UNSAT,InterfacePolicy,,Interface Class6 contains non-abstract method Method324
eclipse-collections__eclipse-collections,UNSAT,InterfacePolicy,,Interface Class6 contains non-abstract method Method325
eclipse-collections__eclipse-collections,UNSAT,InterfacePolicy,,Interface Class7 contains non-abstract method Method345
eclipse-collections__eclipse-collections,UNSAT,InterfacePolicy,,Interface Class7 contains non-abstract method Method346
eclipse-collections__eclipse-collections,UNSAT,InterfacePolicy,,Interface Class7 contains non-abstract method Method347
eclipse-collections__eclipse-collections,UNSAT,InterfacePolicy,,Interface Class7 contains non-abstract method Method349
eclipse-collections__eclipse-collections,UNSAT,InterfacePolicy,,Interface Class7 contains non-abstract method Method362
eclipse-collections__eclipse-collections,UNSAT,InterfacePolicy,,Interface Class7 contains non-abstract method Method364
eclipse-collections__eclipse-collections,UNSAT,InterfacePolicy,,Interface Class7 contains non-abstract method Method367
eclipse-collections__eclipse-collections,UNSAT,InterfacePolicy,,Interface Class8 contains non-abstract method Method380
eclipse-collections__eclipse-collections,UNSAT,InterfacePolicy,,Interface Class9 contains non-abstract method Method388
eclipse-collections__eclipse-collections,UNSAT,InterfacePolicy,,Interface Class9 contains non-abstract method Method389
eclipse-collections__eclipse-collections,UNSAT,InterfacePolicy,,Interface Class9 contains non-abstract method Method390
eclipse-collections__eclipse-collections,UNSAT,InterfacePolicy,,Interface Class9 contains non-abstract method Method391
eclipse-collections__eclipse-collections,UNSAT,InterfacePolicy,,Interface Class9 contains non-abstract method Method394
eclipse-collections__eclipse-collections,UNSAT,InterfacePolicy,,Interface Class9 contains non-abstract method Method395
eclipse-collections__eclipse-collections,UNSAT,InterfacePolicy,,Interface Class9 contains non-abstract method Method396
eclipse-collections__eclipse-collections,UNSAT,InterfacePolicy,,Interface Class10 contains non-abstract method Method400
eclipse-collections__eclipse-collections,UNSAT,InterfacePolicy,,Interface Class10 contains non-abstract method Method401
eclipse-collections__eclipse-collections,UNSAT,InterfacePolicy,,Interface Class10 contains non-abstract method Method402
eclipse-collections__eclipse-collections,UNSAT,InterfacePolicy,,Interface Class10 contains non-abstract method Method403
eclipse-collections__eclipse-collections,UNSAT,InterfacePolicy,,Interface Class10 contains non-abstract method Method404
eclipse-collections__eclipse-collections,UNSAT,InterfacePolicy,,Interface Class10 contains non-abstract method Method406
eclipse-collections__eclipse-collections,UNSAT,InterfacePolicy,,Interface Class10 contains non-abstract method Method407
eclipse-collections__eclipse-collections,UNSAT,InterfacePolicy,,Interface Class10 contains non-abstract method Method408
eclipse-collections__eclipse-collections,UNSAT,InterfacePolicy,,Interface Class10 contains non-abstract method Method411
eclipse-collections__eclipse-collections,UNSAT,InterfacePolicy,,Interface Class10 contains non-abstract method Method412
eclipse-collections__eclipse-collections,UNSAT,InterfacePolicy,,Interface Class10 contains non-abstract method Method413
eclipse-collections__eclipse-collections,UNSAT,InterfacePolicy,,Interface Class10 contains non-abstract method Method415
eclipse-collections__eclipse-collections,UNSAT,InterfacePolicy,,Interface Class10 contains non-abstract method Method425
eclipse-collections__eclipse-collections,UNSAT,InterfacePolicy,,Interface Class10 contains non-abstract method Method427
eclipse-collections__eclipse-collections,UNSAT,InterfacePolicy,,Interface Class10 contains non-abstract method Method431
eclipse-collections__eclipse-collections,UNSAT,InterfacePolicy,,Interface Class10 contains non-abstract method Method433
eclipse-collections__eclipse-collections,UNSAT,InterfacePolicy,,Interface Class10 contains non-abstract method Method434
eclipse-collections__eclipse-collections,UNSAT,InterfacePolicy,,Interface Class10 contains non-abstract method Method435
eclipse-collections__eclipse-collections,UNSAT,InterfacePolicy,,Interface Class10 contains non-abstract method Method436
eclipse-collections__eclipse-collections,UNSAT,InterfacePolicy,,Interface Class10 contains non-abstract method Method437
eclipse-collections__eclipse-collections,UNSAT,InterfacePolicy,,Interface Class10 contains non-abstract method Method438
eclipse-collections__eclipse-collections,UNSAT,InterfacePolicy,,Interface Class11 contains non-abstract method Method453
eclipse-collections__eclipse-collections,UNSAT,InterfacePolicy,,Interface Class11 contains non-abstract method Method461
eclipse-collections__eclipse-collections,UNSAT,InterfacePolicy,,Interface Class11 contains non-abstract method Method462
eclipse-collections__eclipse-collections,UNSAT,InterfacePolicy,,Interface Class11 contains non-abstract method Method463
eclipse-collections__eclipse-collections,UNSAT,InterfacePolicy,,Interface Class11 contains non-abstract method Method464
eclipse-collections__eclipse-collections,UNSAT,InterfacePolicy,,Interface Class11 contains non-abstract method Method465
eclipse-collections__eclipse-collections,UNSAT,InterfacePolicy,,Interface Class11 contains non-abstract method Method466
eclipse-collections__eclipse-collections,UNSAT,InterfacePolicy,,Interface Class14 contains non-abstract method Method501
eclipse-collections__eclipse-collections,UNSAT,InterfacePolicy,,Interface Class14 contains non-abstract method Method509
eclipse-collections__eclipse-collections,UNSAT,InterfacePolicy,,Interface Class15 contains non-abstract method Method527
eclipse-collections__eclipse-collections,UNSAT,InterfacePolicy,,Interface Class15 contains non-abstract method Method529
eclipse-collections__eclipse-collections,UNSAT,InterfacePolicy,,Interface Class15 contains non-abstract method Method530
eclipse-collections__eclipse-collections,UNSAT,InterfacePolicy,,Interface Class15 contains non-abstract method Method531
eclipse-collections__eclipse-collections,UNSAT,InterfacePolicy,,Interface Class15 contains non-abstract method Method536
eclipse-collections__eclipse-collections,UNSAT,InterfacePolicy,,Interface Class15 contains non-abstract method Method549
eclipse-collections__eclipse-collections,UNSAT,InterfacePolicy,,Interface Class15 contains non-abstract method Method551
eclipse-collections__eclipse-collections,UNSAT,InterfacePolicy,,Interface Class15 contains non-abstract method Method556
eclipse-collections__eclipse-collections,UNSAT,InterfacePolicy,,Interface Class16 contains non-abstract method Method575
eclipse-collections__eclipse-collections,UNSAT,InterfacePolicy,,Interface Class16 contains non-abstract method Method577
eclipse-collections__eclipse-collections,UNSAT,InterfacePolicy,,Interface Class16 contains non-abstract method Method578
eclipse-collections__eclipse-collections,UNSAT,InterfacePolicy,,Interface Class16 contains non-abstract method Method579
eclipse-collections__eclipse-collections,UNSAT,InterfacePolicy,,Interface Class16 contains non-abstract method Method584
eclipse-collections__eclipse-collections,UNSAT,InterfacePolicy,,Interface Class16 contains non-abstract method Method595
eclipse-collections__eclipse-collections,UNSAT,InterfacePolicy,,Interface Class16 contains non-abstract method Method597
eclipse-collections__eclipse-collections,UNSAT,InterfacePolicy,,Interface Class16 contains non-abstract method Method602
eclipse-collections__eclipse-collections,UNSAT,InterfacePolicy,,Interface Class16 contains non-abstract method Method605
eclipse-collections__eclipse-collections,UNSAT,InterfacePolicy,,Interface Class16 contains non-abstract method Method606
eclipse-collections__eclipse-collections,UNSAT,InterfacePolicy,,Interface Class16 contains non-abstract method Method607
eclipse-collections__eclipse-collections,UNSAT,InterfacePolicy,,Interface Class16 contains non-abstract method Method608
eclipse-collections__eclipse-collections,UNSAT,InterfacePolicy,,Interface Class16 contains non-abstract method Method609
eclipse-collections__eclipse-collections,UNSAT,InterfacePolicy,,Interface Class16 contains non-abstract method Method610
eclipse-collections__eclipse-collections,UNSAT,InterfacePolicy,,Interface Class18 contains non-abstract method Method635
eclipse-collections__eclipse-collections,UNSAT,InterfacePolicy,,Interface Class18 contains non-abstract method Method642
eclipse-collections__eclipse-collections,UNSAT,InterfacePolicy,,Interface Class18 contains non-abstract method Method654
eclipse-collections__eclipse-collections,UNSAT,InterfacePolicy,,Interface Class20 contains non-abstract method Method687
eclipse-collections__eclipse-collections,UNSAT,InterfacePolicy,,Interface Class20 contains non-abstract method Method688
eclipse-collections__eclipse-collections,UNSAT,InterfacePolicy,,Interface Class20 contains non-abstract method Method689
eclipse-collections__eclipse-collections,UNSAT,InterfacePolicy,,Interface Class20 contains non-abstract method Method697
eclipse-collections__eclipse-collections,UNSAT,InterfacePolicy,,Interface Class20 contains non-abstract method Method702
eclipse-collections__eclipse-collections,UNSAT,InterfacePolicy,,Interface Class20 contains non-abstract method Method713
eclipse-collections__eclipse-collections,UNSAT,InterfacePolicy,,Interface Class21 contains non-abstract method Method724
eclipse-collections__eclipse-collections,UNSAT,InterfacePolicy,,Interface Class21 contains non-abstract method Method725
eclipse-collections__eclipse-collections,UNSAT,InterfacePolicy,,Interface Class21 contains non-abstract method Method737
eclipse-collections__eclipse-collections,UNSAT,InterfacePolicy,,Interface Class21 contains non-abstract method Method743
eclipse-collections__eclipse-collections,UNSAT,InterfacePolicy,,Interface Class21 contains non-abstract method Method755
eclipse-collections__eclipse-collections,UNSAT,InterfacePolicy,,Interface Class21 contains non-abstract method Method756
eclipse-collections__eclipse-collections,UNSAT,InterfacePolicy,,Interface Class26 contains non-abstract method Method769
eclipse-collections__eclipse-collections,UNSAT,InterfacePolicy,,Interface Class27 contains non-abstract method Method771
eclipse-collections__eclipse-collections,UNSAT,InterfacePolicy,,Interface Class28 contains non-abstract method Method773
eclipse-collections__eclipse-collections,UNSAT,InterfacePolicy,,Interface Class30 contains non-abstract method Method777
eclipse-collections__eclipse-collections,UNSAT,InterfacePolicy,,Interface Class31 contains non-abstract method Method779
eclipse-collections__eclipse-collections,UNSAT,InterfacePolicy,,Interface Class33 contains non-abstract method Method780
eclipse-collections__eclipse-collections,UNSAT,InterfacePolicy,,Interface Class34 contains non-abstract method Method782
eclipse-collections__eclipse-collections,UNSAT,InterfacePolicy,,Interface Class36 contains non-abstract method Method800
eclipse-collections__eclipse-collections,UNSAT,InterfacePolicy,,Interface Class36 contains non-abstract method Method801
eclipse-collections__eclipse-collections,UNSAT,InterfacePolicy,,Interface Class36 contains non-abstract method Method814
eclipse-collections__eclipse-collections,UNSAT,InterfacePolicy,,Interface Class36 contains non-abstract method Method815
eclipse-collections__eclipse-collections,UNSAT,InterfacePolicy,,Interface Class36 contains non-abstract method Method816
eclipse-collections__eclipse-collections,UNSAT,InterfacePolicy,,Interface Class36 contains non-abstract method Method818
eclipse-collections__eclipse-collections,UNSAT,InterfacePolicy,,Interface Class36 contains non-abstract method Method821
eclipse-collections__eclipse-collections,UNSAT,InterfacePolicy,,Interface Class36 contains non-abstract method Method826
eclipse-collections__eclipse-collections,UNSAT,InterfacePolicy,,Interface Class36 contains non-abstract method Method829
eclipse-collections__eclipse-collections,UNSAT,InterfacePolicy,,Interface Class36 contains non-abstract method Method835
eclipse-collections__eclipse-collections,UNSAT,InterfacePolicy,,Interface Class36 contains non-abstract method Method836
eclipse-collections__eclipse-collections,UNSAT,InterfacePolicy,,Interface Class37 contains non-abstract method Method845
eclipse-collections__eclipse-collections,UNSAT,InterfacePolicy,,Interface Class37 contains non-abstract method Method846
eclipse-collections__eclipse-collections,UNSAT,InterfacePolicy,,Interface Class37 contains non-abstract method Method850
eclipse-collections__eclipse-collections,UNSAT,InterfacePolicy,,Interface Class37 contains non-abstract method Method851
eclipse-collections__eclipse-collections,UNSAT,InterfacePolicy,,Interface Class37 contains non-abstract method Method852
eclipse-collections__eclipse-collections,UNSAT,InterfacePolicy,,Interface Class37 contains non-abstract method Method853
eclipse-collections__eclipse-collections,UNSAT,InterfacePolicy,,Interface Class37 contains non-abstract method Method854
eclipse-collections__eclipse-collections,UNSAT,InterfacePolicy,,Interface Class37 contains non-abstract method Method856
eclipse-collections__eclipse-collections,UNSAT,InterfacePolicy,,Interface Class37 contains non-abstract method Method857
eclipse-collections__eclipse-collections,UNSAT,InterfacePolicy,,Interface Class37 contains non-abstract method Method858
eclipse-collections__eclipse-collections,UNSAT,InterfacePolicy,,Interface Class37 contains non-abstract method Method860
eclipse-collections__eclipse-collections,UNSAT,InterfacePolicy,,Interface Class37 contains non-abstract method Method861
eclipse-collections__eclipse-collections,UNSAT,InterfacePolicy,,Interface Class37 contains non-abstract method Method862
eclipse-collections__eclipse-collections,UNSAT,InterfacePolicy,,Interface Class37 contains non-abstract method Method864
eclipse-collections__eclipse-collections,UNSAT,InterfacePolicy,,Interface Class37 contains non-abstract method Method867
eclipse-collections__eclipse-collections,UNSAT,InterfacePolicy,,Interface Class37 contains non-abstract method Method872
eclipse-collections__eclipse-collections,UNSAT,InterfacePolicy,,Interface Class37 contains non-abstract method Method888
eclipse-collections__eclipse-collections,UNSAT,InterfacePolicy,,Interface Class37 contains non-abstract method Method889
eclipse-collections__eclipse-collections,UNSAT,InterfacePolicy,,Interface Class50 contains non-abstract method Method903
eclipse-collections__eclipse-collections,UNSAT,InterfacePolicy,,Interface Class50 contains non-abstract method Method908
eclipse-collections__eclipse-collections,UNSAT,InterfacePolicy,,Interface Class50 contains non-abstract method Method909
eclipse-collections__eclipse-collections,UNSAT,InterfacePolicy,,Interface Class50 contains non-abstract method Method910
eclipse-collections__eclipse-collections,UNSAT,InterfacePolicy,,Interface Class50 contains non-abstract method Method911
eclipse-collections__eclipse-collections,UNSAT,InterfacePolicy,,Interface Class50 contains non-abstract method Method912
eclipse-collections__eclipse-collections,UNSAT,InterfacePolicy,,Interface Class50 contains non-abstract method Method917
eclipse-collections__eclipse-collections,UNSAT,InterfacePolicy,,Interface Class50 contains non-abstract method Method918
eclipse-collections__eclipse-collections,UNSAT,InterfacePolicy,,Interface Class50 contains non-abstract method Method919
eclipse-collections__eclipse-collections,UNSAT,InterfacePolicy,,Interface Class50 contains non-abstract method Method920
eclipse-collections__eclipse-collections,UNSAT,InterfacePolicy,,Interface Class50 contains non-abstract method Method921
eclipse-collections__eclipse-collections,UNSAT,InterfacePolicy,,Interface Class51 contains non-abstract method Method924
eclipse-collections__eclipse-collections,UNSAT,InterfacePolicy,,Interface Class51 contains non-abstract method Method925
eclipse-collections__eclipse-collections,UNSAT,InterfacePolicy,,Interface Class51 contains non-abstract method Method926
eclipse-collections__eclipse-collections,UNSAT,InterfacePolicy,,Interface Class51 contains non-abstract method Method927
eclipse-collections__eclipse-collections,UNSAT,InterfacePolicy,,Interface Class52 contains non-abstract method Method932
eclipse-collections__eclipse-collections,UNSAT,InterfacePolicy,,Interface Class52 contains non-abstract method Method933
eclipse-collections__eclipse-collections,UNSAT,InterfacePolicy,,Interface Class52 contains non-abstract method Method934
eclipse-collections__eclipse-collections,UNSAT,InterfacePolicy,,Interface Class52 contains non-abstract method Method935
eclipse-collections__eclipse-collections,UNSAT,InterfacePolicy,,Interface Class52 contains non-abstract method Method936
eclipse-collections__eclipse-collections,UNSAT,InterfacePolicy,,Interface Class52 contains non-abstract method Method937
eclipse-collections__eclipse-collections,UNSAT,InterfacePolicy,,Interface Class52 contains non-abstract method Method938
eclipse-collections__eclipse-collections,UNSAT,InterfacePolicy,,Interface Class52 contains non-abstract method Method939
eclipse-collections__eclipse-collections,UNSAT,InterfacePolicy,,Interface Class52 contains non-abstract method Method940
eclipse-collections__eclipse-collections,UNSAT,InterfacePolicy,,Interface Class52 contains non-abstract method Method941
eclipse-collections__eclipse-collections,UNSAT,InterfacePolicy,,Interface Class52 contains non-abstract method Method944
eclipse-collections__eclipse-collections,UNSAT,InterfacePolicy,,Interface Class52 contains non-abstract method Method945
eclipse-collections__eclipse-collections,UNSAT,InterfacePolicy,,Interface Class52 contains non-abstract method Method946
eclipse-collections__eclipse-collections,UNSAT,InterfacePolicy,,Interface Class52 contains non-abstract method Method947
eclipse-collections__eclipse-collections,UNSAT,InterfacePolicy,,Interface Class52 contains non-abstract method Method948
eclipse-collections__eclipse-collections,UNSAT,InterfacePolicy,,Interface Class52 contains non-abstract method Method949
eclipse-collections__eclipse-collections,UNSAT,InterfacePolicy,,Interface Class55 contains non-abstract method Method981
eclipse-collections__eclipse-collections,UNSAT,InterfacePolicy,,Interface Class59 contains non-abstract method Method1037
eclipse-collections__eclipse-collections,UNSAT,InterfacePolicy,,Interface Class59 contains non-abstract method Method1064
eclipse-collections__eclipse-collections,UNSAT,InterfacePolicy,,Interface Class59 contains non-abstract method Method1065
eclipse-collections__eclipse-collections,UNSAT,InterfacePolicy,,Interface Class60 contains non-abstract method Method1068
eclipse-collections__eclipse-collections,UNSAT,InterfacePolicy,,Interface Class60 contains non-abstract method Method1069
eclipse-collections__eclipse-collections,UNSAT,InterfacePolicy,,Interface Class60 contains non-abstract method Method1070
eclipse-collections__eclipse-collections,UNSAT,InterfacePolicy,,Interface Class60 contains non-abstract method Method1071
eclipse-collections__eclipse-collections,UNSAT,InterfacePolicy,,Interface Class60 contains non-abstract method Method1072
eclipse-collections__eclipse-collections,UNSAT,InterfacePolicy,,Interface Class61 contains non-abstract method Method1079
eclipse-collections__eclipse-collections,UNSAT,InterfacePolicy,,Interface Class61 contains non-abstract method Method1080
eclipse-collections__eclipse-collections,UNSAT,InterfacePolicy,,Interface Class61 contains non-abstract method Method1081
eclipse-collections__eclipse-collections,UNSAT,InterfacePolicy,,Interface Class61 contains non-abstract method Method1082
eclipse-collections__eclipse-collections,UNSAT,InterfacePolicy,,Interface Class61 contains non-abstract method Method1083
eclipse-collections__eclipse-collections,UNSAT,InterfacePolicy,,Interface Class61 contains non-abstract method Method1088
eclipse-collections__eclipse-collections,UNSAT,InterfacePolicy,,Interface Class69 contains non-abstract method Method1206
eclipse-collections__eclipse-collections,UNSAT,InterfacePolicy,,Interface Class71 contains non-abstract method Method1232
eclipse-collections__eclipse-collections,UNSAT,InterfacePolicy,,Interface Class72 contains non-abstract method Method1249
eclipse-collections__eclipse-collections,UNSAT,InterfacePolicy,,Interface Class72 contains non-abstract method Method1250
eclipse-collections__eclipse-collections,UNSAT,InterfacePolicy,,Interface Class72 contains non-abstract method Method1251
eclipse-collections__eclipse-collections,UNSAT,InterfacePolicy,,Interface Class72 contains non-abstract method Method1252
eclipse-collections__eclipse-collections,UNSAT,InterfacePolicy,,Interface Class72 contains non-abstract method Method1253
eclipse-collections__eclipse-collections,UNSAT,InterfacePolicy,,Interface Class73 contains non-abstract method Method1259
eclipse-collections__eclipse-collections,UNSAT,InterfacePolicy,,Interface Class73 contains non-abstract method Method1260
eclipse-collections__eclipse-collections,UNSAT,InterfacePolicy,,Interface Class73 contains non-abstract method Method1261
eclipse-collections__eclipse-collections,UNSAT,InterfacePolicy,,Interface Class73 contains non-abstract method Method1262
eclipse-collections__eclipse-collections,UNSAT,InterfacePolicy,,Interface Class73 contains non-abstract method Method1263
eclipse-collections__eclipse-collections,UNSAT,InterfacePolicy,,Interface Class77 contains non-abstract method Method1305
eclipse-collections__eclipse-collections,UNSAT,InterfacePolicy,,Interface Class78 contains non-abstract method Method1315
eclipse-collections__eclipse-collections,UNSAT,InterfacePolicy,,Interface Class79 contains non-abstract method Method1330
eclipse-collections__eclipse-collections,UNSAT,InterfacePolicy,,Interface Class79 contains non-abstract method Method1331
eclipse-collections__eclipse-collections,UNSAT,InterfacePolicy,,Interface Class79 contains non-abstract method Method1332
eclipse-collections__eclipse-collections,UNSAT,InterfacePolicy,,Interface Class79 contains non-abstract method Method1333
eclipse-collections__eclipse-collections,UNSAT,InterfacePolicy,,Interface Class79 contains non-abstract method Method1334
eclipse-collections__eclipse-collections,UNSAT,InterfacePolicy,,Interface Class79 contains non-abstract method Method1335
eclipse-collections__eclipse-collections,UNSAT,InterfacePolicy,,Interface Class80 contains non-abstract method Method1340
eclipse-collections__eclipse-collections,UNSAT,InterfacePolicy,,Interface Class80 contains non-abstract method Method1341
eclipse-collections__eclipse-collections,UNSAT,InterfacePolicy,,Interface Class81 contains non-abstract method Method1360
eclipse-collections__eclipse-collections,UNSAT,InterfacePolicy,,Interface Class81 contains non-abstract method Method1367
eclipse-collections__eclipse-collections,UNSAT,InterfacePolicy,,Interface Class81 contains non-abstract method Method1379
eclipse-collections__eclipse-collections,UNSAT,InterfacePolicy,,Interface Class81 contains non-abstract method Method1384
eclipse-collections__eclipse-collections,UNSAT,InterfacePolicy,,Interface Class81 contains non-abstract method Method1389
eclipse-collections__eclipse-collections,UNSAT,InterfacePolicy,,Interface Class82 contains non-abstract method Method1394
eclipse-collections__eclipse-collections,UNSAT,InterfacePolicy,,Interface Class82 contains non-abstract method Method1395
eclipse-collections__eclipse-collections,UNSAT,InterfacePolicy,,Interface Class82 contains non-abstract method Method1407
eclipse-collections__eclipse-collections,UNSAT,InterfacePolicy,,Interface Class82 contains non-abstract method Method1415
eclipse-collections__eclipse-collections,UNSAT,InterfacePolicy,,Interface Class82 contains non-abstract method Method1416
eclipse-collections__eclipse-collections,UNSAT,InterfacePolicy,,Interface Class82 contains non-abstract method Method1431
eclipse-collections__eclipse-collections,UNSAT,InterfacePolicy,,Interface Class82 contains non-abstract method Method1435
eclipse-collections__eclipse-collections,UNSAT,InterfacePolicy,,Interface Class83 contains non-abstract method Method1449
eclipse-collections__eclipse-collections,UNSAT,InterfacePolicy,,Interface Class83 contains non-abstract method Method1450
eclipse-collections__eclipse-collections,UNSAT,InterfacePolicy,,Interface Class83 contains non-abstract method Method1461
eclipse-collections__eclipse-collections,UNSAT,InterfacePolicy,,Interface Class83 contains non-abstract method Method1462
eclipse-collections__eclipse-collections,UNSAT,InterfacePolicy,,Interface Class83 contains non-abstract method Method1463
eclipse-collections__eclipse-collections,UNSAT,InterfacePolicy,,Interface Class83 contains non-abstract method Method1466
eclipse-collections__eclipse-collections,UNSAT,InterfacePolicy,,Interface Class83 contains non-abstract method Method1467
eclipse-collections__eclipse-collections,UNSAT,InterfacePolicy,,Interface Class84 contains non-abstract method Method1471
eclipse-collections__eclipse-collections,UNSAT,InterfacePolicy,,Interface Class84 contains non-abstract method Method1472
eclipse-collections__eclipse-collections,UNSAT,InterfacePolicy,,Interface Class84 contains non-abstract method Method1473
eclipse-collections__eclipse-collections,UNSAT,InterfacePolicy,,Interface Class84 contains non-abstract method Method1474
eclipse-collections__eclipse-collections,UNSAT,InterfacePolicy,,Interface Class84 contains non-abstract method Method1475
eclipse-collections__eclipse-collections,UNSAT,InterfacePolicy,,Interface Class84 contains non-abstract method Method1476
eclipse-collections__eclipse-collections,UNSAT,InterfacePolicy,,Interface Class84 contains non-abstract method Method1477
eclipse-collections__eclipse-collections,UNSAT,InterfacePolicy,,Interface Class84 contains non-abstract method Method1478
eclipse-collections__eclipse-collections,UNSAT,InterfacePolicy,,Interface Class84 contains non-abstract method Method1479
eclipse-collections__eclipse-collections,UNSAT,InterfacePolicy,,Interface Class84 contains non-abstract method Method1480
eclipse-collections__eclipse-collections,UNSAT,InterfacePolicy,,Interface Class84 contains non-abstract method Method1481
eclipse-collections__eclipse-collections,UNSAT,InterfacePolicy,,Interface Class84 contains non-abstract method Method1482
eclipse-collections__eclipse-collections,UNSAT,InterfacePolicy,,Interface Class84 contains non-abstract method Method1488
eclipse-collections__eclipse-collections,UNSAT,InterfacePolicy,,Interface Class84 contains non-abstract method Method1489
eclipse-collections__eclipse-collections,UNSAT,InterfacePolicy,,Interface Class84 contains non-abstract method Method1490
eclipse-collections__eclipse-collections,UNSAT,InterfacePolicy,,Interface Class84 contains non-abstract method Method1491
eclipse-collections__eclipse-collections,UNSAT,InterfacePolicy,,Interface Class84 contains non-abstract method Method1494
eclipse-collections__eclipse-collections,UNSAT,InterfacePolicy,,Interface Class84 contains non-abstract method Method1499
eclipse-collections__eclipse-collections,UNSAT,InterfacePolicy,,Interface Class84 contains non-abstract method Method1500
eclipse-collections__eclipse-collections,UNSAT,InterfacePolicy,,Interface Class84 contains non-abstract method Method1501
eclipse-collections__eclipse-collections,UNSAT,InterfacePolicy,,Interface Class84 contains non-abstract method Method1502
eclipse-collections__eclipse-collections,UNSAT,InterfacePolicy,,Interface Class84 contains non-abstract method Method1504
eclipse-collections__eclipse-collections,UNSAT,InterfacePolicy,,Interface Class84 contains non-abstract method Method1506
eclipse-collections__eclipse-collections,UNSAT,InterfacePolicy,,Interface Class84 contains non-abstract method Method1507
eclipse-collections__eclipse-collections,UNSAT,InterfacePolicy,,Interface Class84 contains non-abstract method Method1508
eclipse-collections__eclipse-collections,UNSAT,InterfacePolicy,,Interface Class84 contains non-abstract method Method1509
eclipse-collections__eclipse-collections,UNSAT,InterfacePolicy,,Interface Class84 contains non-abstract method Method1510
eclipse-collections__eclipse-collections,UNSAT,InterfacePolicy,,Interface Class84 contains non-abstract method Method1511
eclipse-collections__eclipse-collections,UNSAT,InterfacePolicy,,Interface Class84 contains non-abstract method Method1512
eclipse-collections__eclipse-collections,UNSAT,InterfacePolicy,,Interface Class84 contains non-abstract method Method1524
eclipse-collections__eclipse-collections,UNSAT,InterfacePolicy,,Interface Class84 contains non-abstract method Method1525
eclipse-collections__eclipse-collections,UNSAT,InterfacePolicy,,Interface Class84 contains non-abstract method Method1526
eclipse-collections__eclipse-collections,UNSAT,InterfacePolicy,,Interface Class84 contains non-abstract method Method1527
eclipse-collections__eclipse-collections,UNSAT,InterfacePolicy,,Interface Class84 contains non-abstract method Method1528
eclipse-collections__eclipse-collections,UNSAT,InterfacePolicy,,Interface Class84 contains non-abstract method Method1529
eclipse-collections__eclipse-collections,UNSAT,InterfacePolicy,,Interface Class84 contains non-abstract method Method1530
eclipse-collections__eclipse-collections,UNSAT,InterfacePolicy,,Interface Class84 contains non-abstract method Method1531
eclipse-collections__eclipse-collections,UNSAT,InterfacePolicy,,Interface Class84 contains non-abstract method Method1532
eclipse-collections__eclipse-collections,UNSAT,InterfacePolicy,,Interface Class84 contains non-abstract method Method1533
eclipse-collections__eclipse-collections,UNSAT,InterfacePolicy,,Interface Class86 contains non-abstract method Method1548
eclipse-collections__eclipse-collections,UNSAT,InterfacePolicy,,Interface Class86 contains non-abstract method Method1549
eclipse-collections__eclipse-collections,UNSAT,InterfacePolicy,,Interface Class86 contains non-abstract method Method1552
eclipse-collections__eclipse-collections,UNSAT,InterfacePolicy,,Interface Class86 contains non-abstract method Method1553
eclipse-collections__eclipse-collections,UNSAT,InterfacePolicy,,Interface Class87 contains non-abstract method Method1557
eclipse-collections__eclipse-collections,UNSAT,InterfacePolicy,,Interface Class87 contains non-abstract method Method1563
eclipse-collections__eclipse-collections,UNSAT,InterfacePolicy,,Interface Class87 contains non-abstract method Method1564
eclipse-collections__eclipse-collections,UNSAT,InterfacePolicy,,Interface Class88 contains non-abstract method Method1565
eclipse-collections__eclipse-collections,UNSAT,InterfacePolicy,,Interface Class88 contains non-abstract method Method1566
eclipse-collections__eclipse-collections,UNSAT,InterfacePolicy,,Interface Class88 contains non-abstract method Method1567
eclipse-collections__eclipse-collections,UNSAT,InterfacePolicy,,Interface Class88 contains non-abstract method Method1583
eclipse-collections__eclipse-collections,UNSAT,InterfacePolicy,,Interface Class88 contains non-abstract method Method1588
eclipse-collections__eclipse-collections,UNSAT,InterfacePolicy,,Interface Class88 contains non-abstract method Method1598
eclipse-collections__eclipse-collections,UNSAT,InterfacePolicy,,Interface Class89 contains non-abstract method Method1610
eclipse-collections__eclipse-collections,UNSAT,InterfacePolicy,,Interface Class89 contains non-abstract method Method1611
eclipse-collections__eclipse-collections,UNSAT,InterfacePolicy,,Interface Class89 contains non-abstract method Method1612
eclipse-collections__eclipse-collections,UNSAT,InterfacePolicy,,Interface Class89 contains non-abstract method Method1617
eclipse-collections__eclipse-collections,UNSAT,InterfacePolicy,,Interface Class89 contains non-abstract method Method1618
eclipse-collections__eclipse-collections,UNSAT,InterfacePolicy,,Interface Class89 contains non-abstract method Method1619
eclipse-collections__eclipse-collections,UNSAT,InterfacePolicy,,Interface Class89 contains non-abstract method Method1633
eclipse-collections__eclipse-collections,UNSAT,InterfacePolicy,,Interface Class90 contains non-abstract method Method1644
eclipse-collections__eclipse-collections,UNSAT,InterfacePolicy,,Interface Class90 contains non-abstract method Method1665
eclipse-collections__eclipse-collections,UNSAT,InterfacePolicy,,Interface Class91 contains non-abstract method Method1699
eclipse-collections__eclipse-collections,UNSAT,InterfacePolicy,,Interface Class91 contains non-abstract method Method1710
eclipse-collections__eclipse-collections,UNSAT,InterfacePolicy,,Interface Class91 contains non-abstract method Method1718
eclipse-collections__eclipse-collections,UNSAT,InterfacePolicy,,Interface Class91 contains non-abstract method Method1721
eclipse-collections__eclipse-collections,UNSAT,InterfacePolicy,,Interface Class91 contains non-abstract method Method1724
eclipse-collections__eclipse-collections,UNSAT,InterfacePolicy,,Interface Class91 contains non-abstract method Method1727
eclipse-collections__eclipse-collections,UNSAT,InterfacePolicy,,Interface Class91 contains non-abstract method Method1728
eclipse-collections__eclipse-collections,UNSAT,InterfacePolicy,,Interface Class92 contains non-abstract method Method1733
eclipse-collections__eclipse-collections,UNSAT,InterfacePolicy,,Interface Class92 contains non-abstract method Method1734
eclipse-collections__eclipse-collections,UNSAT,InterfacePolicy,,Interface Class92 contains non-abstract method Method1735
eclipse-collections__eclipse-collections,UNSAT,InterfacePolicy,,Interface Class92 contains non-abstract method Method1755
eclipse-collections__eclipse-collections,UNSAT,InterfacePolicy,,Interface Class92 contains non-abstract method Method1760
eclipse-collections__eclipse-collections,UNSAT,InterfacePolicy,,Interface Class92 contains non-abstract method Method1764
eclipse-collections__eclipse-collections,UNSAT,InterfacePolicy,,Interface Class92 contains non-abstract method Method1776
eclipse-collections__eclipse-collections,UNSAT,InterfacePolicy,,Interface Class92 contains non-abstract method Method1777
eclipse-collections__eclipse-collections,UNSAT,InterfacePolicy,,Interface Class93 contains non-abstract method Method1782
eclipse-collections__eclipse-collections,UNSAT,InterfacePolicy,,Interface Class93 contains non-abstract method Method1783
eclipse-collections__eclipse-collections,UNSAT,InterfacePolicy,,Interface Class93 contains non-abstract method Method1784
eclipse-collections__eclipse-collections,UNSAT,InterfacePolicy,,Interface Class93 contains non-abstract method Method1785
eclipse-collections__eclipse-collections,UNSAT,InterfacePolicy,,Interface Class93 contains non-abstract method Method1794
eclipse-collections__eclipse-collections,UNSAT,InterfacePolicy,,Interface Class93 contains non-abstract method Method1795
eclipse-collections__eclipse-collections,UNSAT,InterfacePolicy,,Interface Class93 contains non-abstract method Method1796
eclipse-collections__eclipse-collections,UNSAT,InterfacePolicy,,Interface Class93 contains non-abstract method Method1801
eclipse-collections__eclipse-collections,UNSAT,InterfacePolicy,,Interface Class93 contains non-abstract method Method1802
eclipse-collections__eclipse-collections,UNSAT,InterfacePolicy,,Interface Class93 contains non-abstract method Method1803
eclipse-collections__eclipse-collections,UNSAT,InterfacePolicy,,Interface Class93 contains non-abstract method Method1804
eclipse-collections__eclipse-collections,UNSAT,InterfacePolicy,,Interface Class93 contains non-abstract method Method1805
eclipse-collections__eclipse-collections,UNSAT,InterfacePolicy,,Interface Class93 contains non-abstract method Method1806
eclipse-collections__eclipse-collections,UNSAT,InterfacePolicy,,Interface Class93 contains non-abstract method Method1813
eclipse-collections__eclipse-collections,UNSAT,InterfacePolicy,,Interface Class93 contains non-abstract method Method1814
eclipse-collections__eclipse-collections,UNSAT,InterfacePolicy,,Interface Class93 contains non-abstract method Method1815
eclipse-collections__eclipse-collections,UNSAT,InterfacePolicy,,Interface Class93 contains non-abstract method Method1819
eclipse-collections__eclipse-collections,UNSAT,InterfacePolicy,,Interface Class93 contains non-abstract method Method1820
eclipse-collections__eclipse-collections,UNSAT,InterfacePolicy,,Interface Class93 contains non-abstract method Method1832
eclipse-collections__eclipse-collections,UNSAT,InterfacePolicy,,Interface Class93 contains non-abstract method Method1833
eclipse-collections__eclipse-collections,UNSAT,InterfacePolicy,,Interface Class93 contains non-abstract method Method1837
eclipse-collections__eclipse-collections,UNSAT,InterfacePolicy,,Interface Class93 contains non-abstract method Method1838
eclipse-collections__eclipse-collections,UNSAT,InterfacePolicy,,Interface Class94 contains non-abstract method Method1843
eclipse-collections__eclipse-collections,UNSAT,InterfacePolicy,,Interface Class94 contains non-abstract method Method1844
eclipse-collections__eclipse-collections,UNSAT,InterfacePolicy,,Interface Class94 contains non-abstract method Method1845
eclipse-collections__eclipse-collections,UNSAT,InterfacePolicy,,Interface Class94 contains non-abstract method Method1848
eclipse-collections__eclipse-collections,UNSAT,InterfacePolicy,,Interface Class94 contains non-abstract method Method1856
eclipse-collections__eclipse-collections,UNSAT,InterfacePolicy,,Interface Class94 contains non-abstract method Method1859
eclipse-collections__eclipse-collections,UNSAT,InterfacePolicy,,Interface Class94 contains non-abstract method Method1861
eclipse-collections__eclipse-collections,UNSAT,InterfacePolicy,,Interface Class94 contains non-abstract method Method1862
eclipse-collections__eclipse-collections,UNSAT,InterfacePolicy,,Interface Class94 contains non-abstract method Method1863
eclipse-collections__eclipse-collections,UNSAT,InterfacePolicy,,Interface Class94 contains non-abstract method Method1867
eclipse-collections__eclipse-collections,UNSAT,InterfacePolicy,,Interface Class94 contains non-abstract method Method1869
eclipse-collections__eclipse-collections,UNSAT,InterfacePolicy,,Interface Class94 contains non-abstract method Method1872
eclipse-collections__eclipse-collections,UNSAT,InterfacePolicy,,Interface Class94 contains non-abstract method Method1877
eclipse-collections__eclipse-collections,UNSAT,InterfacePolicy,,Interface Class94 contains non-abstract method Method1879
eclipse-collections__eclipse-collections,UNSAT,InterfacePolicy,,Interface Class94 contains non-abstract method Method1882
eclipse-collections__eclipse-collections,UNSAT,InterfacePolicy,,Interface Class94 contains non-abstract method Method1887
eclipse-collections__eclipse-collections,UNSAT,InterfacePolicy,,Interface Class94 contains non-abstract method Method1889
eclipse-collections__eclipse-collections,UNSAT,InterfacePolicy,,Interface Class94 contains non-abstract method Method1890
eclipse-collections__eclipse-collections,UNSAT,InterfacePolicy,,Interface Class94 contains non-abstract method Method1891
eclipse-collections__eclipse-collections,UNSAT,InterfacePolicy,,Interface Class94 contains non-abstract method Method1892
eclipse-collections__eclipse-collections,UNSAT,InterfacePolicy,,Interface Class94 contains non-abstract method Method1893
eclipse-collections__eclipse-collections,UNSAT,InterfacePolicy,,Interface Class94 contains non-abstract method Method1894
eclipse-collections__eclipse-collections,UNSAT,InterfacePolicy,,Interface Class94 contains non-abstract method Method1895
eclipse-collections__eclipse-collections,UNSAT,InterfacePolicy,,Interface Class95 contains non-abstract method Method1915
eclipse-collections__eclipse-collections,UNSAT,InterfacePolicy,,Interface Class96 contains non-abstract method Method1952
eclipse-collections__eclipse-collections,UNSAT,InterfacePolicy,,Interface Class97 contains non-abstract method Method1971
eclipse-collections__eclipse-collections,UNSAT,InterfacePolicy,,Interface Class97 contains non-abstract method Method1972
eclipse-collections__eclipse-collections,UNSAT,InterfacePolicy,,Interface Class97 contains non-abstract method Method1985
eclipse-collections__eclipse-collections,UNSAT,InterfacePolicy,,Interface Class97 contains non-abstract method Method1988
eclipse-collections__eclipse-collections,UNSAT,InterfacePolicy,,Interface Class97 contains non-abstract method Method1991
eclipse-collections__eclipse-collections,UNSAT,InterfacePolicy,,Interface Class98 contains non-abstract method Method2003
eclipse-collections__eclipse-collections,UNSAT,InterfacePolicy,,Interface Class98 contains non-abstract method Method2018
eclipse-collections__eclipse-collections,UNSAT,InterfacePolicy,,Interface Class98 contains non-abstract method Method2021
eclipse-collections__eclipse-collections,UNSAT,InterfacePolicy,,Interface Class98 contains non-abstract method Method2024
eclipse-collections__eclipse-collections,UNSAT,InterfacePolicy,,Interface Class99 contains non-abstract method Method2050
eclipse-collections__eclipse-collections,UNSAT,InterfacePolicy,,Interface Class99 contains non-abstract method Method2056
eclipse-collections__eclipse-collections,UNSAT,InterfacePolicy,,Interface Class99 contains non-abstract method Method2064
eclipse-collections__eclipse-collections,UNSAT,InterfacePolicy,,Interface Class99 contains non-abstract method Method2065
eclipse-collections__eclipse-collections,UNSAT,InterfacePolicy,,Interface Class100 contains non-abstract method Method2070
eclipse-collections__eclipse-collections,UNSAT,InterfacePolicy,,Interface Class100 contains non-abstract method Method2071
eclipse-collections__eclipse-collections,UNSAT,InterfacePolicy,,Interface Class100 contains non-abstract method Method2072
eclipse-collections__eclipse-collections,UNSAT,InterfacePolicy,,Interface Class100 contains non-abstract method Method2089
eclipse-collections__eclipse-collections,UNSAT,InterfacePolicy,,Interface Class100 contains non-abstract method Method2091
eclipse-collections__eclipse-collections,UNSAT,InterfacePolicy,,Interface Class100 contains non-abstract method Method2095
eclipse-collections__eclipse-collections,UNSAT,InterfacePolicy,,Interface Class100 contains non-abstract method Method2105
eclipse-collections__eclipse-collections,UNSAT,InterfacePolicy,,Interface Class101 contains non-abstract method Method2135
eclipse-collections__eclipse-collections,UNSAT,InterfacePolicy,,Interface Class101 contains non-abstract method Method2141
eclipse-collections__eclipse-collections,UNSAT,InterfacePolicy,,Interface Class101 contains non-abstract method Method2145
eclipse-collections__eclipse-collections,UNSAT,InterfacePolicy,,Interface Class101 contains non-abstract method Method2166
eclipse-collections__eclipse-collections,UNSAT,InterfacePolicy,,Interface Class101 contains non-abstract method Method2170
eclipse-collections__eclipse-collections,UNSAT,InterfacePolicy,,Interface Class101 contains non-abstract method Method2171
eclipse-collections__eclipse-collections,UNSAT,InterfacePolicy,,Interface Class102 contains non-abstract method Method2189
eclipse-collections__eclipse-collections,UNSAT,InterfacePolicy,,Interface Class102 contains non-abstract method Method2195
eclipse-collections__eclipse-collections,UNSAT,InterfacePolicy,,Interface Class103 contains non-abstract method Method2222
eclipse-collections__eclipse-collections,UNSAT,InterfacePolicy,,Interface Class103 contains non-abstract method Method2223
eclipse-collections__eclipse-collections,UNSAT,InterfacePolicy,,Interface Class103 contains non-abstract method Method2224
eclipse-collections__eclipse-collections,UNSAT,InterfacePolicy,,Interface Class103 contains non-abstract method Method2225
eclipse-collections__eclipse-collections,UNSAT,InterfacePolicy,,Interface Class105 contains non-abstract method Method2271
eclipse-collections__eclipse-collections,UNSAT,InterfacePolicy,,Interface Class105 contains non-abstract method Method2284
eclipse-collections__eclipse-collections,UNSAT,InterfacePolicy,,Interface Class105 contains non-abstract method Method2285
eclipse-collections__eclipse-collections,UNSAT,InterfacePolicy,,Interface Class105 contains non-abstract method Method2293
eclipse-collections__eclipse-collections,UNSAT,InterfacePolicy,,Interface Class105 contains non-abstract method Method2294
eclipse-collections__eclipse-collections,UNSAT,InterfacePolicy,,Interface Class109 contains non-abstract method Method2345
eclipse-collections__eclipse-collections,UNSAT,InterfacePolicy,,Interface Class109 contains non-abstract method Method2346
eclipse-collections__eclipse-collections,UNSAT,InterfacePolicy,,Interface Class110 contains non-abstract method Method2363
eclipse-collections__eclipse-collections,UNSAT,InterfacePolicy,,Interface Class110 contains non-abstract method Method2364
eclipse-collections__eclipse-collections,UNSAT,InterfacePolicy,,Interface Class114 contains non-abstract method Method2418
eclipse-collections__eclipse-collections,UNSAT,InterfacePolicy,,Interface Class114 contains non-abstract method Method2419
eclipse-collections__eclipse-collections,UNSAT,InterfacePolicy,,Interface Class120 contains non-abstract method Method2487
eclipse-collections__eclipse-collections,UNSAT,InterfacePolicy,,Interface Class120 contains non-abstract method Method2488
eclipse-collections__eclipse-collections,UNSAT,InterfacePolicy,,Interface Class121 contains non-abstract method Method2504
eclipse-collections__eclipse-collections,UNSAT,InterfacePolicy,,Interface Class121 contains non-abstract method Method2505
eclipse-collections__eclipse-collections,UNSAT,InterfacePolicy,,Interface Class125 contains non-abstract method Method2552
eclipse-collections__eclipse-collections,UNSAT,InterfacePolicy,,Interface Class125 contains non-abstract method Method2553
eclipse-collections__eclipse-collections,UNSAT,InterfacePolicy,,Interface Class128 contains non-abstract method Method2593
eclipse-collections__eclipse-collections,UNSAT,InterfacePolicy,,Interface Class128 contains non-abstract method Method2594
eclipse-collections__eclipse-collections,UNSAT,InterfacePolicy,,Interface Class130 contains non-abstract method Method2617
eclipse-collections__eclipse-collections,UNSAT,InterfacePolicy,,Interface Class130 contains non-abstract method Method2618
eclipse-collections__eclipse-collections,UNSAT,InterfacePolicy,,Interface Class130 contains non-abstract method Method2624
eclipse-collections__eclipse-collections,UNSAT,InterfacePolicy,,Interface Class130 contains non-abstract method Method2629
eclipse-collections__eclipse-collections,UNSAT,InterfacePolicy,,Interface Class130 contains non-abstract method Method2631
eclipse-collections__eclipse-collections,UNSAT,InterfacePolicy,,Interface Class130 contains non-abstract method Method2634
eclipse-collections__eclipse-collections,UNSAT,InterfacePolicy,,Interface Class130 contains non-abstract method Method2635
eclipse-collections__eclipse-collections,UNSAT,InterfacePolicy,,Interface Class130 contains non-abstract method Method2643
eclipse-collections__eclipse-collections,UNSAT,InterfacePolicy,,Interface Class130 contains non-abstract method Method2647
eclipse-collections__eclipse-collections,UNSAT,InterfacePolicy,,Interface Class130 contains non-abstract method Method2650
eclipse-collections__eclipse-collections,UNSAT,InterfacePolicy,,Interface Class131 contains non-abstract method Method2655
eclipse-collections__eclipse-collections,UNSAT,InterfacePolicy,,Interface Class131 contains non-abstract method Method2667
eclipse-collections__eclipse-collections,UNSAT,InterfacePolicy,,Interface Class131 contains non-abstract method Method2673
eclipse-collections__eclipse-collections,UNSAT,InterfacePolicy,,Interface Class131 contains non-abstract method Method2681
eclipse-collections__eclipse-collections,UNSAT,InterfacePolicy,,Interface Class131 contains non-abstract method Method2682
eclipse-collections__eclipse-collections,UNSAT,InterfacePolicy,,Interface Class164 contains non-abstract method Method2798
eclipse-collections__eclipse-collections,UNSAT,InterfacePolicy,,Interface Class164 contains non-abstract method Method2816
eclipse-collections__eclipse-collections,UNSAT,InterfacePolicy,,Interface Class166 contains non-abstract method Method2833
eclipse-collections__eclipse-collections,UNSAT,InterfacePolicy,,Interface Class166 contains non-abstract method Method2834
eclipse-collections__eclipse-collections,UNSAT,InterfacePolicy,,Interface Class166 contains non-abstract method Method2835
eclipse-collections__eclipse-collections,UNSAT,InterfacePolicy,,Interface Class166 contains non-abstract method Method2838
eclipse-collections__eclipse-collections,UNSAT,InterfacePolicy,,Interface Class166 contains non-abstract method Method2839
eclipse-collections__eclipse-collections,UNSAT,InterfacePolicy,,Interface Class167 contains non-abstract method Method2844
eclipse-collections__eclipse-collections,UNSAT,InterfacePolicy,,Interface Class167 contains non-abstract method Method2845
eclipse-collections__eclipse-collections,UNSAT,InterfacePolicy,,Interface Class167 contains non-abstract method Method2846
eclipse-collections__eclipse-collections,UNSAT,InterfacePolicy,,Interface Class167 contains non-abstract method Method2847
eclipse-collections__eclipse-collections,UNSAT,InterfacePolicy,,Interface Class167 contains non-abstract method Method2848
eclipse-collections__eclipse-collections,UNSAT,InterfacePolicy,,Interface Class167 contains non-abstract method Method2850
eclipse-collections__eclipse-collections,UNSAT,InterfacePolicy,,Interface Class167 contains non-abstract method Method2851
eclipse-collections__eclipse-collections,UNSAT,InterfacePolicy,,Interface Class167 contains non-abstract method Method2852
eclipse-collections__eclipse-collections,UNSAT,InterfacePolicy,,Interface Class167 contains non-abstract method Method2856
eclipse-collections__eclipse-collections,UNSAT,InterfacePolicy,,Interface Class167 contains non-abstract method Method2872
eclipse-collections__eclipse-collections,UNSAT,InterfacePolicy,,Interface Class167 contains non-abstract method Method2874
eclipse-collections__eclipse-collections,UNSAT,InterfacePolicy,,Interface Class167 contains non-abstract method Method2875
eclipse-collections__eclipse-collections,UNSAT,InterfacePolicy,,Interface Class167 contains non-abstract method Method2876
eclipse-collections__eclipse-collections,UNSAT,InterfacePolicy,,Interface Class167 contains non-abstract method Method2877
eclipse-collections__eclipse-collections,UNSAT,InterfacePolicy,,Interface Class168 contains non-abstract method Method2890
eclipse-collections__eclipse-collections,UNSAT,InterfacePolicy,,Interface Class168 contains non-abstract method Method2891
eclipse-collections__eclipse-collections,UNSAT,InterfacePolicy,,Interface Class168 contains non-abstract method Method2892
eclipse-collections__eclipse-collections,UNSAT,InterfacePolicy,,Interface Class168 contains non-abstract method Method2893
eclipse-collections__eclipse-collections,UNSAT,InterfacePolicy,,Interface Class168 contains non-abstract method Method2894
eclipse-collections__eclipse-collections,UNSAT,InterfacePolicy,,Interface Class168 contains non-abstract method Method2895
eclipse-collections__eclipse-collections,UNSAT,InterfacePolicy,,Interface Class173 contains non-abstract method Method2957
eclipse-collections__eclipse-collections,UNSAT,InterfacePolicy,,Interface Class174 contains non-abstract method Method2986
eclipse-collections__eclipse-collections,UNSAT,InterfacePolicy,,Interface Class174 contains non-abstract method Method2993
eclipse-collections__eclipse-collections,UNSAT,InterfacePolicy,,Interface Class174 contains non-abstract method Method3017
eclipse-collections__eclipse-collections,UNSAT,InterfacePolicy,,Interface Class175 contains non-abstract method Method3036
eclipse-collections__eclipse-collections,UNSAT,InterfacePolicy,,Interface Class175 contains non-abstract method Method3043
eclipse-collections__eclipse-collections,UNSAT,InterfacePolicy,,Interface Class175 contains non-abstract method Method3044
eclipse-collections__eclipse-collections,UNSAT,InterfacePolicy,,Interface Class175 contains non-abstract method Method3045
eclipse-collections__eclipse-collections,UNSAT,InterfacePolicy,,Interface Class175 contains non-abstract method Method3070
eclipse-collections__eclipse-collections,UNSAT,InterfacePolicy,,Interface Class175 contains non-abstract method Method3071
eclipse-collections__eclipse-collections,UNSAT,InterfacePolicy,,Interface Class175 contains non-abstract method Method3073
eclipse-collections__eclipse-collections,UNSAT,InterfacePolicy,,Interface Class175 contains non-abstract method Method3074
eclipse-collections__eclipse-collections,UNSAT,InterfacePolicy,,Interface Class175 contains non-abstract method Method3075
eclipse-collections__eclipse-collections,UNSAT,InterfacePolicy,,Interface Class175 contains non-abstract method Method3076
eclipse-collections__eclipse-collections,UNSAT,InterfacePolicy,,Interface Class177 contains non-abstract method Method3105
eclipse-collections__eclipse-collections,UNSAT,InterfacePolicy,,Interface Class177 contains non-abstract method Method3109
eclipse-collections__eclipse-collections,UNSAT,InterfacePolicy,,Interface Class177 contains non-abstract method Method3115
eclipse-collections__eclipse-collections,UNSAT,InterfacePolicy,,Interface Class178 contains non-abstract method Method3142
eclipse-collections__eclipse-collections,UNSAT,InterfacePolicy,,Interface Class178 contains non-abstract method Method3143
eclipse-collections__eclipse-collections,UNSAT,InterfacePolicy,,Interface Class178 contains non-abstract method Method3155
eclipse-collections__eclipse-collections,UNSAT,InterfacePolicy,,Interface Class178 contains non-abstract method Method3156
eclipse-collections__eclipse-collections,UNSAT,InterfacePolicy,,Interface Class178 contains non-abstract method Method3157
eclipse-collections__eclipse-collections,UNSAT,InterfacePolicy,,Interface Class178 contains non-abstract method Method3158
eclipse-collections__eclipse-collections,UNSAT,InterfacePolicy,,Interface Class178 contains non-abstract method Method3162
eclipse-collections__eclipse-collections,UNSAT,InterfacePolicy,,Interface Class178 contains non-abstract method Method3165
eclipse-collections__eclipse-collections,UNSAT,InterfacePolicy,,Interface Class178 contains non-abstract method Method3169
eclipse-collections__eclipse-collections,UNSAT,InterfacePolicy,,Interface Class178 contains non-abstract method Method3170
eclipse-collections__eclipse-collections,UNSAT,InterfacePolicy,,Interface Class178 contains non-abstract method Method3174
eclipse-collections__eclipse-collections,UNSAT,InterfacePolicy,,Interface Class179 contains non-abstract method Method3189
eclipse-collections__eclipse-collections,UNSAT,InterfacePolicy,,Interface Class179 contains non-abstract method Method3190
eclipse-collections__eclipse-collections,UNSAT,InterfacePolicy,,Interface Class179 contains non-abstract method Method3205
eclipse-collections__eclipse-collections,UNSAT,InterfacePolicy,,Interface Class179 contains non-abstract method Method3206
eclipse-collections__eclipse-collections,UNSAT,InterfacePolicy,,Interface Class179 contains non-abstract method Method3207
eclipse-collections__eclipse-collections,UNSAT,InterfacePolicy,,Interface Class179 contains non-abstract method Method3208
eclipse-collections__eclipse-collections,UNSAT,InterfacePolicy,,Interface Class179 contains non-abstract method Method3212
eclipse-collections__eclipse-collections,UNSAT,InterfacePolicy,,Interface Class179 contains non-abstract method Method3215
eclipse-collections__eclipse-collections,UNSAT,InterfacePolicy,,Interface Class179 contains non-abstract method Method3224
eclipse-collections__eclipse-collections,UNSAT,InterfacePolicy,,Interface Class180 contains non-abstract method Method3249
eclipse-collections__eclipse-collections,UNSAT,InterfacePolicy,,Interface Class180 contains non-abstract method Method3254
eclipse-collections__eclipse-collections,UNSAT,InterfacePolicy,,Interface Class180 contains non-abstract method Method3255
eclipse-collections__eclipse-collections,UNSAT,InterfacePolicy,,Interface Class180 contains non-abstract method Method3274
eclipse-collections__eclipse-collections,UNSAT,InterfacePolicy,,Interface Class181 contains non-abstract method Method3280
eclipse-collections__eclipse-collections,UNSAT,InterfacePolicy,,Interface Class181 contains non-abstract method Method3281
eclipse-collections__eclipse-collections,UNSAT,InterfacePolicy,,Interface Class182 contains non-abstract method Method3288
eclipse-collections__eclipse-collections,UNSAT,InterfacePolicy,,Interface Class182 contains non-abstract method Method3289
eclipse-collections__eclipse-collections,UNSAT,InterfacePolicy,,Interface Class724 contains non-abstract method Method13892
eclipse-collections__eclipse-collections,UNSAT,InterfacePolicy,,Interface Class281 has field Field311
eclipse-collections__eclipse-collections,UNSAT,InterfacePolicy,,Interface Class281 has field Field312
eclipse-collections__eclipse-collections,UNSAT,InterfacePolicy,,Interface Class282 has field Field313
eclipse-collections__eclipse-collections,UNSAT,InterfacePolicy,,Interface Class282 has field Field314
eclipse-collections__eclipse-collections,UNSAT,InterfacePolicy,,Interface Class282 has field Field315
eclipse-collections__eclipse-collections,UNSAT,InterfacePolicy,,Interface Class286 has field Field320
eclipse-collections__eclipse-collections,UNSAT,InterfacePolicy,,Interface Class286 has field Field321
eclipse-collections__eclipse-collections,UNSAT,InterfacePolicy,,Interface Class286 has field Field322
eclipse-collections__eclipse-collections,UNSAT,InterfacePolicy,,Interface Class286 has field Field323
eclipse-collections__eclipse-collections,UNSAT,InterfacePolicy,,Interface Class286 has field Field324
eclipse-collections__eclipse-collections,UNSAT,InterfacePolicy,,Interface Class286 has field Field325
eclipse-collections__eclipse-collections,UNSAT,InterfacePolicy,,Interface Class286 has field Field326
eclipse-collections__eclipse-collections,UNSAT,InterfacePolicy,,Interface Class286 has field Field327
eclipse-collections__eclipse-collections,UNSAT,InterfacePolicy,,Interface Class295 has field Field338
eclipse-collections__eclipse-collections,UNSAT,InterfacePolicy,,Interface Class295 has field Field339
eclipse-collections__eclipse-collections,UNSAT,InterfacePolicy,,Interface Class295 has field Field340
eclipse-collections__eclipse-collections,UNSAT,InterfacePolicy,,Interface Class295 has field Field341
eclipse-collections__eclipse-collections,UNSAT,InterfacePolicy,,Interface Class295 has field Field342
eclipse-collections__eclipse-collections,UNSAT,InterfacePolicy,,Interface Class295 has field Field343
eclipse-collections__eclipse-collections,UNSAT,InterfacePolicy,,Interface Class295 has field Field344
eclipse-collections__eclipse-collections,UNSAT,InterfacePolicy,,Interface Class295 has field Field345
eclipse-collections__eclipse-collections,UNSAT,LocalMethodNamespace,,"Duplicate method name 'forEach' in class Class0: Method0, Method1"
elvishew__xLog,UNSAT,InterfacePolicy,,Interface Class51 has field Field74
elvishew__xLog,UNSAT,LocalMethodNamespace,,"Duplicate method name 'println' in class Class4: Method33, Method34, Method35, Method36, Method37"
emanuele-f__PCAPdroid,UNSAT,InterfacePolicy,,Interface Class99 contains non-abstract method Method1165
emanuele-f__PCAPdroid,UNSAT,InterfacePolicy,,Interface Class99 contains non-abstract method Method1166
emanuele-f__PCAPdroid,UNSAT,LocalMethodNamespace,,"Duplicate method name 'resolveInstalledApp' in class Class3: Method20, Method21"
FabricMC__fabric-api,UNSAT,InterfacePolicy,,Interface Class1 contains non-abstract method Method5
FabricMC__fabric-api,UNSAT,InterfacePolicy,,Interface Class1 contains non-abstract method Method6
FabricMC__fabric-api,UNSAT,InterfacePolicy,,Interface Class1 contains non-abstract method Method7
FabricMC__fabric-api,UNSAT,InterfacePolicy,,Interface Class2 contains non-abstract method Method8
FabricMC__fabric-api,UNSAT,InterfacePolicy,,Interface Class2 contains non-abstract method Method9
FabricMC__fabric-api,UNSAT,InterfacePolicy,,Interface Class2 contains non-abstract method Method10
FabricMC__fabric-api,UNSAT,InterfacePolicy,,Interface Class2 contains non-abstract method Method11
FabricMC__fabric-api,UNSAT,InterfacePolicy,,Interface Class2 contains non-abstract method Method12
FabricMC__fabric-api,UNSAT,InterfacePolicy,,Interface Class2 contains non-abstract method Method13
FabricMC__fabric-api,UNSAT,InterfacePolicy,,Interface Class2 contains non-abstract method Method14
FabricMC__fabric-api,UNSAT,InterfacePolicy,,Interface Class2 contains non-abstract method Method15
FabricMC__fabric-api,UNSAT,InterfacePolicy,,Interface Class2 contains non-abstract method Method16
FabricMC__fabric-api,UNSAT,InterfacePolicy,,Interface Class2 contains non-abstract method Method17
FabricMC__fabric-api,UNSAT,InterfacePolicy,,Interface Class2 contains non-abstract method Method18
FabricMC__fabric-api,UNSAT,InterfacePolicy,,Interface Class2 contains non-abstract method Method19
FabricMC__fabric-api,UNSAT,InterfacePolicy,,Interface Class3 contains non-abstract method Method23
FabricMC__fabric-api,UNSAT,InterfacePolicy,,Interface Class5 contains non-abstract method Method26
FabricMC__fabric-api,UNSAT,InterfacePolicy,,Interface Class9 contains non-abstract method Method45
FabricMC__fabric-api,UNSAT,InterfacePolicy,,Interface Class9 contains non-abstract method Method46
FabricMC__fabric-api,UNSAT,InterfacePolicy,,Interface Class16 contains non-abstract method Method71
FabricMC__fabric-api,UNSAT,InterfacePolicy,,Interface Class17 contains non-abstract method Method72
FabricMC__fabric-api,UNSAT,InterfacePolicy,,Interface Class18 contains non-abstract method Method73
FabricMC__fabric-api,UNSAT,InterfacePolicy,,Interface Class18 contains non-abstract method Method74
FabricMC__fabric-api,UNSAT,InterfacePolicy,,Interface Class18 contains non-abstract method Method75
FabricMC__fabric-api,UNSAT,InterfacePolicy,,Interface Class19 contains non-abstract method Method76
FabricMC__fabric-api,UNSAT,InterfacePolicy,,Interface Class23 contains non-abstract method Method81
FabricMC__fabric-api,UNSAT,InterfacePolicy,,Interface Class23 contains non-abstract method Method82
FabricMC__fabric-api,UNSAT,InterfacePolicy,,Interface Class27 contains non-abstract method Method123
FabricMC__fabric-api,UNSAT,InterfacePolicy,,Interface Class27 contains non-abstract method Method124
FabricMC__fabric-api,UNSAT,InterfacePolicy,,Interface Class27 contains non-abstract method Method125
FabricMC__fabric-api,UNSAT,InterfacePolicy,,Interface Class31 contains non-abstract method Method139
FabricMC__fabric-api,UNSAT,InterfacePolicy,,Interface Class32 contains non-abstract method Method140
FabricMC__fabric-api,UNSAT,InterfacePolicy,,Interface Class33 contains non-abstract method Method141
FabricMC__fabric-api,UNSAT,InterfacePolicy,,Interface Class40 contains non-abstract method Method170
FabricMC__fabric-api,UNSAT,InterfacePolicy,,Interface Class42 contains non-abstract method Method175
FabricMC__fabric-api,UNSAT,InterfacePolicy,,Interface Class42 contains non-abstract method Method176
FabricMC__fabric-api,UNSAT,InterfacePolicy,,Interface Class42 contains non-abstract method Method177
FabricMC__fabric-api,UNSAT,InterfacePolicy,,Interface Class42 contains non-abstract method Method178
FabricMC__fabric-api,UNSAT,InterfacePolicy,,Interface Class42 contains non-abstract method Method179
FabricMC__fabric-api,UNSAT,InterfacePolicy,,Interface Class42 contains non-abstract method Method180
FabricMC__fabric-api,UNSAT,InterfacePolicy,,Interface Class42 contains non-abstract method Method181
FabricMC__fabric-api,UNSAT,InterfacePolicy,,Interface Class42 contains non-abstract method Method182
FabricMC__fabric-api,UNSAT,InterfacePolicy,,Interface Class45 contains non-abstract method Method190
FabricMC__fabric-api,UNSAT,InterfacePolicy,,Interface Class57 contains non-abstract method Method209
FabricMC__fabric-api,UNSAT,InterfacePolicy,,Interface Class57 contains non-abstract method Method210
FabricMC__fabric-api,UNSAT,InterfacePolicy,,Interface Class57 contains non-abstract method Method211
FabricMC__fabric-api,UNSAT,InterfacePolicy,,Interface Class63 contains non-abstract method Method222
FabricMC__fabric-api,UNSAT,InterfacePolicy,,Interface Class63 contains non-abstract method Method223
FabricMC__fabric-api,UNSAT,InterfacePolicy,,Interface Class82 contains non-abstract method Method240
FabricMC__fabric-api,UNSAT,InterfacePolicy,,Interface Class85 contains non-abstract method Method249
FabricMC__fabric-api,UNSAT,InterfacePolicy,,Interface Class85 contains non-abstract method Method250
FabricMC__fabric-api,UNSAT,InterfacePolicy,,Interface Class86 contains non-abstract method Method252
FabricMC__fabric-api,UNSAT,InterfacePolicy,,Interface Class86 contains non-abstract method Method253
FabricMC__fabric-api,UNSAT,InterfacePolicy,,Interface Class87 contains non-abstract method Method255
FabricMC__fabric-api,UNSAT,InterfacePolicy,,Interface Class88 contains non-abstract method Method257
FabricMC__fabric-api,UNSAT,InterfacePolicy,,Interface Class88 contains non-abstract method Method258
FabricMC__fabric-api,UNSAT,InterfacePolicy,,Interface Class99 contains non-abstract method Method288
FabricMC__fabric-api,UNSAT,InterfacePolicy,,Interface Class99 contains non-abstract method Method289
FabricMC__fabric-api,UNSAT,InterfacePolicy,,Interface Class99 contains non-abstract method Method290
FabricMC__fabric-api,UNSAT,InterfacePolicy,,Interface Class99 contains non-abstract method Method291
FabricMC__fabric-api,UNSAT,InterfacePolicy,,Interface Class100 contains non-abstract method Method292
FabricMC__fabric-api,UNSAT,InterfacePolicy,,Interface Class100 contains non-abstract method Method293
FabricMC__fabric-api,UNSAT,InterfacePolicy,,Interface Class100 contains non-abstract method Method294
FabricMC__fabric-api,UNSAT,InterfacePolicy,,Interface Class100 contains non-abstract method Method295
FabricMC__fabric-api,UNSAT,InterfacePolicy,,Interface Class100 contains non-abstract method Method296
FabricMC__fabric-api,UNSAT,InterfacePolicy,,Interface Class101 contains non-abstract method Method297
FabricMC__fabric-api,UNSAT,InterfacePolicy,,Interface Class101 contains non-abstract method Method298
FabricMC__fabric-api,UNSAT,InterfacePolicy,,Interface Class101 contains non-abstract method Method299
FabricMC__fabric-api,UNSAT,InterfacePolicy,,Interface Class102 contains non-abstract method Method300
FabricMC__fabric-api,UNSAT,InterfacePolicy,,Interface Class102 contains non-abstract method Method301
FabricMC__fabric-api,UNSAT,InterfacePolicy,,Interface Class102 contains non-abstract method Method302
FabricMC__fabric-api,UNSAT,InterfacePolicy,,Interface Class102 contains non-abstract method Method303
FabricMC__fabric-api,UNSAT,InterfacePolicy,,Interface Class103 contains non-abstract method Method304
FabricMC__fabric-api,UNSAT,InterfacePolicy,,Interface Class103 contains non-abstract method Method305
FabricMC__fabric-api,UNSAT,InterfacePolicy,,Interface Class104 contains non-abstract method Method313
FabricMC__fabric-api,UNSAT,InterfacePolicy,,Interface Class104 contains non-abstract method Method315
FabricMC__fabric-api,UNSAT,InterfacePolicy,,Interface Class104 contains non-abstract method Method320
FabricMC__fabric-api,UNSAT,InterfacePolicy,,Interface Class105 contains non-abstract method Method323
FabricMC__fabric-api,UNSAT,InterfacePolicy,,Interface Class105 contains non-abstract method Method324
FabricMC__fabric-api,UNSAT,InterfacePolicy,,Interface Class106 contains non-abstract method Method326
FabricMC__fabric-api,UNSAT,InterfacePolicy,,Interface Class107 contains non-abstract method Method332
FabricMC__fabric-api,UNSAT,InterfacePolicy,,Interface Class107 contains non-abstract method Method336
FabricMC__fabric-api,UNSAT,InterfacePolicy,,Interface Class108 contains non-abstract method Method342
FabricMC__fabric-api,UNSAT,InterfacePolicy,,Interface Class109 contains non-abstract method Method348
FabricMC__fabric-api,UNSAT,InterfacePolicy,,Interface Class109 contains non-abstract method Method349
FabricMC__fabric-api,UNSAT,InterfacePolicy,,Interface Class109 contains non-abstract method Method350
FabricMC__fabric-api,UNSAT,InterfacePolicy,,Interface Class109 contains non-abstract method Method351
FabricMC__fabric-api,UNSAT,InterfacePolicy,,Interface Class109 contains non-abstract method Method352
FabricMC__fabric-api,UNSAT,InterfacePolicy,,Interface Class109 contains non-abstract method Method353
FabricMC__fabric-api,UNSAT,InterfacePolicy,,Interface Class109 contains non-abstract method Method354
FabricMC__fabric-api,UNSAT,InterfacePolicy,,Interface Class110 contains non-abstract method Method355
FabricMC__fabric-api,UNSAT,InterfacePolicy,,Interface Class110 contains non-abstract method Method356
FabricMC__fabric-api,UNSAT,InterfacePolicy,,Interface Class110 contains non-abstract method Method357
FabricMC__fabric-api,UNSAT,InterfacePolicy,,Interface Class110 contains non-abstract method Method358
FabricMC__fabric-api,UNSAT,InterfacePolicy,,Interface Class110 contains non-abstract method Method359
FabricMC__fabric-api,UNSAT,InterfacePolicy,,Interface Class110 contains non-abstract method Method360
FabricMC__fabric-api,UNSAT,InterfacePolicy,,Interface Class115 contains non-abstract method Method366
FabricMC__fabric-api,UNSAT,InterfacePolicy,,Interface Class121 contains non-abstract method Method368
FabricMC__fabric-api,UNSAT,InterfacePolicy,,Interface Class121 contains non-abstract method Method369
FabricMC__fabric-api,UNSAT,InterfacePolicy,,Interface Class123 contains non-abstract method Method384
FabricMC__fabric-api,UNSAT,InterfacePolicy,,Interface Class123 contains non-abstract method Method385
FabricMC__fabric-api,UNSAT,InterfacePolicy,,Interface Class124 contains non-abstract method Method388
FabricMC__fabric-api,UNSAT,InterfacePolicy,,Interface Class124 contains non-abstract method Method390
FabricMC__fabric-api,UNSAT,InterfacePolicy,,Interface Class124 contains non-abstract method Method391
FabricMC__fabric-api,UNSAT,InterfacePolicy,,Interface Class125 contains non-abstract method Method392
FabricMC__fabric-api,UNSAT,InterfacePolicy,,Interface Class125 contains non-abstract method Method393
FabricMC__fabric-api,UNSAT,InterfacePolicy,,Interface Class125 contains non-abstract method Method394
FabricMC__fabric-api,UNSAT,InterfacePolicy,,Interface Class125 contains non-abstract method Method395
FabricMC__fabric-api,UNSAT,InterfacePolicy,,Interface Class125 contains non-abstract method Method396
FabricMC__fabric-api,UNSAT,InterfacePolicy,,Interface Class125 contains non-abstract method Method397
FabricMC__fabric-api,UNSAT,InterfacePolicy,,Interface Class125 contains non-abstract method Method398
FabricMC__fabric-api,UNSAT,InterfacePolicy,,Interface Class133 contains non-abstract method Method447
FabricMC__fabric-api,UNSAT,InterfacePolicy,,Interface Class133 contains non-abstract method Method449
FabricMC__fabric-api,UNSAT,InterfacePolicy,,Interface Class133 contains non-abstract method Method450
FabricMC__fabric-api,UNSAT,InterfacePolicy,,Interface Class133 contains non-abstract method Method451
FabricMC__fabric-api,UNSAT,InterfacePolicy,,Interface Class133 contains non-abstract method Method452
FabricMC__fabric-api,UNSAT,InterfacePolicy,,Interface Class133 contains non-abstract method Method453
FabricMC__fabric-api,UNSAT,InterfacePolicy,,Interface Class133 contains non-abstract method Method454
FabricMC__fabric-api,UNSAT,InterfacePolicy,,Interface Class133 contains non-abstract method Method456
FabricMC__fabric-api,UNSAT,InterfacePolicy,,Interface Class133 contains non-abstract method Method457
FabricMC__fabric-api,UNSAT,InterfacePolicy,,Interface Class134 contains non-abstract method Method458
FabricMC__fabric-api,UNSAT,InterfacePolicy,,Interface Class135 contains non-abstract method Method459
FabricMC__fabric-api,UNSAT,InterfacePolicy,,Interface Class145 contains non-abstract method Method503
FabricMC__fabric-api,UNSAT,InterfacePolicy,,Interface Class145 contains non-abstract method Method504
FabricMC__fabric-api,UNSAT,InterfacePolicy,,Interface Class148 contains non-abstract method Method512
FabricMC__fabric-api,UNSAT,InterfacePolicy,,Interface Class148 contains non-abstract method Method514
FabricMC__fabric-api,UNSAT,InterfacePolicy,,Interface Class148 contains non-abstract method Method515
FabricMC__fabric-api,UNSAT,InterfacePolicy,,Interface Class148 contains non-abstract method Method517
FabricMC__fabric-api,UNSAT,InterfacePolicy,,Interface Class148 contains non-abstract method Method518
FabricMC__fabric-api,UNSAT,InterfacePolicy,,Interface Class148 contains non-abstract method Method519
FabricMC__fabric-api,UNSAT,InterfacePolicy,,Interface Class148 contains non-abstract method Method520
FabricMC__fabric-api,UNSAT,InterfacePolicy,,Interface Class149 contains non-abstract method Method524
FabricMC__fabric-api,UNSAT,InterfacePolicy,,Interface Class149 contains non-abstract method Method525
FabricMC__fabric-api,UNSAT,InterfacePolicy,,Interface Class149 contains non-abstract method Method526
FabricMC__fabric-api,UNSAT,InterfacePolicy,,Interface Class149 contains non-abstract method Method527
FabricMC__fabric-api,UNSAT,InterfacePolicy,,Interface Class149 contains non-abstract method Method528
FabricMC__fabric-api,UNSAT,InterfacePolicy,,Interface Class149 contains non-abstract method Method529
FabricMC__fabric-api,UNSAT,InterfacePolicy,,Interface Class151 contains non-abstract method Method533
FabricMC__fabric-api,UNSAT,InterfacePolicy,,Interface Class151 contains non-abstract method Method534
FabricMC__fabric-api,UNSAT,InterfacePolicy,,Interface Class151 contains non-abstract method Method535
FabricMC__fabric-api,UNSAT,InterfacePolicy,,Interface Class151 contains non-abstract method Method536
FabricMC__fabric-api,UNSAT,InterfacePolicy,,Interface Class151 contains non-abstract method Method537
FabricMC__fabric-api,UNSAT,InterfacePolicy,,Interface Class151 contains non-abstract method Method538
FabricMC__fabric-api,UNSAT,InterfacePolicy,,Interface Class151 contains non-abstract method Method539
FabricMC__fabric-api,UNSAT,InterfacePolicy,,Interface Class151 contains non-abstract method Method540
FabricMC__fabric-api,UNSAT,InterfacePolicy,,Interface Class151 contains non-abstract method Method541
FabricMC__fabric-api,UNSAT,InterfacePolicy,,Interface Class151 contains non-abstract method Method542
FabricMC__fabric-api,UNSAT,InterfacePolicy,,Interface Class153 contains non-abstract method Method549
FabricMC__fabric-api,UNSAT,InterfacePolicy,,Interface Class154 contains non-abstract method Method550
FabricMC__fabric-api,UNSAT,InterfacePolicy,,Interface Class154 contains non-abstract method Method551
FabricMC__fabric-api,UNSAT,InterfacePolicy,,Interface Class155 contains non-abstract method Method552
FabricMC__fabric-api,UNSAT,InterfacePolicy,,Interface Class155 contains non-abstract method Method557
FabricMC__fabric-api,UNSAT,InterfacePolicy,,Interface Class156 contains non-abstract method Method558
FabricMC__fabric-api,UNSAT,InterfacePolicy,,Interface Class156 contains non-abstract method Method562
FabricMC__fabric-api,UNSAT,InterfacePolicy,,Interface Class158 contains non-abstract method Method570
FabricMC__fabric-api,UNSAT,InterfacePolicy,,Interface Class158 contains non-abstract method Method571
FabricMC__fabric-api,UNSAT,InterfacePolicy,,Interface Class160 contains non-abstract method Method574
FabricMC__fabric-api,UNSAT,InterfacePolicy,,Interface Class160 contains non-abstract method Method578
FabricMC__fabric-api,UNSAT,InterfacePolicy,,Interface Class160 contains non-abstract method Method579
FabricMC__fabric-api,UNSAT,InterfacePolicy,,Interface Class163 contains non-abstract method Method582
FabricMC__fabric-api,UNSAT,InterfacePolicy,,Interface Class163 contains non-abstract method Method583
FabricMC__fabric-api,UNSAT,InterfacePolicy,,Interface Class163 contains non-abstract method Method584
FabricMC__fabric-api,UNSAT,InterfacePolicy,,Interface Class163 contains non-abstract method Method585
FabricMC__fabric-api,UNSAT,InterfacePolicy,,Interface Class164 contains non-abstract method Method586
FabricMC__fabric-api,UNSAT,InterfacePolicy,,Interface Class164 contains non-abstract method Method587
FabricMC__fabric-api,UNSAT,InterfacePolicy,,Interface Class164 contains non-abstract method Method588
FabricMC__fabric-api,UNSAT,InterfacePolicy,,Interface Class164 contains non-abstract method Method589
FabricMC__fabric-api,UNSAT,InterfacePolicy,,Interface Class174 contains non-abstract method Method614
FabricMC__fabric-api,UNSAT,InterfacePolicy,,Interface Class174 contains non-abstract method Method615
FabricMC__fabric-api,UNSAT,InterfacePolicy,,Interface Class174 contains non-abstract method Method616
FabricMC__fabric-api,UNSAT,InterfacePolicy,,Interface Class174 contains non-abstract method Method617
FabricMC__fabric-api,UNSAT,InterfacePolicy,,Interface Class174 contains non-abstract method Method618
FabricMC__fabric-api,UNSAT,InterfacePolicy,,Interface Class174 contains non-abstract method Method620
FabricMC__fabric-api,UNSAT,InterfacePolicy,,Interface Class174 contains non-abstract method Method621
FabricMC__fabric-api,UNSAT,InterfacePolicy,,Interface Class175 contains non-abstract method Method623
FabricMC__fabric-api,UNSAT,InterfacePolicy,,Interface Class177 contains non-abstract method Method627
FabricMC__fabric-api,UNSAT,InterfacePolicy,,Interface Class177 contains non-abstract method Method628
FabricMC__fabric-api,UNSAT,InterfacePolicy,,Interface Class177 contains non-abstract method Method629
FabricMC__fabric-api,UNSAT,InterfacePolicy,,Interface Class177 contains non-abstract method Method630
FabricMC__fabric-api,UNSAT,InterfacePolicy,,Interface Class177 contains non-abstract method Method631
FabricMC__fabric-api,UNSAT,InterfacePolicy,,Interface Class177 contains non-abstract method Method632
FabricMC__fabric-api,UNSAT,InterfacePolicy,,Interface Class180 contains non-abstract method Method638
FabricMC__fabric-api,UNSAT,InterfacePolicy,,Interface Class183 contains non-abstract method Method642
FabricMC__fabric-api,UNSAT,InterfacePolicy,,Interface Class185 contains non-abstract method Method659
FabricMC__fabric-api,UNSAT,InterfacePolicy,,Interface Class186 contains non-abstract method Method661
FabricMC__fabric-api,UNSAT,InterfacePolicy,,Interface Class187 contains non-abstract method Method662
FabricMC__fabric-api,UNSAT,InterfacePolicy,,Interface Class188 contains non-abstract method Method664
FabricMC__fabric-api,UNSAT,InterfacePolicy,,Interface Class188 contains non-abstract method Method665
FabricMC__fabric-api,UNSAT,InterfacePolicy,,Interface Class188 contains non-abstract method Method666
FabricMC__fabric-api,UNSAT,InterfacePolicy,,Interface Class194 contains non-abstract method Method674
FabricMC__fabric-api,UNSAT,InterfacePolicy,,Interface Class194 contains non-abstract method Method675
FabricMC__fabric-api,UNSAT,InterfacePolicy,,Interface Class194 contains non-abstract method Method676
FabricMC__fabric-api,UNSAT,InterfacePolicy,,Interface Class194 contains non-abstract method Method677
FabricMC__fabric-api,UNSAT,InterfacePolicy,,Interface Class195 contains non-abstract method Method678
FabricMC__fabric-api,UNSAT,InterfacePolicy,,Interface Class195 contains non-abstract method Method679
FabricMC__fabric-api,UNSAT,InterfacePolicy,,Interface Class196 contains non-abstract method Method680
FabricMC__fabric-api,UNSAT,InterfacePolicy,,Interface Class196 contains non-abstract method Method681
FabricMC__fabric-api,UNSAT,InterfacePolicy,,Interface Class206 contains non-abstract method Method692
FabricMC__fabric-api,UNSAT,InterfacePolicy,,Interface Class207 contains non-abstract method Method693
FabricMC__fabric-api,UNSAT,InterfacePolicy,,Interface Class207 contains non-abstract method Method694
FabricMC__fabric-api,UNSAT,InterfacePolicy,,Interface Class207 contains non-abstract method Method695
FabricMC__fabric-api,UNSAT,InterfacePolicy,,Interface Class207 contains non-abstract method Method696
FabricMC__fabric-api,UNSAT,InterfacePolicy,,Interface Class207 contains non-abstract method Method697
FabricMC__fabric-api,UNSAT,InterfacePolicy,,Interface Class207 contains non-abstract method Method699
FabricMC__fabric-api,UNSAT,InterfacePolicy,,Interface Class207 contains non-abstract method Method700
FabricMC__fabric-api,UNSAT,InterfacePolicy,,Interface Class207 contains non-abstract method Method702
FabricMC__fabric-api,UNSAT,InterfacePolicy,,Interface Class207 contains non-abstract method Method704
FabricMC__fabric-api,UNSAT,InterfacePolicy,,Interface Class207 contains non-abstract method Method705
FabricMC__fabric-api,UNSAT,InterfacePolicy,,Interface Class207 contains non-abstract method Method706
FabricMC__fabric-api,UNSAT,InterfacePolicy,,Interface Class207 contains non-abstract method Method707
FabricMC__fabric-api,UNSAT,InterfacePolicy,,Interface Class207 contains non-abstract method Method708
FabricMC__fabric-api,UNSAT,InterfacePolicy,,Interface Class207 contains non-abstract method Method709
FabricMC__fabric-api,UNSAT,InterfacePolicy,,Interface Class212 contains non-abstract method Method718
FabricMC__fabric-api,UNSAT,InterfacePolicy,,Interface Class212 contains non-abstract method Method719
FabricMC__fabric-api,UNSAT,InterfacePolicy,,Interface Class212 contains non-abstract method Method720
FabricMC__fabric-api,UNSAT,InterfacePolicy,,Interface Class212 contains non-abstract method Method721
FabricMC__fabric-api,UNSAT,InterfacePolicy,,Interface Class212 contains non-abstract method Method722
FabricMC__fabric-api,UNSAT,InterfacePolicy,,Interface Class213 contains non-abstract method Method724
FabricMC__fabric-api,UNSAT,InterfacePolicy,,Interface Class213 contains non-abstract method Method725
FabricMC__fabric-api,UNSAT,InterfacePolicy,,Interface Class213 contains non-abstract method Method726
FabricMC__fabric-api,UNSAT,InterfacePolicy,,Interface Class213 contains non-abstract method Method727
FabricMC__fabric-api,UNSAT,InterfacePolicy,,Interface Class213 contains non-abstract method Method728
FabricMC__fabric-api,UNSAT,InterfacePolicy,,Interface Class213 contains non-abstract method Method729
FabricMC__fabric-api,UNSAT,InterfacePolicy,,Interface Class213 contains non-abstract method Method730
FabricMC__fabric-api,UNSAT,InterfacePolicy,,Interface Class218 contains non-abstract method Method755
FabricMC__fabric-api,UNSAT,InterfacePolicy,,Interface Class218 contains non-abstract method Method756
FabricMC__fabric-api,UNSAT,InterfacePolicy,,Interface Class218 contains non-abstract method Method758
FabricMC__fabric-api,UNSAT,InterfacePolicy,,Interface Class220 contains non-abstract method Method759
FabricMC__fabric-api,UNSAT,InterfacePolicy,,Interface Class220 contains non-abstract method Method760
FabricMC__fabric-api,UNSAT,InterfacePolicy,,Interface Class220 contains non-abstract method Method761
FabricMC__fabric-api,UNSAT,InterfacePolicy,,Interface Class220 contains non-abstract method Method762
FabricMC__fabric-api,UNSAT,InterfacePolicy,,Interface Class220 contains non-abstract method Method763
FabricMC__fabric-api,UNSAT,InterfacePolicy,,Interface Class220 contains non-abstract method Method764
FabricMC__fabric-api,UNSAT,InterfacePolicy,,Interface Class220 contains non-abstract method Method765
FabricMC__fabric-api,UNSAT,InterfacePolicy,,Interface Class220 contains non-abstract method Method766
FabricMC__fabric-api,UNSAT,InterfacePolicy,,Interface Class220 contains non-abstract method Method767
FabricMC__fabric-api,UNSAT,InterfacePolicy,,Interface Class221 contains non-abstract method Method770
FabricMC__fabric-api,UNSAT,InterfacePolicy,,Interface Class221 contains non-abstract method Method771
FabricMC__fabric-api,UNSAT,InterfacePolicy,,Interface Class221 contains non-abstract method Method772
FabricMC__fabric-api,UNSAT,InterfacePolicy,,Interface Class221 contains non-abstract method Method775
FabricMC__fabric-api,UNSAT,InterfacePolicy,,Interface Class221 contains non-abstract method Method776
FabricMC__fabric-api,UNSAT,InterfacePolicy,,Interface Class221 contains non-abstract method Method778
FabricMC__fabric-api,UNSAT,InterfacePolicy,,Interface Class224 contains non-abstract method Method798
FabricMC__fabric-api,UNSAT,InterfacePolicy,,Interface Class225 contains non-abstract method Method799
FabricMC__fabric-api,UNSAT,InterfacePolicy,,Interface Class225 contains non-abstract method Method800
FabricMC__fabric-api,UNSAT,InterfacePolicy,,Interface Class225 contains non-abstract method Method802
FabricMC__fabric-api,UNSAT,InterfacePolicy,,Interface Class225 contains non-abstract method Method805
FabricMC__fabric-api,UNSAT,InterfacePolicy,,Interface Class225 contains non-abstract method Method806
FabricMC__fabric-api,UNSAT,InterfacePolicy,,Interface Class225 contains non-abstract method Method807
FabricMC__fabric-api,UNSAT,InterfacePolicy,,Interface Class225 contains non-abstract method Method808
FabricMC__fabric-api,UNSAT,InterfacePolicy,,Interface Class228 contains non-abstract method Method831
FabricMC__fabric-api,UNSAT,InterfacePolicy,,Interface Class229 contains non-abstract method Method833
FabricMC__fabric-api,UNSAT,InterfacePolicy,,Interface Class229 contains non-abstract method Method837
FabricMC__fabric-api,UNSAT,InterfacePolicy,,Interface Class229 contains non-abstract method Method839
FabricMC__fabric-api,UNSAT,InterfacePolicy,,Interface Class229 contains non-abstract method Method840
FabricMC__fabric-api,UNSAT,InterfacePolicy,,Interface Class233 contains non-abstract method Method855
FabricMC__fabric-api,UNSAT,InterfacePolicy,,Interface Class233 contains non-abstract method Method856
FabricMC__fabric-api,UNSAT,InterfacePolicy,,Interface Class235 contains non-abstract method Method870
FabricMC__fabric-api,UNSAT,InterfacePolicy,,Interface Class235 contains non-abstract method Method871
FabricMC__fabric-api,UNSAT,InterfacePolicy,,Interface Class235 contains non-abstract method Method872
FabricMC__fabric-api,UNSAT,InterfacePolicy,,Interface Class237 contains non-abstract method Method875
FabricMC__fabric-api,UNSAT,InterfacePolicy,,Interface Class237 contains non-abstract method Method876
FabricMC__fabric-api,UNSAT,InterfacePolicy,,Interface Class238 contains non-abstract method Method877
FabricMC__fabric-api,UNSAT,InterfacePolicy,,Interface Class238 contains non-abstract method Method878
FabricMC__fabric-api,UNSAT,InterfacePolicy,,Interface Class238 contains non-abstract method Method879
FabricMC__fabric-api,UNSAT,InterfacePolicy,,Interface Class241 contains non-abstract method Method915
FabricMC__fabric-api,UNSAT,InterfacePolicy,,Interface Class241 contains non-abstract method Method916
FabricMC__fabric-api,UNSAT,InterfacePolicy,,Interface Class241 contains non-abstract method Method917
FabricMC__fabric-api,UNSAT,InterfacePolicy,,Interface Class241 contains non-abstract method Method918
FabricMC__fabric-api,UNSAT,InterfacePolicy,,Interface Class241 contains non-abstract method Method919
FabricMC__fabric-api,UNSAT,InterfacePolicy,,Interface Class254 contains non-abstract method Method973
FabricMC__fabric-api,UNSAT,InterfacePolicy,,Interface Class254 contains non-abstract method Method974
FabricMC__fabric-api,UNSAT,InterfacePolicy,,Interface Class254 contains non-abstract method Method975
FabricMC__fabric-api,UNSAT,InterfacePolicy,,Interface Class254 contains non-abstract method Method977
FabricMC__fabric-api,UNSAT,InterfacePolicy,,Interface Class254 contains non-abstract method Method978
FabricMC__fabric-api,UNSAT,InterfacePolicy,,Interface Class254 contains non-abstract method Method979
FabricMC__fabric-api,UNSAT,InterfacePolicy,,Interface Class254 contains non-abstract method Method980
FabricMC__fabric-api,UNSAT,InterfacePolicy,,Interface Class254 contains non-abstract method Method981
FabricMC__fabric-api,UNSAT,InterfacePolicy,,Interface Class254 contains non-abstract method Method982
FabricMC__fabric-api,UNSAT,InterfacePolicy,,Interface Class254 contains non-abstract method Method983
FabricMC__fabric-api,UNSAT,InterfacePolicy,,Interface Class254 contains non-abstract method Method984
FabricMC__fabric-api,UNSAT,InterfacePolicy,,Interface Class254 contains non-abstract method Method985
FabricMC__fabric-api,UNSAT,InterfacePolicy,,Interface Class254 contains non-abstract method Method986
FabricMC__fabric-api,UNSAT,InterfacePolicy,,Interface Class254 contains non-abstract method Method987
FabricMC__fabric-api,UNSAT,InterfacePolicy,,Interface Class261 contains non-abstract method Method1016
FabricMC__fabric-api,UNSAT,InterfacePolicy,,Interface Class322 contains non-abstract method Method1217
FabricMC__fabric-api,UNSAT,InterfacePolicy,,Interface Class322 contains non-abstract method Method1218
FabricMC__fabric-api,UNSAT,InterfacePolicy,,Interface Class322 contains non-abstract method Method1220
FabricMC__fabric-api,UNSAT,InterfacePolicy,,Interface Class354 contains non-abstract method Method1358
FabricMC__fabric-api,UNSAT,InterfacePolicy,,Interface Class371 contains non-abstract method Method1412
FabricMC__fabric-api,UNSAT,InterfacePolicy,,Interface Class418 contains non-abstract method Method1630
FabricMC__fabric-api,UNSAT,InterfacePolicy,,Interface Class437 contains non-abstract method Method1687
FabricMC__fabric-api,UNSAT,InterfacePolicy,,Interface Class459 contains non-abstract method Method1762
FabricMC__fabric-api,UNSAT,InterfacePolicy,,Interface Class459 contains non-abstract method Method1763
FabricMC__fabric-api,UNSAT,InterfacePolicy,,Interface Class459 contains non-abstract method Method1764
FabricMC__fabric-api,UNSAT,InterfacePolicy,,Interface Class465 contains non-abstract method Method1806
FabricMC__fabric-api,UNSAT,InterfacePolicy,,Interface Class498 contains non-abstract method Method1947
FabricMC__fabric-api,UNSAT,InterfacePolicy,,Interface Class499 contains non-abstract method Method1949
FabricMC__fabric-api,UNSAT,InterfacePolicy,,Interface Class508 contains non-abstract method Method1999
FabricMC__fabric-api,UNSAT,InterfacePolicy,,Interface Class519 contains non-abstract method Method2045
FabricMC__fabric-api,UNSAT,InterfacePolicy,,Interface Class537 contains non-abstract method Method2071
FabricMC__fabric-api,UNSAT,InterfacePolicy,,Interface Class537 contains non-abstract method Method2072
FabricMC__fabric-api,UNSAT,InterfacePolicy,,Interface Class538 contains non-abstract method Method2073
FabricMC__fabric-api,UNSAT,InterfacePolicy,,Interface Class540 contains non-abstract method Method2075
FabricMC__fabric-api,UNSAT,InterfacePolicy,,Interface Class542 contains non-abstract method Method2078
FabricMC__fabric-api,UNSAT,InterfacePolicy,,Interface Class543 contains non-abstract method Method2079
FabricMC__fabric-api,UNSAT,InterfacePolicy,,Interface Class543 contains non-abstract method Method2080
FabricMC__fabric-api,UNSAT,InterfacePolicy,,Interface Class550 contains non-abstract method Method2093
FabricMC__fabric-api,UNSAT,InterfacePolicy,,Interface Class552 contains non-abstract method Method2095
FabricMC__fabric-api,UNSAT,InterfacePolicy,,Interface Class556 contains non-abstract method Method2106
FabricMC__fabric-api,UNSAT,InterfacePolicy,,Interface Class557 contains non-abstract method Method2107
FabricMC__fabric-api,UNSAT,InterfacePolicy,,Interface Class560 contains non-abstract method Method2110
FabricMC__fabric-api,UNSAT,InterfacePolicy,,Interface Class561 contains non-abstract method Method2111
FabricMC__fabric-api,UNSAT,InterfacePolicy,,Interface Class561 contains non-abstract method Method2112
FabricMC__fabric-api,UNSAT,InterfacePolicy,,Interface Class574 contains non-abstract method Method2154
FabricMC__fabric-api,UNSAT,InterfacePolicy,,Interface Class637 contains non-abstract method Method2305
FabricMC__fabric-api,UNSAT,InterfacePolicy,,Interface Class650 contains non-abstract method Method2333
FabricMC__fabric-api,UNSAT,InterfacePolicy,,Interface Class650 contains non-abstract method Method2334
FabricMC__fabric-api,UNSAT,InterfacePolicy,,Interface Class707 contains non-abstract method Method2486
FabricMC__fabric-api,UNSAT,InterfacePolicy,,Interface Class710 contains non-abstract method Method2490
FabricMC__fabric-api,UNSAT,InterfacePolicy,,Interface Class713 contains non-abstract method Method2494
FabricMC__fabric-api,UNSAT,InterfacePolicy,,Interface Class738 contains non-abstract method Method2550
FabricMC__fabric-api,UNSAT,InterfacePolicy,,Interface Class740 contains non-abstract method Method2552
FabricMC__fabric-api,UNSAT,InterfacePolicy,,Interface Class740 contains non-abstract method Method2553
FabricMC__fabric-api,UNSAT,InterfacePolicy,,Interface Class740 contains non-abstract method Method2554
FabricMC__fabric-api,UNSAT,InterfacePolicy,,Interface Class766 contains non-abstract method Method2623
FabricMC__fabric-api,UNSAT,InterfacePolicy,,Interface Class782 contains non-abstract method Method2651
FabricMC__fabric-api,UNSAT,InterfacePolicy,,Interface Class782 contains non-abstract method Method2652
FabricMC__fabric-api,UNSAT,InterfacePolicy,,Interface Class792 contains non-abstract method Method2676
FabricMC__fabric-api,UNSAT,InterfacePolicy,,Interface Class801 contains non-abstract method Method2692
FabricMC__fabric-api,UNSAT,InterfacePolicy,,Interface Class803 contains non-abstract method Method2697
FabricMC__fabric-api,UNSAT,InterfacePolicy,,Interface Class2 has field Field0
FabricMC__fabric-api,UNSAT,InterfacePolicy,,Interface Class21 has field Field7
FabricMC__fabric-api,UNSAT,InterfacePolicy,,Interface Class70 has field Field106
FabricMC__fabric-api,UNSAT,InterfacePolicy,,Interface Class71 has field Field107
FabricMC__fabric-api,UNSAT,InterfacePolicy,,Interface Class72 has field Field108
FabricMC__fabric-api,UNSAT,InterfacePolicy,,Interface Class72 has field Field109
FabricMC__fabric-api,UNSAT,InterfacePolicy,,Interface Class73 has field Field110
FabricMC__fabric-api,UNSAT,InterfacePolicy,,Interface Class73 has field Field111
FabricMC__fabric-api,UNSAT,InterfacePolicy,,Interface Class76 has field Field117
FabricMC__fabric-api,UNSAT,InterfacePolicy,,Interface Class77 has field Field118
FabricMC__fabric-api,UNSAT,InterfacePolicy,,Interface Class78 has field Field119
FabricMC__fabric-api,UNSAT,InterfacePolicy,,Interface Class80 has field Field120
FabricMC__fabric-api,UNSAT,InterfacePolicy,,Interface Class133 has field Field181
FabricMC__fabric-api,UNSAT,InterfacePolicy,,Interface Class133 has field Field182
FabricMC__fabric-api,UNSAT,InterfacePolicy,,Interface Class133 has field Field183
FabricMC__fabric-api,UNSAT,InterfacePolicy,,Interface Class133 has field Field184
FabricMC__fabric-api,UNSAT,InterfacePolicy,,Interface Class148 has field Field209
FabricMC__fabric-api,UNSAT,InterfacePolicy,,Interface Class148 has field Field210
FabricMC__fabric-api,UNSAT,InterfacePolicy,,Interface Class148 has field Field211
FabricMC__fabric-api,UNSAT,InterfacePolicy,,Interface Class148 has field Field212
FabricMC__fabric-api,UNSAT,InterfacePolicy,,Interface Class148 has field Field213
FabricMC__fabric-api,UNSAT,InterfacePolicy,,Interface Class148 has field Field214
FabricMC__fabric-api,UNSAT,InterfacePolicy,,Interface Class148 has field Field215
FabricMC__fabric-api,UNSAT,InterfacePolicy,,Interface Class161 has field Field219
FabricMC__fabric-api,UNSAT,InterfacePolicy,,Interface Class163 has field Field220
FabricMC__fabric-api,UNSAT,InterfacePolicy,,Interface Class166 has field Field222
FabricMC__fabric-api,UNSAT,InterfacePolicy,,Interface Class166 has field Field223
FabricMC__fabric-api,UNSAT,InterfacePolicy,,Interface Class174 has field Field228
FabricMC__fabric-api,UNSAT,InterfacePolicy,,Interface Class182 has field Field241
FabricMC__fabric-api,UNSAT,InterfacePolicy,,Interface Class182 has field Field242
FabricMC__fabric-api,UNSAT,InterfacePolicy,,Interface Class182 has field Field243
FabricMC__fabric-api,UNSAT,InterfacePolicy,,Interface Class183 has field Field244
FabricMC__fabric-api,UNSAT,InterfacePolicy,,Interface Class185 has field Field248
FabricMC__fabric-api,UNSAT,InterfacePolicy,,Interface Class185 has field Field249
FabricMC__fabric-api,UNSAT,InterfacePolicy,,Interface Class185 has field Field250
FabricMC__fabric-api,UNSAT,InterfacePolicy,,Interface Class188 has field Field251
FabricMC__fabric-api,UNSAT,InterfacePolicy,,Interface Class188 has field Field252
FabricMC__fabric-api,UNSAT,InterfacePolicy,,Interface Class193 has field Field258
FabricMC__fabric-api,UNSAT,InterfacePolicy,,Interface Class193 has field Field259
FabricMC__fabric-api,UNSAT,InterfacePolicy,,Interface Class212 has field Field798
FabricMC__fabric-api,UNSAT,InterfacePolicy,,Interface Class212 has field Field799
FabricMC__fabric-api,UNSAT,InterfacePolicy,,Interface Class220 has field Field816
FabricMC__fabric-api,UNSAT,InterfacePolicy,,Interface Class220 has field Field817
FabricMC__fabric-api,UNSAT,InterfacePolicy,,Interface Class261 has field Field886
FabricMC__fabric-api,UNSAT,InterfacePolicy,,Interface Class261 has field Field887
FabricMC__fabric-api,UNSAT,InterfacePolicy,,Interface Class297 has field Field969
FabricMC__fabric-api,UNSAT,InterfacePolicy,,Interface Class465 has field Field1375
FabricMC__fabric-api,UNSAT,InterfacePolicy,,Interface Class465 has field Field1376
FabricMC__fabric-api,UNSAT,InterfacePolicy,,Interface Class465 has field Field1377
FabricMC__fabric-api,UNSAT,LocalMethodNamespace,,"Duplicate method name 'create' in class Class0: Method1, Method2"
failsafe-lib__failsafe,UNSAT,InterfacePolicy,,Interface Class2 contains non-abstract method Method18
failsafe-lib__failsafe,UNSAT,InterfacePolicy,,Interface Class2 contains non-abstract method Method19
failsafe-lib__failsafe,UNSAT,InterfacePolicy,,Interface Class2 contains non-abstract method Method20
failsafe-lib__failsafe,UNSAT,InterfacePolicy,,Interface Class2 contains non-abstract method Method22
failsafe-lib__failsafe,UNSAT,InterfacePolicy,,Interface Class8 contains non-abstract method Method38
failsafe-lib__failsafe,UNSAT,InterfacePolicy,,Interface Class8 contains non-abstract method Method39
failsafe-lib__failsafe,UNSAT,InterfacePolicy,,Interface Class8 contains non-abstract method Method40
failsafe-lib__failsafe,UNSAT,InterfacePolicy,,Interface Class8 contains non-abstract method Method54
failsafe-lib__failsafe,UNSAT,InterfacePolicy,,Interface Class14 contains non-abstract method Method98
failsafe-lib__failsafe,UNSAT,InterfacePolicy,,Interface Class22 contains non-abstract method Method180
failsafe-lib__failsafe,UNSAT,InterfacePolicy,,Interface Class22 contains non-abstract method Method181
failsafe-lib__failsafe,UNSAT,InterfacePolicy,,Interface Class22 contains non-abstract method Method182
failsafe-lib__failsafe,UNSAT,InterfacePolicy,,Interface Class22 contains non-abstract method Method183
failsafe-lib__failsafe,UNSAT,InterfacePolicy,,Interface Class22 contains non-abstract method Method184
failsafe-lib__failsafe,UNSAT,InterfacePolicy,,Interface Class22 contains non-abstract method Method185
failsafe-lib__failsafe,UNSAT,InterfacePolicy,,Interface Class22 contains non-abstract method Method186
failsafe-lib__failsafe,UNSAT,InterfacePolicy,,Interface Class22 contains non-abstract method Method187
failsafe-lib__failsafe,UNSAT,InterfacePolicy,,Interface Class22 contains non-abstract method Method188
failsafe-lib__failsafe,UNSAT,InterfacePolicy,,Interface Class22 contains non-abstract method Method190
failsafe-lib__failsafe,UNSAT,InterfacePolicy,,Interface Class22 contains non-abstract method Method191
failsafe-lib__failsafe,UNSAT,InterfacePolicy,,Interface Class22 contains non-abstract method Method192
failsafe-lib__failsafe,UNSAT,InterfacePolicy,,Interface Class22 contains non-abstract method Method193
failsafe-lib__failsafe,UNSAT,InterfacePolicy,,Interface Class22 contains non-abstract method Method194
failsafe-lib__failsafe,UNSAT,InterfacePolicy,,Interface Class22 contains non-abstract method Method195
failsafe-lib__failsafe,UNSAT,InterfacePolicy,,Interface Class22 contains non-abstract method Method196
failsafe-lib__failsafe,UNSAT,InterfacePolicy,,Interface Class22 contains non-abstract method Method197
failsafe-lib__failsafe,UNSAT,InterfacePolicy,,Interface Class22 contains non-abstract method Method198
failsafe-lib__failsafe,UNSAT,InterfacePolicy,,Interface Class31 contains non-abstract method Method231
failsafe-lib__failsafe,UNSAT,InterfacePolicy,,Interface Class31 contains non-abstract method Method232
failsafe-lib__failsafe,UNSAT,InterfacePolicy,,Interface Class31 contains non-abstract method Method234
failsafe-lib__failsafe,UNSAT,InterfacePolicy,,Interface Class31 contains non-abstract method Method235
failsafe-lib__failsafe,UNSAT,InterfacePolicy,,Interface Class31 contains non-abstract method Method236
failsafe-lib__failsafe,UNSAT,InterfacePolicy,,Interface Class31 contains non-abstract method Method238
failsafe-lib__failsafe,UNSAT,InterfacePolicy,,Interface Class31 contains non-abstract method Method239
failsafe-lib__failsafe,UNSAT,InterfacePolicy,,Interface Class31 contains non-abstract method Method240
failsafe-lib__failsafe,UNSAT,InterfacePolicy,,Interface Class31 contains non-abstract method Method242
failsafe-lib__failsafe,UNSAT,InterfacePolicy,,Interface Class31 contains non-abstract method Method243
failsafe-lib__failsafe,UNSAT,InterfacePolicy,,Interface Class31 contains non-abstract method Method244
failsafe-lib__failsafe,UNSAT,InterfacePolicy,,Interface Class31 contains non-abstract method Method245
failsafe-lib__failsafe,UNSAT,InterfacePolicy,,Interface Class31 contains non-abstract method Method248
failsafe-lib__failsafe,UNSAT,InterfacePolicy,,Interface Class34 contains non-abstract method Method256
failsafe-lib__failsafe,UNSAT,InterfacePolicy,,Interface Class34 contains non-abstract method Method257
failsafe-lib__failsafe,UNSAT,InterfacePolicy,,Interface Class34 contains non-abstract method Method259
failsafe-lib__failsafe,UNSAT,InterfacePolicy,,Interface Class38 contains non-abstract method Method316
failsafe-lib__failsafe,UNSAT,InterfacePolicy,,Interface Class38 contains non-abstract method Method317
failsafe-lib__failsafe,UNSAT,InterfacePolicy,,Interface Class38 contains non-abstract method Method319
failsafe-lib__failsafe,UNSAT,InterfacePolicy,,Interface Class43 contains non-abstract method Method327
failsafe-lib__failsafe,UNSAT,InterfacePolicy,,Interface Class70 contains non-abstract method Method414
failsafe-lib__failsafe,UNSAT,InterfacePolicy,,Interface Class70 contains non-abstract method Method415
failsafe-lib__failsafe,UNSAT,InterfacePolicy,,Interface Class74 contains non-abstract method Method450
failsafe-lib__failsafe,UNSAT,InterfacePolicy,,Interface Class74 contains non-abstract method Method451
failsafe-lib__failsafe,UNSAT,InterfacePolicy,,Interface Class74 contains non-abstract method Method452
failsafe-lib__failsafe,UNSAT,InterfacePolicy,,Interface Class99 contains non-abstract method Method564
failsafe-lib__failsafe,UNSAT,InterfacePolicy,,Interface Class103 contains non-abstract method Method607
failsafe-lib__failsafe,UNSAT,InterfacePolicy,,Interface Class105 contains non-abstract method Method621
failsafe-lib__failsafe,UNSAT,InterfacePolicy,,Interface Class105 contains non-abstract method Method622
failsafe-lib__failsafe,UNSAT,InterfacePolicy,,Interface Class105 has field Field203
failsafe-lib__failsafe,UNSAT,LocalMethodNamespace,,"Duplicate method name 'complete' in class Class1: Method5, Method6"
felHR85__UsbSerial,UNSAT,InterfacePolicy,,Interface Class33 has field Field523
felHR85__UsbSerial,UNSAT,InterfacePolicy,,Interface Class33 has field Field524
felHR85__UsbSerial,UNSAT,InterfacePolicy,,Interface Class33 has field Field525
felHR85__UsbSerial,UNSAT,InterfacePolicy,,Interface Class33 has field Field526
felHR85__UsbSerial,UNSAT,InterfacePolicy,,Interface Class33 has field Field527
felHR85__UsbSerial,UNSAT,InterfacePolicy,,Interface Class33 has field Field528
felHR85__UsbSerial,UNSAT,InterfacePolicy,,Interface Class33 has field Field529
felHR85__UsbSerial,UNSAT,InterfacePolicy,,Interface Class33 has field Field530
felHR85__UsbSerial,UNSAT,InterfacePolicy,,Interface Class33 has field Field531
felHR85__UsbSerial,UNSAT,InterfacePolicy,,Interface Class33 has field Field532
felHR85__UsbSerial,UNSAT,InterfacePolicy,,Interface Class33 has field Field533
felHR85__UsbSerial,UNSAT,InterfacePolicy,,Interface Class33 has field Field534
felHR85__UsbSerial,UNSAT,InterfacePolicy,,Interface Class33 has field Field535
felHR85__UsbSerial,UNSAT,InterfacePolicy,,Interface Class33 has field Field536
felHR85__UsbSerial,UNSAT,InterfacePolicy,,Interface Class33 has field Field537
felHR85__UsbSerial,UNSAT,InterfacePolicy,,Interface Class33 has field Field538
felHR85__UsbSerial,UNSAT,InterfacePolicy,,Interface Class35 has field Field547
felHR85__UsbSerial,UNSAT,InterfacePolicy,,Interface Class35 has field Field548
felHR85__UsbSerial,UNSAT,InterfacePolicy,,Interface Class35 has field Field549
felHR85__UsbSerial,UNSAT,InterfacePolicy,,Interface Class35 has field Field550
felHR85__UsbSerial,UNSAT,InterfacePolicy,,Interface Class35 has field Field551
felHR85__UsbSerial,UNSAT,InterfacePolicy,,Interface Class35 has field Field552
felHR85__UsbSerial,UNSAT,InterfacePolicy,,Interface Class35 has field Field553
felHR85__UsbSerial,UNSAT,LocalMethodNamespace,,"Duplicate method name 'setBaudRate' in class Class21: Method155, Method156"
ffay__lanproxy,UNSAT,InterfacePolicy,,Interface Class12 has field Field33
ffay__lanproxy,UNSAT,InterfacePolicy,,Interface Class12 has field Field34
ffay__lanproxy,UNSAT,InterfacePolicy,,Interface Class12 has field Field35
ffay__lanproxy,UNSAT,LocalMethodNamespace,,"Duplicate method name 'getStringValue' in class Class7: Method47, Method48"
find-sec-bugs__find-sec-bugs,UNSAT,InterfacePolicy,,Interface Class272 contains non-abstract method Method1278
find-sec-bugs__find-sec-bugs,UNSAT,InterfacePolicy,,Interface Class4 has field Field0
find-sec-bugs__find-sec-bugs,UNSAT,InterfacePolicy,,Interface Class4 has field Field1
find-sec-bugs__find-sec-bugs,UNSAT,InterfacePolicy,,Interface Class4 has field Field2
find-sec-bugs__find-sec-bugs,UNSAT,InterfacePolicy,,Interface Class4 has field Field3
find-sec-bugs__find-sec-bugs,UNSAT,InterfacePolicy,,Interface Class4 has field Field4
find-sec-bugs__find-sec-bugs,UNSAT,InterfacePolicy,,Interface Class4 has field Field5
find-sec-bugs__find-sec-bugs,UNSAT,InterfacePolicy,,Interface Class4 has field Field6
find-sec-bugs__find-sec-bugs,UNSAT,InterfacePolicy,,Interface Class15 has field Field99
find-sec-bugs__find-sec-bugs,UNSAT,InterfacePolicy,,Interface Class15 has field Field100
find-sec-bugs__find-sec-bugs,UNSAT,InterfacePolicy,,Interface Class15 has field Field101
find-sec-bugs__find-sec-bugs,UNSAT,InterfacePolicy,,Interface Class15 has field Field102
find-sec-bugs__find-sec-bugs,UNSAT,InterfacePolicy,,Interface Class15 has field Field103
find-sec-bugs__find-sec-bugs,UNSAT,InterfacePolicy,,Interface Class37 has field Field149
find-sec-bugs__find-sec-bugs,UNSAT,InterfacePolicy,,Interface Class37 has field Field150
find-sec-bugs__find-sec-bugs,UNSAT,InterfacePolicy,,Interface Class239 has field Field614
find-sec-bugs__find-sec-bugs,UNSAT,InterfacePolicy,,Interface Class375 has field Field649
find-sec-bugs__find-sec-bugs,UNSAT,InterfacePolicy,,Interface Class375 has field Field650
find-sec-bugs__find-sec-bugs,UNSAT,InterfacePolicy,,Interface Class377 has field Field651
find-sec-bugs__find-sec-bugs,UNSAT,InterfacePolicy,,Interface Class381 has field Field653
find-sec-bugs__find-sec-bugs,UNSAT,InterfacePolicy,,Interface Class381 has field Field654
find-sec-bugs__find-sec-bugs,UNSAT,InterfacePolicy,,Interface Class381 has field Field655
find-sec-bugs__find-sec-bugs,UNSAT,InterfacePolicy,,Interface Class381 has field Field656
find-sec-bugs__find-sec-bugs,UNSAT,InterfacePolicy,,Interface Class642 has field Field681
find-sec-bugs__find-sec-bugs,UNSAT,LocalMethodNamespace,,"Duplicate method name 'openFile' in class Class5: Method22, Method23"
fishercoder1534__Leetcode,UNSAT,LocalMethodNamespace,,"Duplicate method name 'printList' in class Class13: Method57, Method58"
FJ-OMS__oms-erp,UNSAT,InterfacePolicy,,Interface Class950 contains non-abstract method Method2155
FJ-OMS__oms-erp,UNSAT,InterfacePolicy,,Interface Class955 contains non-abstract method Method2169
FJ-OMS__oms-erp,UNSAT,InterfacePolicy,,Interface Class958 contains non-abstract method Method2178
FJ-OMS__oms-erp,UNSAT,InterfacePolicy,,Interface Class109 has field Field485
FJ-OMS__oms-erp,UNSAT,InterfacePolicy,,Interface Class109 has field Field486
FJ-OMS__oms-erp,UNSAT,InterfacePolicy,,Interface Class109 has field Field487
FJ-OMS__oms-erp,UNSAT,InterfacePolicy,,Interface Class109 has field Field488
FJ-OMS__oms-erp,UNSAT,InterfacePolicy,,Interface Class109 has field Field489
FJ-OMS__oms-erp,UNSAT,InterfacePolicy,,Interface Class109 has field Field490
FJ-OMS__oms-erp,UNSAT,InterfacePolicy,,Interface Class109 has field Field491
FJ-OMS__oms-erp,UNSAT,InterfacePolicy,,Interface Class109 has field Field492
FJ-OMS__oms-erp,UNSAT,InterfacePolicy,,Interface Class109 has field Field493
FJ-OMS__oms-erp,UNSAT,InterfacePolicy,,Interface Class109 has field Field494
FJ-OMS__oms-erp,UNSAT,InterfacePolicy,,Interface Class109 has field Field495
FJ-OMS__oms-erp,UNSAT,InterfacePolicy,,Interface Class405 has field Field1984
FJ-OMS__oms-erp,UNSAT,InterfacePolicy,,Interface Class405 has field Field1985
FJ-OMS__oms-erp,UNSAT,InterfacePolicy,,Interface Class405 has field Field1986
FJ-OMS__oms-erp,UNSAT,InterfacePolicy,,Interface Class405 has field Field1987
FJ-OMS__oms-erp,UNSAT,InterfacePolicy,,Interface Class405 has field Field1988
FJ-OMS__oms-erp,UNSAT,InterfacePolicy,,Interface Class405 has field Field1989
FJ-OMS__oms-erp,UNSAT,InterfacePolicy,,Interface Class405 has field Field1990
FJ-OMS__oms-erp,UNSAT,InterfacePolicy,,Interface Class405 has field Field1991
FJ-OMS__oms-erp,UNSAT,InterfacePolicy,,Interface Class405 has field Field1992
FJ-OMS__oms-erp,UNSAT,InterfacePolicy,,Interface Class405 has field Field1993
FJ-OMS__oms-erp,UNSAT,InterfacePolicy,,Interface Class405 has field Field1994
FJ-OMS__oms-erp,UNSAT,InterfacePolicy,,Interface Class405 has field Field1995
FJ-OMS__oms-erp,UNSAT,InterfacePolicy,,Interface Class808 has field Field4933
FJ-OMS__oms-erp,UNSAT,InterfacePolicy,,Interface Class808 has field Field4934
FJ-OMS__oms-erp,UNSAT,InterfacePolicy,,Interface Class808 has field Field4935
FJ-OMS__oms-erp,UNSAT,InterfacePolicy,,Interface Class808 has field Field4936
FJ-OMS__oms-erp,UNSAT,InterfacePolicy,,Interface Class808 has field Field4937
FJ-OMS__oms-erp,UNSAT,InterfacePolicy,,Interface Class808 has field Field4938
FJ-OMS__oms-erp,UNSAT,InterfacePolicy,,Interface Class808 has field Field4939
FJ-OMS__oms-erp,UNSAT,InterfacePolicy,,Interface Class808 has field Field4940
FJ-OMS__oms-erp,UNSAT,InterfacePolicy,,Interface Class808 has field Field4941
FJ-OMS__oms-erp,UNSAT,InterfacePolicy,,Interface Class808 has field Field4942
FJ-OMS__oms-erp,UNSAT,InterfacePolicy,,Interface Class808 has field Field4943
FJ-OMS__oms-erp,UNSAT,InterfacePolicy,,Interface Class1153 has field Field6890
FJ-OMS__oms-erp,UNSAT,InterfacePolicy,,Interface Class1153 has field Field6891
FJ-OMS__oms-erp,UNSAT,InterfacePolicy,,Interface Class1153 has field Field6892
FJ-OMS__oms-erp,UNSAT,InterfacePolicy,,Interface Class1153 has field Field6893
FJ-OMS__oms-erp,UNSAT,InterfacePolicy,,Interface Class1153 has field Field6894
FJ-OMS__oms-erp,UNSAT,InterfacePolicy,,Interface Class1153 has field Field6895
FJ-OMS__oms-erp,UNSAT,InterfacePolicy,,Interface Class1153 has field Field6896
FJ-OMS__oms-erp,UNSAT,InterfacePolicy,,Interface Class1153 has field Field6897
FJ-OMS__oms-erp,UNSAT,InterfacePolicy,,Interface Class1153 has field Field6898
FJ-OMS__oms-erp,UNSAT,InterfacePolicy,,Interface Class1153 has field Field6899
FJ-OMS__oms-erp,UNSAT,InterfacePolicy,,Interface Class1153 has field Field6900
FJ-OMS__oms-erp,UNSAT,LocalMethodNamespace,,"Duplicate method name 'applyCustomizeRule' in class Class26: Method88, Method89"
freeok__so-novel,UNSAT,InterfacePolicy,,Interface Class31 contains non-abstract method Method63
freeok__so-novel,UNSAT,LocalMethodNamespace,,"Duplicate method name 'create' in class Class10: Method22, Method23, Method24"
fuzhengwei__itstack-demo-design,UNSAT,IdentifierIntegrity,,"Duplicate name 'org.itstack.demo.design.QuestionBankController' used by: Class63, Class64"
fuzhengwei__itstack-demo-design,UNSAT,IdentifierIntegrity,,"Duplicate name 'org.itstack.demo.design.LotteryServiceImpl' used by: Class51, Class52"
fuzhengwei__itstack-demo-design,UNSAT,IdentifierIntegrity,,"Duplicate name 'org.itstack.demo.design.ActivityController' used by: Class9, Class10"
fuzhengwei__itstack-demo-design,UNSAT,IdentifierIntegrity,,"Duplicate name 'org.itstack.demo.design.LoginSsoDecorator' used by: Class45, Class46"
fuzhengwei__itstack-demo-design,UNSAT,IdentifierIntegrity,,"Duplicate name 'org.itstack.demo.design.LotteryService' used by: Class49, Class50"
fuzhengwei__itstack-demo-design,UNSAT,IdentifierIntegrity,,"Duplicate name 'org.itstack.demo.design.cuisine.impl.CacheServiceImpl' used by: Class105, Class106"
fuzhengwei__itstack-demo-design,UNSAT,IdentifierIntegrity,,"Duplicate name 'org.itstack.demo.design.Result' used by: Class67, Class68"
fuzhengwei__itstack-demo-design,UNSAT,IdentifierIntegrity,,"Duplicate name 'org.itstack.demo.design.XiaoEr' used by: Class84, Class85"
fuzhengwei__itstack-demo-design,UNSAT,IdentifierIntegrity,,"Duplicate name 'org.itstack.demo.design.LotteryResult' used by: Class47, Class48"
fuzhengwei__itstack-demo-design,UNSAT,IdentifierIntegrity,,"Duplicate name 'org.itstack.demo.design.CacheService' used by: Class24, Class25"
fuzhengwei__itstack-demo-design,UNSAT,LocalMethodNamespace,,"Duplicate method name 'set' in class Class0: Method2, Method3"
GcsSloop__AndroidNote,SAT,,,All metamodel constraints hold
geekidea__spring-boot-plus,UNSAT,InterfacePolicy,,Interface Class110 contains non-abstract method Method262
geekidea__spring-boot-plus,UNSAT,InterfacePolicy,,Interface Class110 contains non-abstract method Method263
geekidea__spring-boot-plus,UNSAT,InterfacePolicy,,Interface Class110 contains non-abstract method Method264
geekidea__spring-boot-plus,UNSAT,InterfacePolicy,,Interface Class110 contains non-abstract method Method265
geekidea__spring-boot-plus,UNSAT,InterfacePolicy,,Interface Class40 has field Field68
geekidea__spring-boot-plus,UNSAT,InterfacePolicy,,Interface Class40 has field Field69
geekidea__spring-boot-plus,UNSAT,InterfacePolicy,,Interface Class40 has field Field70
geekidea__spring-boot-plus,UNSAT,InterfacePolicy,,Interface Class40 has field Field71
geekidea__spring-boot-plus,UNSAT,InterfacePolicy,,Interface Class41 has field Field72
geekidea__spring-boot-plus,UNSAT,InterfacePolicy,,Interface Class41 has field Field73
geekidea__spring-boot-plus,UNSAT,InterfacePolicy,,Interface Class41 has field Field74
geekidea__spring-boot-plus,UNSAT,InterfacePolicy,,Interface Class41 has field Field75
geekidea__spring-boot-plus,UNSAT,InterfacePolicy,,Interface Class41 has field Field76
geekidea__spring-boot-plus,UNSAT,InterfacePolicy,,Interface Class41 has field Field77
geekidea__spring-boot-plus,UNSAT,InterfacePolicy,,Interface Class41 has field Field78
geekidea__spring-boot-plus,UNSAT,InterfacePolicy,,Interface Class41 has field Field79
geekidea__spring-boot-plus,UNSAT,InterfacePolicy,,Interface Class41 has field Field80
geekidea__spring-boot-plus,UNSAT,InterfacePolicy,,Interface Class41 has field Field81
geekidea__spring-boot-plus,UNSAT,InterfacePolicy,,Interface Class41 has field Field82
geekidea__spring-boot-plus,UNSAT,InterfacePolicy,,Interface Class41 has field Field83
geekidea__spring-boot-plus,UNSAT,InterfacePolicy,,Interface Class41 has field Field84
geekidea__spring-boot-plus,UNSAT,InterfacePolicy,,Interface Class41 has field Field85
geekidea__spring-boot-plus,UNSAT,InterfacePolicy,,Interface Class41 has field Field86
geekidea__spring-boot-plus,UNSAT,InterfacePolicy,,Interface Class41 has field Field87
geekidea__spring-boot-plus,UNSAT,InterfacePolicy,,Interface Class41 has field Field88
geekidea__spring-boot-plus,UNSAT,InterfacePolicy,,Interface Class41 has field Field89
geekidea__spring-boot-plus,UNSAT,InterfacePolicy,,Interface Class41 has field Field90
geekidea__spring-boot-plus,UNSAT,InterfacePolicy,,Interface Class42 has field Field91
geekidea__spring-boot-plus,UNSAT,InterfacePolicy,,Interface Class42 has field Field92
geekidea__spring-boot-plus,UNSAT,InterfacePolicy,,Interface Class42 has field Field93
geekidea__spring-boot-plus,UNSAT,InterfacePolicy,,Interface Class42 has field Field94
geekidea__spring-boot-plus,UNSAT,InterfacePolicy,,Interface Class42 has field Field95
geekidea__spring-boot-plus,UNSAT,InterfacePolicy,,Interface Class42 has field Field96
geekidea__spring-boot-plus,UNSAT,InterfacePolicy,,Interface Class42 has field Field97
geekidea__spring-boot-plus,UNSAT,InterfacePolicy,,Interface Class42 has field Field98
geekidea__spring-boot-plus,UNSAT,InterfacePolicy,,Interface Class42 has field Field99
geekidea__spring-boot-plus,UNSAT,InterfacePolicy,,Interface Class42 has field Field100
geekidea__spring-boot-plus,UNSAT,InterfacePolicy,,Interface Class42 has field Field101
geekidea__spring-boot-plus,UNSAT,InterfacePolicy,,Interface Class42 has field Field102
geekidea__spring-boot-plus,UNSAT,InterfacePolicy,,Interface Class42 has field Field103
geekidea__spring-boot-plus,UNSAT,InterfacePolicy,,Interface Class42 has field Field104
geekidea__spring-boot-plus,UNSAT,InterfacePolicy,,Interface Class42 has field Field105
geekidea__spring-boot-plus,UNSAT,InterfacePolicy,,Interface Class43 has field Field106
geekidea__spring-boot-plus,UNSAT,InterfacePolicy,,Interface Class44 has field Field107
geekidea__spring-boot-plus,UNSAT,InterfacePolicy,,Interface Class44 has field Field108
geekidea__spring-boot-plus,UNSAT,InterfacePolicy,,Interface Class46 has field Field109
geekidea__spring-boot-plus,UNSAT,InterfacePolicy,,Interface Class47 has field Field110
geekidea__spring-boot-plus,UNSAT,InterfacePolicy,,Interface Class47 has field Field111
geekidea__spring-boot-plus,UNSAT,InterfacePolicy,,Interface Class47 has field Field112
geekidea__spring-boot-plus,UNSAT,InterfacePolicy,,Interface Class47 has field Field113
geekidea__spring-boot-plus,UNSAT,InterfacePolicy,,Interface Class47 has field Field114
geekidea__spring-boot-plus,UNSAT,InterfacePolicy,,Interface Class47 has field Field115
geekidea__spring-boot-plus,UNSAT,InterfacePolicy,,Interface Class47 has field Field116
geekidea__spring-boot-plus,UNSAT,InterfacePolicy,,Interface Class47 has field Field117
geekidea__spring-boot-plus,UNSAT,InterfacePolicy,,Interface Class47 has field Field118
geekidea__spring-boot-plus,UNSAT,InterfacePolicy,,Interface Class128 has field Field402
geekidea__spring-boot-plus,UNSAT,InterfacePolicy,,Interface Class128 has field Field403
geekidea__spring-boot-plus,UNSAT,InterfacePolicy,,Interface Class128 has field Field404
geekidea__spring-boot-plus,UNSAT,InterfacePolicy,,Interface Class128 has field Field405
geekidea__spring-boot-plus,UNSAT,InterfacePolicy,,Interface Class128 has field Field406
geekidea__spring-boot-plus,UNSAT,InterfacePolicy,,Interface Class128 has field Field407
geekidea__spring-boot-plus,UNSAT,InterfacePolicy,,Interface Class128 has field Field408
geekidea__spring-boot-plus,UNSAT,InterfacePolicy,,Interface Class128 has field Field409
geekidea__spring-boot-plus,UNSAT,InterfacePolicy,,Interface Class128 has field Field410
geekidea__spring-boot-plus,UNSAT,InterfacePolicy,,Interface Class128 has field Field411
geekidea__spring-boot-plus,UNSAT,InterfacePolicy,,Interface Class128 has field Field412
geekidea__spring-boot-plus,UNSAT,InterfacePolicy,,Interface Class128 has field Field413
geekidea__spring-boot-plus,UNSAT,InterfacePolicy,,Interface Class128 has field Field414
geekidea__spring-boot-plus,UNSAT,InterfacePolicy,,Interface Class128 has field Field415
geekidea__spring-boot-plus,UNSAT,InterfacePolicy,,Interface Class128 has field Field416
geekidea__spring-boot-plus,UNSAT,InterfacePolicy,,Interface Class128 has field Field417
geekidea__spring-boot-plus,UNSAT,InterfacePolicy,,Interface Class128 has field Field418
geekidea__spring-boot-plus,UNSAT,InterfacePolicy,,Interface Class128 has field Field419
geekidea__spring-boot-plus,UNSAT,InterfacePolicy,,Interface Class128 has field Field420
geekidea__spring-boot-plus,UNSAT,InterfacePolicy,,Interface Class128 has field Field421
geekidea__spring-boot-plus,UNSAT,InterfacePolicy,,Interface Class128 has field Field422
geekidea__spring-boot-plus,UNSAT,InterfacePolicy,,Interface Class128 has field Field423
geekidea__spring-boot-plus,UNSAT,InterfacePolicy,,Interface Class128 has field Field424
geekidea__spring-boot-plus,UNSAT,InterfacePolicy,,Interface Class128 has field Field425
geekidea__spring-boot-plus,UNSAT,InterfacePolicy,,Interface Class128 has field Field426
geekidea__spring-boot-plus,UNSAT,InterfacePolicy,,Interface Class128 has field Field427
geekidea__spring-boot-plus,UNSAT,InterfacePolicy,,Interface Class128 has field Field428
geekidea__spring-boot-plus,UNSAT,InterfacePolicy,,Interface Class128 has field Field429
geekidea__spring-boot-plus,UNSAT,InterfacePolicy,,Interface Class128 has field Field430
geekidea__spring-boot-plus,UNSAT,InterfacePolicy,,Interface Class128 has field Field431
geekidea__spring-boot-plus,UNSAT,InterfacePolicy,,Interface Class128 has field Field432
geekidea__spring-boot-plus,UNSAT,InterfacePolicy,,Interface Class128 has field Field433
geekidea__spring-boot-plus,UNSAT,InterfacePolicy,,Interface Class128 has field Field434
geekidea__spring-boot-plus,UNSAT,InterfacePolicy,,Interface Class128 has field Field435
geekidea__spring-boot-plus,UNSAT,InterfacePolicy,,Interface Class128 has field Field436
geekidea__spring-boot-plus,UNSAT,InterfacePolicy,,Interface Class128 has field Field437
geekidea__spring-boot-plus,UNSAT,InterfacePolicy,,Interface Class128 has field Field438
geekidea__spring-boot-plus,UNSAT,InterfacePolicy,,Interface Class128 has field Field439
geekidea__spring-boot-plus,UNSAT,InterfacePolicy,,Interface Class128 has field Field440
geekidea__spring-boot-plus,UNSAT,InterfacePolicy,,Interface Class128 has field Field441
geekidea__spring-boot-plus,UNSAT,InterfacePolicy,,Interface Class128 has field Field442
geekidea__spring-boot-plus,UNSAT,InterfacePolicy,,Interface Class128 has field Field443
geekidea__spring-boot-plus,UNSAT,InterfacePolicy,,Interface Class128 has field Field444
geekidea__spring-boot-plus,UNSAT,InterfacePolicy,,Interface Class128 has field Field445
geekidea__spring-boot-plus,UNSAT,InterfacePolicy,,Interface Class128 has field Field446
geekidea__spring-boot-plus,UNSAT,InterfacePolicy,,Interface Class128 has field Field447
geekidea__spring-boot-plus,UNSAT,InterfacePolicy,,Interface Class128 has field Field448
geekidea__spring-boot-plus,UNSAT,InterfacePolicy,,Interface Class128 has field Field449
geekidea__spring-boot-plus,UNSAT,InterfacePolicy,,Interface Class128 has field Field450
geekidea__spring-boot-plus,UNSAT,InterfacePolicy,,Interface Class128 has field Field451
geekidea__spring-boot-plus,UNSAT,InterfacePolicy,,Interface Class128 has field Field452
geekidea__spring-boot-plus,UNSAT,InterfacePolicy,,Interface Class128 has field Field453
geekidea__spring-boot-plus,UNSAT,InterfacePolicy,,Interface Class128 has field Field454
geekidea__spring-boot-plus,UNSAT,InterfacePolicy,,Interface Class128 has field Field455
geekidea__spring-boot-plus,UNSAT,InterfacePolicy,,Interface Class128 has field Field456
geekidea__spring-boot-plus,UNSAT,InterfacePolicy,,Interface Class128 has field Field457
geekidea__spring-boot-plus,UNSAT,InterfacePolicy,,Interface Class128 has field Field458
geekidea__spring-boot-plus,UNSAT,InterfacePolicy,,Interface Class128 has field Field459
geekidea__spring-boot-plus,UNSAT,InterfacePolicy,,Interface Class128 has field Field460
geekidea__spring-boot-plus,UNSAT,InterfacePolicy,,Interface Class128 has field Field461
geekidea__spring-boot-plus,UNSAT,InterfacePolicy,,Interface Class128 has field Field462
geekidea__spring-boot-plus,UNSAT,InterfacePolicy,,Interface Class128 has field Field463
geekidea__spring-boot-plus,UNSAT,InterfacePolicy,,Interface Class128 has field Field464
geekidea__spring-boot-plus,UNSAT,InterfacePolicy,,Interface Class128 has field Field465
geekidea__spring-boot-plus,UNSAT,InterfacePolicy,,Interface Class128 has field Field466
geekidea__spring-boot-plus,UNSAT,InterfacePolicy,,Interface Class128 has field Field467
geekidea__spring-boot-plus,UNSAT,InterfacePolicy,,Interface Class128 has field Field468
geekidea__spring-boot-plus,UNSAT,InterfacePolicy,,Interface Class128 has field Field469
geekidea__spring-boot-plus,UNSAT,InterfacePolicy,,Interface Class128 has field Field470
geekidea__spring-boot-plus,UNSAT,InterfacePolicy,,Interface Class128 has field Field471
geekidea__spring-boot-plus,UNSAT,InterfacePolicy,,Interface Class128 has field Field472
geekidea__spring-boot-plus,UNSAT,InterfacePolicy,,Interface Class128 has field Field473
geekidea__spring-boot-plus,UNSAT,InterfacePolicy,,Interface Class128 has field Field474
geekidea__spring-boot-plus,UNSAT,InterfacePolicy,,Interface Class128 has field Field475
geekidea__spring-boot-plus,UNSAT,InterfacePolicy,,Interface Class128 has field Field476
geekidea__spring-boot-plus,UNSAT,InterfacePolicy,,Interface Class128 has field Field477
geekidea__spring-boot-plus,UNSAT,InterfacePolicy,,Interface Class128 has field Field478
geekidea__spring-boot-plus,UNSAT,InterfacePolicy,,Interface Class128 has field Field479
geekidea__spring-boot-plus,UNSAT,InterfacePolicy,,Interface Class128 has field Field480
geekidea__spring-boot-plus,UNSAT,InterfacePolicy,,Interface Class128 has field Field481
geekidea__spring-boot-plus,UNSAT,InterfacePolicy,,Interface Class128 has field Field482
geekidea__spring-boot-plus,UNSAT,InterfacePolicy,,Interface Class128 has field Field483
geekidea__spring-boot-plus,UNSAT,InterfacePolicy,,Interface Class128 has field Field484
geekidea__spring-boot-plus,UNSAT,InterfacePolicy,,Interface Class128 has field Field485
geekidea__spring-boot-plus,UNSAT,InterfacePolicy,,Interface Class128 has field Field486
geekidea__spring-boot-plus,UNSAT,InterfacePolicy,,Interface Class128 has field Field487
geekidea__spring-boot-plus,UNSAT,InterfacePolicy,,Interface Class128 has field Field488
geekidea__spring-boot-plus,UNSAT,InterfacePolicy,,Interface Class128 has field Field489
geekidea__spring-boot-plus,UNSAT,InterfacePolicy,,Interface Class128 has field Field490
geekidea__spring-boot-plus,UNSAT,InterfacePolicy,,Interface Class128 has field Field491
geekidea__spring-boot-plus,UNSAT,InterfacePolicy,,Interface Class128 has field Field492
geekidea__spring-boot-plus,UNSAT,InterfacePolicy,,Interface Class128 has field Field493
geekidea__spring-boot-plus,UNSAT,InterfacePolicy,,Interface Class128 has field Field494
geekidea__spring-boot-plus,UNSAT,InterfacePolicy,,Interface Class128 has field Field495
geekidea__spring-boot-plus,UNSAT,InterfacePolicy,,Interface Class128 has field Field496
geekidea__spring-boot-plus,UNSAT,InterfacePolicy,,Interface Class128 has field Field497
geekidea__spring-boot-plus,UNSAT,InterfacePolicy,,Interface Class128 has field Field498
geekidea__spring-boot-plus,UNSAT,InterfacePolicy,,Interface Class128 has field Field499
geekidea__spring-boot-plus,UNSAT,InterfacePolicy,,Interface Class128 has field Field500
geekidea__spring-boot-plus,UNSAT,InterfacePolicy,,Interface Class128 has field Field501
geekidea__spring-boot-plus,UNSAT,InterfacePolicy,,Interface Class128 has field Field502
geekidea__spring-boot-plus,UNSAT,InterfacePolicy,,Interface Class128 has field Field503
geekidea__spring-boot-plus,UNSAT,InterfacePolicy,,Interface Class128 has field Field504
geekidea__spring-boot-plus,UNSAT,InterfacePolicy,,Interface Class128 has field Field505
geekidea__spring-boot-plus,UNSAT,InterfacePolicy,,Interface Class128 has field Field506
geekidea__spring-boot-plus,UNSAT,InterfacePolicy,,Interface Class128 has field Field507
geekidea__spring-boot-plus,UNSAT,InterfacePolicy,,Interface Class128 has field Field508
geekidea__spring-boot-plus,UNSAT,InterfacePolicy,,Interface Class128 has field Field509
geekidea__spring-boot-plus,UNSAT,InterfacePolicy,,Interface Class128 has field Field510
geekidea__spring-boot-plus,UNSAT,InterfacePolicy,,Interface Class128 has field Field511
geekidea__spring-boot-plus,UNSAT,InterfacePolicy,,Interface Class128 has field Field512
geekidea__spring-boot-plus,UNSAT,InterfacePolicy,,Interface Class128 has field Field513
geekidea__spring-boot-plus,UNSAT,InterfacePolicy,,Interface Class128 has field Field514
geekidea__spring-boot-plus,UNSAT,InterfacePolicy,,Interface Class128 has field Field515
geekidea__spring-boot-plus,UNSAT,InterfacePolicy,,Interface Class128 has field Field516
geekidea__spring-boot-plus,UNSAT,InterfacePolicy,,Interface Class128 has field Field517
geekidea__spring-boot-plus,UNSAT,InterfacePolicy,,Interface Class128 has field Field518
geekidea__spring-boot-plus,UNSAT,InterfacePolicy,,Interface Class128 has field Field519
geekidea__spring-boot-plus,UNSAT,InterfacePolicy,,Interface Class128 has field Field520
geekidea__spring-boot-plus,UNSAT,InterfacePolicy,,Interface Class128 has field Field521
geekidea__spring-boot-plus,UNSAT,InterfacePolicy,,Interface Class128 has field Field522
geekidea__spring-boot-plus,UNSAT,InterfacePolicy,,Interface Class128 has field Field523
geekidea__spring-boot-plus,UNSAT,InterfacePolicy,,Interface Class128 has field Field524
geekidea__spring-boot-plus,UNSAT,InterfacePolicy,,Interface Class128 has field Field525
geekidea__spring-boot-plus,UNSAT,InterfacePolicy,,Interface Class128 has field Field526
geekidea__spring-boot-plus,UNSAT,InterfacePolicy,,Interface Class128 has field Field527
geekidea__spring-boot-plus,UNSAT,InterfacePolicy,,Interface Class128 has field Field528
geekidea__spring-boot-plus,UNSAT,InterfacePolicy,,Interface Class128 has field Field529
geekidea__spring-boot-plus,UNSAT,InterfacePolicy,,Interface Class128 has field Field530
geekidea__spring-boot-plus,UNSAT,InterfacePolicy,,Interface Class128 has field Field531
geekidea__spring-boot-plus,UNSAT,InterfacePolicy,,Interface Class128 has field Field532
geekidea__spring-boot-plus,UNSAT,InterfacePolicy,,Interface Class128 has field Field533
geekidea__spring-boot-plus,UNSAT,InterfacePolicy,,Interface Class128 has field Field534
geekidea__spring-boot-plus,UNSAT,InterfacePolicy,,Interface Class128 has field Field535
geekidea__spring-boot-plus,UNSAT,InterfacePolicy,,Interface Class128 has field Field536
geekidea__spring-boot-plus,UNSAT,InterfacePolicy,,Interface Class128 has field Field537
geekidea__spring-boot-plus,UNSAT,InterfacePolicy,,Interface Class128 has field Field538
geekidea__spring-boot-plus,UNSAT,InterfacePolicy,,Interface Class128 has field Field539
geekidea__spring-boot-plus,UNSAT,InterfacePolicy,,Interface Class128 has field Field540
geekidea__spring-boot-plus,UNSAT,InterfacePolicy,,Interface Class128 has field Field541
geekidea__spring-boot-plus,UNSAT,InterfacePolicy,,Interface Class128 has field Field542
geekidea__spring-boot-plus,UNSAT,InterfacePolicy,,Interface Class128 has field Field543
geekidea__spring-boot-plus,UNSAT,InterfacePolicy,,Interface Class128 has field Field544
geekidea__spring-boot-plus,UNSAT,InterfacePolicy,,Interface Class128 has field Field545
geekidea__spring-boot-plus,UNSAT,InterfacePolicy,,Interface Class128 has field Field546
geekidea__spring-boot-plus,UNSAT,InterfacePolicy,,Interface Class128 has field Field547
geekidea__spring-boot-plus,UNSAT,InterfacePolicy,,Interface Class128 has field Field548
geekidea__spring-boot-plus,UNSAT,InterfacePolicy,,Interface Class128 has field Field549
geekidea__spring-boot-plus,UNSAT,InterfacePolicy,,Interface Class128 has field Field550
geekidea__spring-boot-plus,UNSAT,InterfacePolicy,,Interface Class128 has field Field551
geekidea__spring-boot-plus,UNSAT,InterfacePolicy,,Interface Class128 has field Field552
geekidea__spring-boot-plus,UNSAT,InterfacePolicy,,Interface Class128 has field Field553
geekidea__spring-boot-plus,UNSAT,InterfacePolicy,,Interface Class128 has field Field554
geekidea__spring-boot-plus,UNSAT,InterfacePolicy,,Interface Class128 has field Field555
geekidea__spring-boot-plus,UNSAT,InterfacePolicy,,Interface Class128 has field Field556
geekidea__spring-boot-plus,UNSAT,InterfacePolicy,,Interface Class128 has field Field557
geekidea__spring-boot-plus,UNSAT,InterfacePolicy,,Interface Class128 has field Field558
geekidea__spring-boot-plus,UNSAT,LocalMethodNamespace,,"Duplicate method name 'getDesc' in class Class17: Method31, Method32"
Genymobile__gnirehtet,UNSAT,InterfacePolicy,,Interface Class39 contains non-abstract method Method336
Genymobile__gnirehtet,UNSAT,LocalMethodNamespace,,"Duplicate method name 'unsigned' in class Class1: Method15, Method16, Method17"
GlowstoneMC__Glowstone,UNSAT,InterfacePolicy,,Interface Class493 contains non-abstract method Method3862
GlowstoneMC__Glowstone,UNSAT,InterfacePolicy,,Interface Class1136 contains non-abstract method Method6101
GlowstoneMC__Glowstone,UNSAT,InterfacePolicy,,Interface Class1136 contains non-abstract method Method6102
GlowstoneMC__Glowstone,UNSAT,InterfacePolicy,,Interface Class1136 contains non-abstract method Method6103
GlowstoneMC__Glowstone,UNSAT,InterfacePolicy,,Interface Class270 has field Field519
GlowstoneMC__Glowstone,UNSAT,InterfacePolicy,,Interface Class270 has field Field520
GlowstoneMC__Glowstone,UNSAT,InterfacePolicy,,Interface Class270 has field Field521
GlowstoneMC__Glowstone,UNSAT,InterfacePolicy,,Interface Class270 has field Field522
GlowstoneMC__Glowstone,UNSAT,InterfacePolicy,,Interface Class270 has field Field523
GlowstoneMC__Glowstone,UNSAT,InterfacePolicy,,Interface Class270 has field Field524
GlowstoneMC__Glowstone,UNSAT,InterfacePolicy,,Interface Class270 has field Field525
GlowstoneMC__Glowstone,UNSAT,InterfacePolicy,,Interface Class270 has field Field526
GlowstoneMC__Glowstone,UNSAT,InterfacePolicy,,Interface Class270 has field Field527
GlowstoneMC__Glowstone,UNSAT,InterfacePolicy,,Interface Class270 has field Field528
GlowstoneMC__Glowstone,UNSAT,InterfacePolicy,,Interface Class270 has field Field529
GlowstoneMC__Glowstone,UNSAT,InterfacePolicy,,Interface Class270 has field Field530
GlowstoneMC__Glowstone,UNSAT,InterfacePolicy,,Interface Class270 has field Field531
GlowstoneMC__Glowstone,UNSAT,InterfacePolicy,,Interface Class270 has field Field532
GlowstoneMC__Glowstone,UNSAT,InterfacePolicy,,Interface Class270 has field Field533
GlowstoneMC__Glowstone,UNSAT,InterfacePolicy,,Interface Class270 has field Field534
GlowstoneMC__Glowstone,UNSAT,InterfacePolicy,,Interface Class270 has field Field535
GlowstoneMC__Glowstone,UNSAT,InterfacePolicy,,Interface Class270 has field Field536
GlowstoneMC__Glowstone,UNSAT,InterfacePolicy,,Interface Class270 has field Field537
GlowstoneMC__Glowstone,UNSAT,InterfacePolicy,,Interface Class270 has field Field538
GlowstoneMC__Glowstone,UNSAT,InterfacePolicy,,Interface Class493 has field Field1395
GlowstoneMC__Glowstone,UNSAT,LocalMethodNamespace,,"Duplicate method name 'onPlayerInteract' in class Class1: Method9, Method10"
gongwen__MarqueeViewLibrary,UNSAT,LocalMethodNamespace,,"Duplicate method name 'setInAndOutAnim' in class Class1: Method10, Method11"
googlemaps__google-maps-services-java,UNSAT,LocalMethodNamespace,,"Duplicate method name 'origin' in class Class1: Method12, Method13"
google__bundletool,UNSAT,InterfacePolicy,,Interface Class2 contains non-abstract method Method5
google__bundletool,UNSAT,InterfacePolicy,,Interface Class2 contains non-abstract method Method6
google__bundletool,UNSAT,InterfacePolicy,,Interface Class3 contains non-abstract method Method8
google__bundletool,UNSAT,InterfacePolicy,,Interface Class6 contains non-abstract method Method17
google__bundletool,UNSAT,InterfacePolicy,,Interface Class104 contains non-abstract method Method870
google__bundletool,UNSAT,InterfacePolicy,,Interface Class104 contains non-abstract method Method875
google__bundletool,UNSAT,InterfacePolicy,,Interface Class119 contains non-abstract method Method952
google__bundletool,UNSAT,InterfacePolicy,,Interface Class119 contains non-abstract method Method953
google__bundletool,UNSAT,InterfacePolicy,,Interface Class119 contains non-abstract method Method954
google__bundletool,UNSAT,InterfacePolicy,,Interface Class120 contains non-abstract method Method956
google__bundletool,UNSAT,InterfacePolicy,,Interface Class120 contains non-abstract method Method957
google__bundletool,UNSAT,InterfacePolicy,,Interface Class120 contains non-abstract method Method958
google__bundletool,UNSAT,InterfacePolicy,,Interface Class120 contains non-abstract method Method960
google__bundletool,UNSAT,InterfacePolicy,,Interface Class130 contains non-abstract method Method1035
google__bundletool,UNSAT,InterfacePolicy,,Interface Class154 contains non-abstract method Method1245
google__bundletool,UNSAT,InterfacePolicy,,Interface Class154 contains non-abstract method Method1246
google__bundletool,UNSAT,InterfacePolicy,,Interface Class230 contains non-abstract method Method1757
google__bundletool,UNSAT,InterfacePolicy,,Interface Class230 contains non-abstract method Method1758
google__bundletool,UNSAT,InterfacePolicy,,Interface Class232 contains non-abstract method Method1768
google__bundletool,UNSAT,InterfacePolicy,,Interface Class3 has field Field2
google__bundletool,UNSAT,InterfacePolicy,,Interface Class119 has field Field438
google__bundletool,UNSAT,InterfacePolicy,,Interface Class232 has field Field624
google__bundletool,UNSAT,InterfacePolicy,,Interface Class232 has field Field625
google__bundletool,UNSAT,LocalMethodNamespace,,"Duplicate method name 'help' in class Class1: Method0, Method1"
google__open-location-code,UNSAT,LocalMethodNamespace,,"Duplicate method name 'encode' in class Class0: Method6, Method7"
graphhopper__jsprit,UNSAT,InterfacePolicy,,Interface Class26 contains non-abstract method Method222
graphhopper__jsprit,UNSAT,InterfacePolicy,,Interface Class34 contains non-abstract method Method256
graphhopper__jsprit,UNSAT,InterfacePolicy,,Interface Class34 contains non-abstract method Method257
graphhopper__jsprit,UNSAT,InterfacePolicy,,Interface Class96 contains non-abstract method Method543
graphhopper__jsprit,UNSAT,InterfacePolicy,,Interface Class96 contains non-abstract method Method544
graphhopper__jsprit,UNSAT,InterfacePolicy,,Interface Class97 contains non-abstract method Method547
graphhopper__jsprit,UNSAT,InterfacePolicy,,Interface Class97 contains non-abstract method Method549
graphhopper__jsprit,UNSAT,InterfacePolicy,,Interface Class102 contains non-abstract method Method575
graphhopper__jsprit,UNSAT,InterfacePolicy,,Interface Class102 contains non-abstract method Method576
graphhopper__jsprit,UNSAT,InterfacePolicy,,Interface Class166 contains non-abstract method Method879
graphhopper__jsprit,UNSAT,InterfacePolicy,,Interface Class166 contains non-abstract method Method880
graphhopper__jsprit,UNSAT,InterfacePolicy,,Interface Class255 contains non-abstract method Method1310
graphhopper__jsprit,UNSAT,InterfacePolicy,,Interface Class265 contains non-abstract method Method1338
graphhopper__jsprit,UNSAT,InterfacePolicy,,Interface Class265 contains non-abstract method Method1344
graphhopper__jsprit,UNSAT,InterfacePolicy,,Interface Class265 contains non-abstract method Method1345
graphhopper__jsprit,UNSAT,InterfacePolicy,,Interface Class272 contains non-abstract method Method1399
graphhopper__jsprit,UNSAT,InterfacePolicy,,Interface Class318 contains non-abstract method Method1720
graphhopper__jsprit,UNSAT,LocalMethodNamespace,,"Duplicate method name 'createMultiGraph' in class Class3: Method58, Method59"
grpc-ecosystem__grpc-spring,UNSAT,IdentifierIntegrity,,"Duplicate name 'net.devh.boot.grpc.common.security.SecurityConstants' used by: Class53, Class54"
grpc-ecosystem__grpc-spring,UNSAT,InterfacePolicy,,Interface Class8 contains non-abstract method Method41
grpc-ecosystem__grpc-spring,UNSAT,InterfacePolicy,,Interface Class9 contains non-abstract method Method43
grpc-ecosystem__grpc-spring,UNSAT,InterfacePolicy,,Interface Class9 contains non-abstract method Method44
grpc-ecosystem__grpc-spring,UNSAT,InterfacePolicy,,Interface Class9 contains non-abstract method Method46
grpc-ecosystem__grpc-spring,UNSAT,InterfacePolicy,,Interface Class140 contains non-abstract method Method412
grpc-ecosystem__grpc-spring,UNSAT,InterfacePolicy,,Interface Class140 contains non-abstract method Method413
grpc-ecosystem__grpc-spring,UNSAT,InterfacePolicy,,Interface Class140 contains non-abstract method Method414
grpc-ecosystem__grpc-spring,UNSAT,InterfacePolicy,,Interface Class140 contains non-abstract method Method415
grpc-ecosystem__grpc-spring,UNSAT,InterfacePolicy,,Interface Class140 contains non-abstract method Method416
grpc-ecosystem__grpc-spring,UNSAT,InterfacePolicy,,Interface Class140 contains non-abstract method Method417
grpc-ecosystem__grpc-spring,UNSAT,InterfacePolicy,,Interface Class140 contains non-abstract method Method418
grpc-ecosystem__grpc-spring,UNSAT,InterfacePolicy,,Interface Class140 contains non-abstract method Method419
grpc-ecosystem__grpc-spring,UNSAT,InterfacePolicy,,Interface Class140 contains non-abstract method Method420
grpc-ecosystem__grpc-spring,UNSAT,InterfacePolicy,,Interface Class140 contains non-abstract method Method421
grpc-ecosystem__grpc-spring,UNSAT,InterfacePolicy,,Interface Class140 contains non-abstract method Method422
grpc-ecosystem__grpc-spring,UNSAT,InterfacePolicy,,Interface Class140 contains non-abstract method Method423
grpc-ecosystem__grpc-spring,UNSAT,InterfacePolicy,,Interface Class140 contains non-abstract method Method424
grpc-ecosystem__grpc-spring,UNSAT,InterfacePolicy,,Interface Class140 contains non-abstract method Method425
grpc-ecosystem__grpc-spring,UNSAT,InterfacePolicy,,Interface Class140 contains non-abstract method Method426
grpc-ecosystem__grpc-spring,UNSAT,InterfacePolicy,,Interface Class140 contains non-abstract method Method427
grpc-ecosystem__grpc-spring,UNSAT,InterfacePolicy,,Interface Class140 contains non-abstract method Method428
grpc-ecosystem__grpc-spring,UNSAT,InterfacePolicy,,Interface Class140 contains non-abstract method Method429
grpc-ecosystem__grpc-spring,UNSAT,InterfacePolicy,,Interface Class140 contains non-abstract method Method430
grpc-ecosystem__grpc-spring,UNSAT,InterfacePolicy,,Interface Class140 contains non-abstract method Method431
grpc-ecosystem__grpc-spring,UNSAT,InterfacePolicy,,Interface Class140 contains non-abstract method Method433
grpc-ecosystem__grpc-spring,UNSAT,InterfacePolicy,,Interface Class152 contains non-abstract method Method483
grpc-ecosystem__grpc-spring,UNSAT,InterfacePolicy,,Interface Class147 has field Field256
grpc-ecosystem__grpc-spring,UNSAT,InterfacePolicy,,Interface Class147 has field Field257
grpc-ecosystem__grpc-spring,UNSAT,LocalMethodNamespace,,"Duplicate method name 'createChannel' in class Class7: Method31, Method32"
Guardsquare__proguard,UNSAT,InterfacePolicy,,Interface Class382 contains non-abstract method Method2511
Guardsquare__proguard,UNSAT,LocalMethodNamespace,,"Duplicate method name 'add' in class Class10: Method16, Method17"
hcoles__pitest,UNSAT,IdentifierIntegrity,,"Duplicate name 'com.example.Covered' used by: Class0, Class1, Class2, Class3, Class4"
hcoles__pitest,UNSAT,IdentifierIntegrity,,"Duplicate name 'com.example.NotCovered' used by: Class13, Class14, Class15, Class16"
hcoles__pitest,UNSAT,IdentifierIntegrity,,"Duplicate name 'sources.DiscoveredClass' used by: Class620, Class621"
hcoles__pitest,UNSAT,IdentifierIntegrity,,"Duplicate name 'com.example.CoveredByMultipleThreads' used by: Class5, Class6, Class7"
hcoles__pitest,UNSAT,IdentifierIntegrity,,"Duplicate name 'org.example1.SystemUnderTest' used by: Class32, Class33"
hcoles__pitest,UNSAT,IdentifierIntegrity,,"Duplicate name 'org.example2.SystemUnderTest' used by: Class34, Class35"
hcoles__pitest,UNSAT,InterfacePolicy,,Interface Class88 contains non-abstract method Method331
hcoles__pitest,UNSAT,InterfacePolicy,,Interface Class206 contains non-abstract method Method973
hcoles__pitest,UNSAT,InterfacePolicy,,Interface Class206 contains non-abstract method Method974
hcoles__pitest,UNSAT,InterfacePolicy,,Interface Class215 contains non-abstract method Method1020
hcoles__pitest,UNSAT,InterfacePolicy,,Interface Class215 contains non-abstract method Method1022
hcoles__pitest,UNSAT,InterfacePolicy,,Interface Class215 contains non-abstract method Method1023
hcoles__pitest,UNSAT,InterfacePolicy,,Interface Class217 contains non-abstract method Method1029
hcoles__pitest,UNSAT,InterfacePolicy,,Interface Class244 contains non-abstract method Method1120
hcoles__pitest,UNSAT,InterfacePolicy,,Interface Class250 contains non-abstract method Method1141
hcoles__pitest,UNSAT,InterfacePolicy,,Interface Class252 contains non-abstract method Method1145
hcoles__pitest,UNSAT,InterfacePolicy,,Interface Class367 contains non-abstract method Method1843
hcoles__pitest,UNSAT,InterfacePolicy,,Interface Class367 contains non-abstract method Method1844
hcoles__pitest,UNSAT,InterfacePolicy,,Interface Class367 contains non-abstract method Method1845
hcoles__pitest,UNSAT,InterfacePolicy,,Interface Class367 contains non-abstract method Method1846
hcoles__pitest,UNSAT,InterfacePolicy,,Interface Class367 contains non-abstract method Method1847
hcoles__pitest,UNSAT,InterfacePolicy,,Interface Class367 contains non-abstract method Method1848
hcoles__pitest,UNSAT,InterfacePolicy,,Interface Class367 contains non-abstract method Method1851
hcoles__pitest,UNSAT,InterfacePolicy,,Interface Class367 contains non-abstract method Method1852
hcoles__pitest,UNSAT,InterfacePolicy,,Interface Class367 contains non-abstract method Method1853
hcoles__pitest,UNSAT,InterfacePolicy,,Interface Class368 contains non-abstract method Method1854
hcoles__pitest,UNSAT,InterfacePolicy,,Interface Class368 contains non-abstract method Method1856
hcoles__pitest,UNSAT,InterfacePolicy,,Interface Class386 contains non-abstract method Method1928
hcoles__pitest,UNSAT,InterfacePolicy,,Interface Class432 contains non-abstract method Method2094
hcoles__pitest,UNSAT,InterfacePolicy,,Interface Class432 contains non-abstract method Method2095
hcoles__pitest,UNSAT,InterfacePolicy,,Interface Class432 contains non-abstract method Method2096
hcoles__pitest,UNSAT,InterfacePolicy,,Interface Class510 contains non-abstract method Method2478
hcoles__pitest,UNSAT,InterfacePolicy,,Interface Class510 contains non-abstract method Method2479
hcoles__pitest,UNSAT,InterfacePolicy,,Interface Class512 contains non-abstract method Method2482
hcoles__pitest,UNSAT,InterfacePolicy,,Interface Class512 contains non-abstract method Method2483
hcoles__pitest,UNSAT,InterfacePolicy,,Interface Class545 contains non-abstract method Method2616
hcoles__pitest,UNSAT,InterfacePolicy,,Interface Class549 contains non-abstract method Method2628
hcoles__pitest,UNSAT,InterfacePolicy,,Interface Class549 contains non-abstract method Method2629
hcoles__pitest,UNSAT,InterfacePolicy,,Interface Class549 contains non-abstract method Method2631
hcoles__pitest,UNSAT,InterfacePolicy,,Interface Class549 contains non-abstract method Method2632
hcoles__pitest,UNSAT,InterfacePolicy,,Interface Class553 contains non-abstract method Method2642
hcoles__pitest,UNSAT,InterfacePolicy,,Interface Class553 contains non-abstract method Method2643
hcoles__pitest,UNSAT,InterfacePolicy,,Interface Class553 contains non-abstract method Method2644
hcoles__pitest,UNSAT,InterfacePolicy,,Interface Class553 contains non-abstract method Method2645
hcoles__pitest,UNSAT,InterfacePolicy,,Interface Class553 contains non-abstract method Method2646
hcoles__pitest,UNSAT,InterfacePolicy,,Interface Class553 contains non-abstract method Method2647
hcoles__pitest,UNSAT,InterfacePolicy,,Interface Class553 contains non-abstract method Method2648
hcoles__pitest,UNSAT,InterfacePolicy,,Interface Class568 contains non-abstract method Method2694
hcoles__pitest,UNSAT,InterfacePolicy,,Interface Class579 contains non-abstract method Method2734
hcoles__pitest,UNSAT,InterfacePolicy,,Interface Class579 contains non-abstract method Method2736
hcoles__pitest,UNSAT,InterfacePolicy,,Interface Class579 contains non-abstract method Method2737
hcoles__pitest,UNSAT,InterfacePolicy,,Interface Class217 has field Field591
hcoles__pitest,UNSAT,InterfacePolicy,,Interface Class568 has field Field1346
hcoles__pitest,UNSAT,LocalMethodNamespace,,"Duplicate method name 'loadData' in class Class40: Method64, Method65, Method66"
hekailiang__squirrel,UNSAT,InterfacePolicy,,Interface Class24 has field Field44
hekailiang__squirrel,UNSAT,InterfacePolicy,,Interface Class24 has field Field45
hekailiang__squirrel,UNSAT,InterfacePolicy,,Interface Class24 has field Field46
hekailiang__squirrel,UNSAT,InterfacePolicy,,Interface Class24 has field Field47
hekailiang__squirrel,UNSAT,InterfacePolicy,,Interface Class24 has field Field48
hekailiang__squirrel,UNSAT,InterfacePolicy,,Interface Class24 has field Field49
hekailiang__squirrel,UNSAT,InterfacePolicy,,Interface Class24 has field Field50
hekailiang__squirrel,UNSAT,InterfacePolicy,,Interface Class24 has field Field51
hekailiang__squirrel,UNSAT,InterfacePolicy,,Interface Class33 has field Field53
hekailiang__squirrel,UNSAT,InterfacePolicy,,Interface Class46 has field Field58
hekailiang__squirrel,UNSAT,InterfacePolicy,,Interface Class46 has field Field59
hekailiang__squirrel,UNSAT,InterfacePolicy,,Interface Class46 has field Field60
hekailiang__squirrel,UNSAT,InterfacePolicy,,Interface Class46 has field Field61
hekailiang__squirrel,UNSAT,InterfacePolicy,,Interface Class46 has field Field62
hekailiang__squirrel,UNSAT,InterfacePolicy,,Interface Class46 has field Field63
hekailiang__squirrel,UNSAT,InterfacePolicy,,Interface Class46 has field Field64
hekailiang__squirrel,UNSAT,InterfacePolicy,,Interface Class63 has field Field121
hekailiang__squirrel,UNSAT,InterfacePolicy,,Interface Class63 has field Field122
hekailiang__squirrel,UNSAT,InterfacePolicy,,Interface Class63 has field Field123
hekailiang__squirrel,UNSAT,InterfacePolicy,,Interface Class63 has field Field124
hekailiang__squirrel,UNSAT,LocalMethodNamespace,,"Duplicate method name 'removeListener' in class Class4: Method13, Method14, Method15, Method16"
hierynomus__sshj,UNSAT,InterfacePolicy,,Interface Class148 contains non-abstract method Method1035
hierynomus__sshj,UNSAT,InterfacePolicy,,Interface Class9 has field Field10
hierynomus__sshj,UNSAT,InterfacePolicy,,Interface Class74 has field Field220
hierynomus__sshj,UNSAT,LocalMethodNamespace,,"Duplicate method name 'updateAAD' in class Class16: Method88, Method89"
hncboy__ai-beehive,UNSAT,InterfacePolicy,,Interface Class61 contains non-abstract method Method29
hncboy__ai-beehive,UNSAT,InterfacePolicy,,Interface Class130 contains non-abstract method Method109
hncboy__ai-beehive,UNSAT,InterfacePolicy,,Interface Class166 contains non-abstract method Method158
hncboy__ai-beehive,UNSAT,InterfacePolicy,,Interface Class166 contains non-abstract method Method159
hncboy__ai-beehive,UNSAT,InterfacePolicy,,Interface Class168 contains non-abstract method Method164
hncboy__ai-beehive,UNSAT,InterfacePolicy,,Interface Class169 contains non-abstract method Method167
hncboy__ai-beehive,UNSAT,InterfacePolicy,,Interface Class174 contains non-abstract method Method192
hncboy__ai-beehive,UNSAT,InterfacePolicy,,Interface Class174 contains non-abstract method Method193
hncboy__ai-beehive,UNSAT,InterfacePolicy,,Interface Class174 contains non-abstract method Method195
hncboy__ai-beehive,UNSAT,InterfacePolicy,,Interface Class200 contains non-abstract method Method245
hncboy__ai-beehive,UNSAT,InterfacePolicy,,Interface Class237 contains non-abstract method Method325
hncboy__ai-beehive,UNSAT,InterfacePolicy,,Interface Class10 has field Field7
hncboy__ai-beehive,UNSAT,InterfacePolicy,,Interface Class10 has field Field8
hncboy__ai-beehive,UNSAT,InterfacePolicy,,Interface Class10 has field Field9
hncboy__ai-beehive,UNSAT,InterfacePolicy,,Interface Class10 has field Field10
hncboy__ai-beehive,UNSAT,InterfacePolicy,,Interface Class130 has field Field486
hncboy__ai-beehive,UNSAT,InterfacePolicy,,Interface Class166 has field Field560
hncboy__ai-beehive,UNSAT,InterfacePolicy,,Interface Class167 has field Field561
hncboy__ai-beehive,UNSAT,InterfacePolicy,,Interface Class168 has field Field562
hncboy__ai-beehive,UNSAT,InterfacePolicy,,Interface Class169 has field Field563
hncboy__ai-beehive,UNSAT,InterfacePolicy,,Interface Class200 has field Field636
hncboy__ai-beehive,UNSAT,InterfacePolicy,,Interface Class235 has field Field722
hncboy__ai-beehive,UNSAT,InterfacePolicy,,Interface Class236 has field Field723
hncboy__ai-beehive,UNSAT,InterfacePolicy,,Interface Class237 has field Field724
hncboy__ai-beehive,UNSAT,InterfacePolicy,,Interface Class289 has field Field815
hncboy__ai-beehive,UNSAT,InterfacePolicy,,Interface Class328 has field Field892
hncboy__ai-beehive,UNSAT,InterfacePolicy,,Interface Class329 has field Field893
hncboy__ai-beehive,UNSAT,LocalMethodNamespace,,"Duplicate method name 'get' in class Class2: Method5, Method6"
houbb__sensitive-word,UNSAT,LocalMethodNamespace,,"Duplicate method name 'wordDataAllow' in class Class5: Method48, Method49"
ikarus23__MifareClassicTool,UNSAT,LocalMethodNamespace,,"Duplicate method name 'saveFile' in class Class23: Method306, Method307, Method308"
immutables__immutables,UNSAT,InterfacePolicy,,Interface Class40 contains non-abstract method Method174
immutables__immutables,UNSAT,InterfacePolicy,,Interface Class40 contains non-abstract method Method175
immutables__immutables,UNSAT,InterfacePolicy,,Interface Class99 contains non-abstract method Method260
immutables__immutables,UNSAT,InterfacePolicy,,Interface Class123 contains non-abstract method Method373
immutables__immutables,UNSAT,InterfacePolicy,,Interface Class126 contains non-abstract method Method380
immutables__immutables,UNSAT,InterfacePolicy,,Interface Class126 contains non-abstract method Method382
immutables__immutables,UNSAT,InterfacePolicy,,Interface Class126 contains non-abstract method Method383
immutables__immutables,UNSAT,InterfacePolicy,,Interface Class126 contains non-abstract method Method384
immutables__immutables,UNSAT,InterfacePolicy,,Interface Class126 contains non-abstract method Method385
immutables__immutables,UNSAT,InterfacePolicy,,Interface Class126 contains non-abstract method Method387
immutables__immutables,UNSAT,InterfacePolicy,,Interface Class130 contains non-abstract method Method397
immutables__immutables,UNSAT,InterfacePolicy,,Interface Class136 contains non-abstract method Method417
immutables__immutables,UNSAT,InterfacePolicy,,Interface Class136 contains non-abstract method Method419
immutables__immutables,UNSAT,InterfacePolicy,,Interface Class136 contains non-abstract method Method420
immutables__immutables,UNSAT,InterfacePolicy,,Interface Class153 contains non-abstract method Method467
immutables__immutables,UNSAT,InterfacePolicy,,Interface Class153 contains non-abstract method Method468
immutables__immutables,UNSAT,InterfacePolicy,,Interface Class153 contains non-abstract method Method469
immutables__immutables,UNSAT,InterfacePolicy,,Interface Class153 contains non-abstract method Method470
immutables__immutables,UNSAT,InterfacePolicy,,Interface Class153 contains non-abstract method Method471
immutables__immutables,UNSAT,InterfacePolicy,,Interface Class153 contains non-abstract method Method473
immutables__immutables,UNSAT,InterfacePolicy,,Interface Class156 contains non-abstract method Method487
immutables__immutables,UNSAT,InterfacePolicy,,Interface Class181 contains non-abstract method Method590
immutables__immutables,UNSAT,InterfacePolicy,,Interface Class215 contains non-abstract method Method734
immutables__immutables,UNSAT,InterfacePolicy,,Interface Class215 contains non-abstract method Method735
immutables__immutables,UNSAT,InterfacePolicy,,Interface Class215 contains non-abstract method Method736
immutables__immutables,UNSAT,InterfacePolicy,,Interface Class215 contains non-abstract method Method737
immutables__immutables,UNSAT,InterfacePolicy,,Interface Class215 contains non-abstract method Method738
immutables__immutables,UNSAT,InterfacePolicy,,Interface Class227 contains non-abstract method Method810
immutables__immutables,UNSAT,InterfacePolicy,,Interface Class228 contains non-abstract method Method812
immutables__immutables,UNSAT,InterfacePolicy,,Interface Class242 contains non-abstract method Method836
immutables__immutables,UNSAT,InterfacePolicy,,Interface Class242 contains non-abstract method Method837
immutables__immutables,UNSAT,InterfacePolicy,,Interface Class242 contains non-abstract method Method838
immutables__immutables,UNSAT,InterfacePolicy,,Interface Class251 contains non-abstract method Method858
immutables__immutables,UNSAT,InterfacePolicy,,Interface Class252 contains non-abstract method Method859
immutables__immutables,UNSAT,InterfacePolicy,,Interface Class253 contains non-abstract method Method860
immutables__immutables,UNSAT,InterfacePolicy,,Interface Class254 contains non-abstract method Method861
immutables__immutables,UNSAT,InterfacePolicy,,Interface Class255 contains non-abstract method Method862
immutables__immutables,UNSAT,InterfacePolicy,,Interface Class255 contains non-abstract method Method863
immutables__immutables,UNSAT,InterfacePolicy,,Interface Class255 contains non-abstract method Method864
immutables__immutables,UNSAT,InterfacePolicy,,Interface Class255 contains non-abstract method Method865
immutables__immutables,UNSAT,InterfacePolicy,,Interface Class255 contains non-abstract method Method866
immutables__immutables,UNSAT,InterfacePolicy,,Interface Class256 contains non-abstract method Method867
immutables__immutables,UNSAT,InterfacePolicy,,Interface Class256 contains non-abstract method Method869
immutables__immutables,UNSAT,InterfacePolicy,,Interface Class256 contains non-abstract method Method870
immutables__immutables,UNSAT,InterfacePolicy,,Interface Class256 contains non-abstract method Method871
immutables__immutables,UNSAT,InterfacePolicy,,Interface Class256 contains non-abstract method Method872
immutables__immutables,UNSAT,InterfacePolicy,,Interface Class257 contains non-abstract method Method873
immutables__immutables,UNSAT,InterfacePolicy,,Interface Class257 contains non-abstract method Method874
immutables__immutables,UNSAT,InterfacePolicy,,Interface Class257 contains non-abstract method Method875
immutables__immutables,UNSAT,InterfacePolicy,,Interface Class257 contains non-abstract method Method876
immutables__immutables,UNSAT,InterfacePolicy,,Interface Class257 contains non-abstract method Method877
immutables__immutables,UNSAT,InterfacePolicy,,Interface Class257 contains non-abstract method Method878
immutables__immutables,UNSAT,InterfacePolicy,,Interface Class261 contains non-abstract method Method902
immutables__immutables,UNSAT,InterfacePolicy,,Interface Class262 contains non-abstract method Method903
immutables__immutables,UNSAT,InterfacePolicy,,Interface Class263 contains non-abstract method Method904
immutables__immutables,UNSAT,InterfacePolicy,,Interface Class264 contains non-abstract method Method905
immutables__immutables,UNSAT,InterfacePolicy,,Interface Class264 contains non-abstract method Method906
immutables__immutables,UNSAT,InterfacePolicy,,Interface Class264 contains non-abstract method Method907
immutables__immutables,UNSAT,InterfacePolicy,,Interface Class264 contains non-abstract method Method908
immutables__immutables,UNSAT,InterfacePolicy,,Interface Class264 contains non-abstract method Method909
immutables__immutables,UNSAT,InterfacePolicy,,Interface Class264 contains non-abstract method Method910
immutables__immutables,UNSAT,InterfacePolicy,,Interface Class265 contains non-abstract method Method911
immutables__immutables,UNSAT,InterfacePolicy,,Interface Class270 contains non-abstract method Method924
immutables__immutables,UNSAT,InterfacePolicy,,Interface Class271 contains non-abstract method Method925
immutables__immutables,UNSAT,InterfacePolicy,,Interface Class272 contains non-abstract method Method926
immutables__immutables,UNSAT,InterfacePolicy,,Interface Class272 contains non-abstract method Method927
immutables__immutables,UNSAT,InterfacePolicy,,Interface Class272 contains non-abstract method Method928
immutables__immutables,UNSAT,InterfacePolicy,,Interface Class272 contains non-abstract method Method929
immutables__immutables,UNSAT,InterfacePolicy,,Interface Class272 contains non-abstract method Method930
immutables__immutables,UNSAT,InterfacePolicy,,Interface Class272 contains non-abstract method Method931
immutables__immutables,UNSAT,InterfacePolicy,,Interface Class272 contains non-abstract method Method932
immutables__immutables,UNSAT,InterfacePolicy,,Interface Class273 contains non-abstract method Method933
immutables__immutables,UNSAT,InterfacePolicy,,Interface Class274 contains non-abstract method Method934
immutables__immutables,UNSAT,InterfacePolicy,,Interface Class275 contains non-abstract method Method935
immutables__immutables,UNSAT,InterfacePolicy,,Interface Class275 contains non-abstract method Method936
immutables__immutables,UNSAT,InterfacePolicy,,Interface Class275 contains non-abstract method Method937
immutables__immutables,UNSAT,InterfacePolicy,,Interface Class276 contains non-abstract method Method938
immutables__immutables,UNSAT,InterfacePolicy,,Interface Class277 contains non-abstract method Method939
immutables__immutables,UNSAT,InterfacePolicy,,Interface Class277 contains non-abstract method Method940
immutables__immutables,UNSAT,InterfacePolicy,,Interface Class278 contains non-abstract method Method941
immutables__immutables,UNSAT,InterfacePolicy,,Interface Class278 contains non-abstract method Method942
immutables__immutables,UNSAT,InterfacePolicy,,Interface Class279 contains non-abstract method Method943
immutables__immutables,UNSAT,InterfacePolicy,,Interface Class279 contains non-abstract method Method944
immutables__immutables,UNSAT,InterfacePolicy,,Interface Class280 contains non-abstract method Method945
immutables__immutables,UNSAT,InterfacePolicy,,Interface Class281 contains non-abstract method Method946
immutables__immutables,UNSAT,InterfacePolicy,,Interface Class281 contains non-abstract method Method947
immutables__immutables,UNSAT,InterfacePolicy,,Interface Class282 contains non-abstract method Method948
immutables__immutables,UNSAT,InterfacePolicy,,Interface Class283 contains non-abstract method Method949
immutables__immutables,UNSAT,InterfacePolicy,,Interface Class283 contains non-abstract method Method950
immutables__immutables,UNSAT,InterfacePolicy,,Interface Class284 contains non-abstract method Method951
immutables__immutables,UNSAT,InterfacePolicy,,Interface Class285 contains non-abstract method Method952
immutables__immutables,UNSAT,InterfacePolicy,,Interface Class285 contains non-abstract method Method953
immutables__immutables,UNSAT,InterfacePolicy,,Interface Class286 contains non-abstract method Method954
immutables__immutables,UNSAT,InterfacePolicy,,Interface Class286 contains non-abstract method Method955
immutables__immutables,UNSAT,InterfacePolicy,,Interface Class289 contains non-abstract method Method964
immutables__immutables,UNSAT,InterfacePolicy,,Interface Class289 contains non-abstract method Method965
immutables__immutables,UNSAT,InterfacePolicy,,Interface Class289 contains non-abstract method Method966
immutables__immutables,UNSAT,InterfacePolicy,,Interface Class289 contains non-abstract method Method967
immutables__immutables,UNSAT,InterfacePolicy,,Interface Class289 contains non-abstract method Method968
immutables__immutables,UNSAT,InterfacePolicy,,Interface Class289 contains non-abstract method Method969
immutables__immutables,UNSAT,InterfacePolicy,,Interface Class289 contains non-abstract method Method970
immutables__immutables,UNSAT,InterfacePolicy,,Interface Class289 contains non-abstract method Method971
immutables__immutables,UNSAT,InterfacePolicy,,Interface Class289 contains non-abstract method Method972
immutables__immutables,UNSAT,InterfacePolicy,,Interface Class289 contains non-abstract method Method973
immutables__immutables,UNSAT,InterfacePolicy,,Interface Class290 contains non-abstract method Method974
immutables__immutables,UNSAT,InterfacePolicy,,Interface Class295 contains non-abstract method Method994
immutables__immutables,UNSAT,InterfacePolicy,,Interface Class309 contains non-abstract method Method1062
immutables__immutables,UNSAT,InterfacePolicy,,Interface Class309 contains non-abstract method Method1064
immutables__immutables,UNSAT,InterfacePolicy,,Interface Class309 contains non-abstract method Method1065
immutables__immutables,UNSAT,InterfacePolicy,,Interface Class309 contains non-abstract method Method1066
immutables__immutables,UNSAT,InterfacePolicy,,Interface Class309 contains non-abstract method Method1067
immutables__immutables,UNSAT,InterfacePolicy,,Interface Class358 contains non-abstract method Method1335
immutables__immutables,UNSAT,InterfacePolicy,,Interface Class381 contains non-abstract method Method1429
immutables__immutables,UNSAT,InterfacePolicy,,Interface Class381 contains non-abstract method Method1430
immutables__immutables,UNSAT,InterfacePolicy,,Interface Class381 contains non-abstract method Method1431
immutables__immutables,UNSAT,InterfacePolicy,,Interface Class381 contains non-abstract method Method1432
immutables__immutables,UNSAT,InterfacePolicy,,Interface Class381 contains non-abstract method Method1433
immutables__immutables,UNSAT,InterfacePolicy,,Interface Class381 contains non-abstract method Method1434
immutables__immutables,UNSAT,InterfacePolicy,,Interface Class381 contains non-abstract method Method1435
immutables__immutables,UNSAT,InterfacePolicy,,Interface Class385 contains non-abstract method Method1441
immutables__immutables,UNSAT,InterfacePolicy,,Interface Class410 contains non-abstract method Method1485
immutables__immutables,UNSAT,InterfacePolicy,,Interface Class410 contains non-abstract method Method1487
immutables__immutables,UNSAT,InterfacePolicy,,Interface Class410 contains non-abstract method Method1490
immutables__immutables,UNSAT,InterfacePolicy,,Interface Class425 contains non-abstract method Method1542
immutables__immutables,UNSAT,InterfacePolicy,,Interface Class502 contains non-abstract method Method1843
immutables__immutables,UNSAT,InterfacePolicy,,Interface Class502 contains non-abstract method Method1844
immutables__immutables,UNSAT,InterfacePolicy,,Interface Class502 contains non-abstract method Method1845
immutables__immutables,UNSAT,InterfacePolicy,,Interface Class503 contains non-abstract method Method1854
immutables__immutables,UNSAT,InterfacePolicy,,Interface Class503 contains non-abstract method Method1855
immutables__immutables,UNSAT,InterfacePolicy,,Interface Class509 contains non-abstract method Method1864
immutables__immutables,UNSAT,InterfacePolicy,,Interface Class509 contains non-abstract method Method1865
immutables__immutables,UNSAT,InterfacePolicy,,Interface Class509 contains non-abstract method Method1866
immutables__immutables,UNSAT,InterfacePolicy,,Interface Class510 contains non-abstract method Method1875
immutables__immutables,UNSAT,InterfacePolicy,,Interface Class510 contains non-abstract method Method1876
immutables__immutables,UNSAT,InterfacePolicy,,Interface Class524 contains non-abstract method Method1921
immutables__immutables,UNSAT,InterfacePolicy,,Interface Class524 contains non-abstract method Method1924
immutables__immutables,UNSAT,InterfacePolicy,,Interface Class525 contains non-abstract method Method1925
immutables__immutables,UNSAT,InterfacePolicy,,Interface Class525 contains non-abstract method Method1926
immutables__immutables,UNSAT,InterfacePolicy,,Interface Class532 contains non-abstract method Method1934
immutables__immutables,UNSAT,InterfacePolicy,,Interface Class534 contains non-abstract method Method1938
immutables__immutables,UNSAT,InterfacePolicy,,Interface Class534 contains non-abstract method Method1939
immutables__immutables,UNSAT,InterfacePolicy,,Interface Class540 contains non-abstract method Method1946
immutables__immutables,UNSAT,InterfacePolicy,,Interface Class540 contains non-abstract method Method1947
immutables__immutables,UNSAT,InterfacePolicy,,Interface Class542 contains non-abstract method Method1952
immutables__immutables,UNSAT,InterfacePolicy,,Interface Class544 contains non-abstract method Method1956
immutables__immutables,UNSAT,InterfacePolicy,,Interface Class550 contains non-abstract method Method1973
immutables__immutables,UNSAT,InterfacePolicy,,Interface Class552 contains non-abstract method Method1976
immutables__immutables,UNSAT,InterfacePolicy,,Interface Class553 contains non-abstract method Method1982
immutables__immutables,UNSAT,InterfacePolicy,,Interface Class569 contains non-abstract method Method2105
immutables__immutables,UNSAT,InterfacePolicy,,Interface Class571 contains non-abstract method Method2107
immutables__immutables,UNSAT,InterfacePolicy,,Interface Class583 contains non-abstract method Method2126
immutables__immutables,UNSAT,InterfacePolicy,,Interface Class592 contains non-abstract method Method2132
immutables__immutables,UNSAT,InterfacePolicy,,Interface Class596 contains non-abstract method Method2140
immutables__immutables,UNSAT,InterfacePolicy,,Interface Class599 contains non-abstract method Method2146
immutables__immutables,UNSAT,InterfacePolicy,,Interface Class607 contains non-abstract method Method2173
immutables__immutables,UNSAT,InterfacePolicy,,Interface Class607 contains non-abstract method Method2174
immutables__immutables,UNSAT,InterfacePolicy,,Interface Class611 contains non-abstract method Method2205
immutables__immutables,UNSAT,InterfacePolicy,,Interface Class641 contains non-abstract method Method2284
immutables__immutables,UNSAT,InterfacePolicy,,Interface Class642 contains non-abstract method Method2285
immutables__immutables,UNSAT,InterfacePolicy,,Interface Class642 contains non-abstract method Method2286
immutables__immutables,UNSAT,InterfacePolicy,,Interface Class643 contains non-abstract method Method2287
immutables__immutables,UNSAT,InterfacePolicy,,Interface Class644 contains non-abstract method Method2288
immutables__immutables,UNSAT,InterfacePolicy,,Interface Class645 contains non-abstract method Method2289
immutables__immutables,UNSAT,InterfacePolicy,,Interface Class645 contains non-abstract method Method2290
immutables__immutables,UNSAT,InterfacePolicy,,Interface Class646 contains non-abstract method Method2291
immutables__immutables,UNSAT,InterfacePolicy,,Interface Class647 contains non-abstract method Method2292
immutables__immutables,UNSAT,InterfacePolicy,,Interface Class656 contains non-abstract method Method2315
immutables__immutables,UNSAT,InterfacePolicy,,Interface Class685 contains non-abstract method Method2413
immutables__immutables,UNSAT,InterfacePolicy,,Interface Class691 contains non-abstract method Method2441
immutables__immutables,UNSAT,InterfacePolicy,,Interface Class730 contains non-abstract method Method2631
immutables__immutables,UNSAT,InterfacePolicy,,Interface Class733 contains non-abstract method Method2635
immutables__immutables,UNSAT,InterfacePolicy,,Interface Class736 contains non-abstract method Method2645
immutables__immutables,UNSAT,InterfacePolicy,,Interface Class742 contains non-abstract method Method2650
immutables__immutables,UNSAT,InterfacePolicy,,Interface Class747 contains non-abstract method Method2654
immutables__immutables,UNSAT,InterfacePolicy,,Interface Class751 contains non-abstract method Method2657
immutables__immutables,UNSAT,InterfacePolicy,,Interface Class753 contains non-abstract method Method2658
immutables__immutables,UNSAT,InterfacePolicy,,Interface Class762 contains non-abstract method Method2671
immutables__immutables,UNSAT,InterfacePolicy,,Interface Class762 contains non-abstract method Method2673
immutables__immutables,UNSAT,InterfacePolicy,,Interface Class763 contains non-abstract method Method2674
immutables__immutables,UNSAT,InterfacePolicy,,Interface Class763 contains non-abstract method Method2676
immutables__immutables,UNSAT,InterfacePolicy,,Interface Class773 contains non-abstract method Method2699
immutables__immutables,UNSAT,InterfacePolicy,,Interface Class807 contains non-abstract method Method2769
immutables__immutables,UNSAT,InterfacePolicy,,Interface Class809 contains non-abstract method Method2773
immutables__immutables,UNSAT,InterfacePolicy,,Interface Class809 contains non-abstract method Method2774
immutables__immutables,UNSAT,InterfacePolicy,,Interface Class835 contains non-abstract method Method2882
immutables__immutables,UNSAT,InterfacePolicy,,Interface Class850 contains non-abstract method Method2913
immutables__immutables,UNSAT,InterfacePolicy,,Interface Class850 contains non-abstract method Method2914
immutables__immutables,UNSAT,InterfacePolicy,,Interface Class869 contains non-abstract method Method2954
immutables__immutables,UNSAT,InterfacePolicy,,Interface Class885 contains non-abstract method Method3001
immutables__immutables,UNSAT,InterfacePolicy,,Interface Class885 contains non-abstract method Method3002
immutables__immutables,UNSAT,InterfacePolicy,,Interface Class887 contains non-abstract method Method3007
immutables__immutables,UNSAT,InterfacePolicy,,Interface Class889 contains non-abstract method Method3009
immutables__immutables,UNSAT,InterfacePolicy,,Interface Class890 contains non-abstract method Method3012
immutables__immutables,UNSAT,InterfacePolicy,,Interface Class910 contains non-abstract method Method3063
immutables__immutables,UNSAT,InterfacePolicy,,Interface Class912 contains non-abstract method Method3066
immutables__immutables,UNSAT,InterfacePolicy,,Interface Class912 contains non-abstract method Method3067
immutables__immutables,UNSAT,InterfacePolicy,,Interface Class921 contains non-abstract method Method3098
immutables__immutables,UNSAT,InterfacePolicy,,Interface Class921 contains non-abstract method Method3099
immutables__immutables,UNSAT,InterfacePolicy,,Interface Class921 contains non-abstract method Method3100
immutables__immutables,UNSAT,InterfacePolicy,,Interface Class929 contains non-abstract method Method3134
immutables__immutables,UNSAT,InterfacePolicy,,Interface Class930 contains non-abstract method Method3135
immutables__immutables,UNSAT,InterfacePolicy,,Interface Class931 contains non-abstract method Method3136
immutables__immutables,UNSAT,InterfacePolicy,,Interface Class932 contains non-abstract method Method3137
immutables__immutables,UNSAT,InterfacePolicy,,Interface Class933 contains non-abstract method Method3141
immutables__immutables,UNSAT,InterfacePolicy,,Interface Class939 contains non-abstract method Method3166
immutables__immutables,UNSAT,InterfacePolicy,,Interface Class939 contains non-abstract method Method3167
immutables__immutables,UNSAT,InterfacePolicy,,Interface Class939 contains non-abstract method Method3168
immutables__immutables,UNSAT,InterfacePolicy,,Interface Class939 contains non-abstract method Method3169
immutables__immutables,UNSAT,InterfacePolicy,,Interface Class939 contains non-abstract method Method3173
immutables__immutables,UNSAT,InterfacePolicy,,Interface Class939 contains non-abstract method Method3174
immutables__immutables,UNSAT,InterfacePolicy,,Interface Class941 contains non-abstract method Method3182
immutables__immutables,UNSAT,InterfacePolicy,,Interface Class944 contains non-abstract method Method3201
immutables__immutables,UNSAT,InterfacePolicy,,Interface Class946 contains non-abstract method Method3203
immutables__immutables,UNSAT,InterfacePolicy,,Interface Class960 contains non-abstract method Method3251
immutables__immutables,UNSAT,InterfacePolicy,,Interface Class983 contains non-abstract method Method3273
immutables__immutables,UNSAT,InterfacePolicy,,Interface Class983 contains non-abstract method Method3275
immutables__immutables,UNSAT,InterfacePolicy,,Interface Class985 contains non-abstract method Method3283
immutables__immutables,UNSAT,InterfacePolicy,,Interface Class985 contains non-abstract method Method3287
immutables__immutables,UNSAT,InterfacePolicy,,Interface Class988 contains non-abstract method Method3312
immutables__immutables,UNSAT,InterfacePolicy,,Interface Class988 contains non-abstract method Method3313
immutables__immutables,UNSAT,InterfacePolicy,,Interface Class1008 contains non-abstract method Method3392
immutables__immutables,UNSAT,InterfacePolicy,,Interface Class1027 contains non-abstract method Method3447
immutables__immutables,UNSAT,InterfacePolicy,,Interface Class1030 contains non-abstract method Method3452
immutables__immutables,UNSAT,InterfacePolicy,,Interface Class1031 contains non-abstract method Method3459
immutables__immutables,UNSAT,InterfacePolicy,,Interface Class1036 contains non-abstract method Method3473
immutables__immutables,UNSAT,InterfacePolicy,,Interface Class1047 contains non-abstract method Method3484
immutables__immutables,UNSAT,InterfacePolicy,,Interface Class1049 contains non-abstract method Method3490
immutables__immutables,UNSAT,InterfacePolicy,,Interface Class1052 contains non-abstract method Method3502
immutables__immutables,UNSAT,InterfacePolicy,,Interface Class1053 contains non-abstract method Method3507
immutables__immutables,UNSAT,InterfacePolicy,,Interface Class1056 contains non-abstract method Method3514
immutables__immutables,UNSAT,InterfacePolicy,,Interface Class1056 contains non-abstract method Method3515
immutables__immutables,UNSAT,InterfacePolicy,,Interface Class1073 contains non-abstract method Method3552
immutables__immutables,UNSAT,InterfacePolicy,,Interface Class1073 contains non-abstract method Method3553
immutables__immutables,UNSAT,InterfacePolicy,,Interface Class1073 contains non-abstract method Method3554
immutables__immutables,UNSAT,InterfacePolicy,,Interface Class1076 contains non-abstract method Method3557
immutables__immutables,UNSAT,InterfacePolicy,,Interface Class1077 contains non-abstract method Method3558
immutables__immutables,UNSAT,InterfacePolicy,,Interface Class1078 contains non-abstract method Method3559
immutables__immutables,UNSAT,InterfacePolicy,,Interface Class1090 contains non-abstract method Method3603
immutables__immutables,UNSAT,InterfacePolicy,,Interface Class1092 contains non-abstract method Method3611
immutables__immutables,UNSAT,InterfacePolicy,,Interface Class1108 contains non-abstract method Method3660
immutables__immutables,UNSAT,InterfacePolicy,,Interface Class8 has field Field2
immutables__immutables,UNSAT,InterfacePolicy,,Interface Class8 has field Field3
immutables__immutables,UNSAT,InterfacePolicy,,Interface Class8 has field Field4
immutables__immutables,UNSAT,InterfacePolicy,,Interface Class8 has field Field5
immutables__immutables,UNSAT,InterfacePolicy,,Interface Class8 has field Field6
immutables__immutables,UNSAT,InterfacePolicy,,Interface Class8 has field Field7
immutables__immutables,UNSAT,InterfacePolicy,,Interface Class8 has field Field8
immutables__immutables,UNSAT,InterfacePolicy,,Interface Class8 has field Field9
immutables__immutables,UNSAT,InterfacePolicy,,Interface Class8 has field Field10
immutables__immutables,UNSAT,InterfacePolicy,,Interface Class12 has field Field12
immutables__immutables,UNSAT,InterfacePolicy,,Interface Class12 has field Field13
immutables__immutables,UNSAT,InterfacePolicy,,Interface Class120 has field Field27
immutables__immutables,UNSAT,InterfacePolicy,,Interface Class120 has field Field28
immutables__immutables,UNSAT,InterfacePolicy,,Interface Class120 has field Field29
immutables__immutables,UNSAT,InterfacePolicy,,Interface Class574 has field Field486
immutables__immutables,UNSAT,InterfacePolicy,,Interface Class1253 has field Field845
immutables__immutables,UNSAT,InterfacePolicy,,Interface Class1256 has field Field849
immutables__immutables,UNSAT,InterfacePolicy,,Interface Class1336 has field Field1028
immutables__immutables,UNSAT,InterfacePolicy,,Interface Class1359 has field Field1130
immutables__immutables,UNSAT,LocalMethodNamespace,,"Duplicate method name 'readTypedArray' in class Class10: Method86, Method87"
indy256__codelibrary,UNSAT,InterfacePolicy,,Interface Class93 contains non-abstract method Method464
indy256__codelibrary,UNSAT,InterfacePolicy,,Interface Class93 contains non-abstract method Method465
indy256__codelibrary,UNSAT,InterfacePolicy,,Interface Class93 contains non-abstract method Method466
indy256__codelibrary,UNSAT,InterfacePolicy,,Interface Class93 contains non-abstract method Method467
indy256__codelibrary,UNSAT,InterfacePolicy,,Interface Class93 has field Field123
indy256__codelibrary,UNSAT,InterfacePolicy,,Interface Class93 has field Field124
indy256__codelibrary,UNSAT,InterfacePolicy,,Interface Class93 has field Field125
indy256__codelibrary,UNSAT,InterfacePolicy,,Interface Class93 has field Field126
indy256__codelibrary,UNSAT,LocalMethodNamespace,,"Duplicate method name 'binomial' in class Class3: Method13, Method14, Method15"
innoveit__react-native-ble-manager,UNSAT,LocalMethodNamespace,,"Duplicate method name 'savePeripheral' in class Class1: Method39, Method40"
internetarchive__heritrix3,UNSAT,InterfacePolicy,,Interface Class176 contains non-abstract method Method1878
internetarchive__heritrix3,UNSAT,InterfacePolicy,,Interface Class379 contains non-abstract method Method3358
internetarchive__heritrix3,UNSAT,InterfacePolicy,,Interface Class381 contains non-abstract method Method3361
internetarchive__heritrix3,UNSAT,InterfacePolicy,,Interface Class381 contains non-abstract method Method3362
internetarchive__heritrix3,UNSAT,InterfacePolicy,,Interface Class381 contains non-abstract method Method3364
internetarchive__heritrix3,UNSAT,InterfacePolicy,,Interface Class381 contains non-abstract method Method3365
internetarchive__heritrix3,UNSAT,InterfacePolicy,,Interface Class381 contains non-abstract method Method3366
internetarchive__heritrix3,UNSAT,InterfacePolicy,,Interface Class164 has field Field758
internetarchive__heritrix3,UNSAT,InterfacePolicy,,Interface Class164 has field Field759
internetarchive__heritrix3,UNSAT,InterfacePolicy,,Interface Class164 has field Field760
internetarchive__heritrix3,UNSAT,InterfacePolicy,,Interface Class164 has field Field761
internetarchive__heritrix3,UNSAT,InterfacePolicy,,Interface Class164 has field Field762
internetarchive__heritrix3,UNSAT,InterfacePolicy,,Interface Class164 has field Field763
internetarchive__heritrix3,UNSAT,InterfacePolicy,,Interface Class164 has field Field764
internetarchive__heritrix3,UNSAT,InterfacePolicy,,Interface Class164 has field Field765
internetarchive__heritrix3,UNSAT,InterfacePolicy,,Interface Class164 has field Field766
internetarchive__heritrix3,UNSAT,InterfacePolicy,,Interface Class164 has field Field767
internetarchive__heritrix3,UNSAT,InterfacePolicy,,Interface Class164 has field Field768
internetarchive__heritrix3,UNSAT,InterfacePolicy,,Interface Class164 has field Field769
internetarchive__heritrix3,UNSAT,InterfacePolicy,,Interface Class164 has field Field770
internetarchive__heritrix3,UNSAT,InterfacePolicy,,Interface Class164 has field Field771
internetarchive__heritrix3,UNSAT,InterfacePolicy,,Interface Class164 has field Field772
internetarchive__heritrix3,UNSAT,InterfacePolicy,,Interface Class164 has field Field773
internetarchive__heritrix3,UNSAT,InterfacePolicy,,Interface Class164 has field Field774
internetarchive__heritrix3,UNSAT,InterfacePolicy,,Interface Class164 has field Field775
internetarchive__heritrix3,UNSAT,InterfacePolicy,,Interface Class164 has field Field776
internetarchive__heritrix3,UNSAT,InterfacePolicy,,Interface Class164 has field Field777
internetarchive__heritrix3,UNSAT,InterfacePolicy,,Interface Class164 has field Field778
internetarchive__heritrix3,UNSAT,InterfacePolicy,,Interface Class164 has field Field779
internetarchive__heritrix3,UNSAT,InterfacePolicy,,Interface Class164 has field Field780
internetarchive__heritrix3,UNSAT,InterfacePolicy,,Interface Class164 has field Field781
internetarchive__heritrix3,UNSAT,InterfacePolicy,,Interface Class164 has field Field782
internetarchive__heritrix3,UNSAT,InterfacePolicy,,Interface Class164 has field Field783
internetarchive__heritrix3,UNSAT,InterfacePolicy,,Interface Class164 has field Field784
internetarchive__heritrix3,UNSAT,InterfacePolicy,,Interface Class164 has field Field785
internetarchive__heritrix3,UNSAT,InterfacePolicy,,Interface Class164 has field Field786
internetarchive__heritrix3,UNSAT,InterfacePolicy,,Interface Class164 has field Field787
internetarchive__heritrix3,UNSAT,InterfacePolicy,,Interface Class164 has field Field788
internetarchive__heritrix3,UNSAT,InterfacePolicy,,Interface Class164 has field Field789
internetarchive__heritrix3,UNSAT,InterfacePolicy,,Interface Class164 has field Field790
internetarchive__heritrix3,UNSAT,InterfacePolicy,,Interface Class164 has field Field791
internetarchive__heritrix3,UNSAT,InterfacePolicy,,Interface Class164 has field Field792
internetarchive__heritrix3,UNSAT,InterfacePolicy,,Interface Class298 has field Field1258
internetarchive__heritrix3,UNSAT,InterfacePolicy,,Interface Class298 has field Field1259
internetarchive__heritrix3,UNSAT,InterfacePolicy,,Interface Class298 has field Field1260
internetarchive__heritrix3,UNSAT,InterfacePolicy,,Interface Class298 has field Field1261
internetarchive__heritrix3,UNSAT,InterfacePolicy,,Interface Class298 has field Field1262
internetarchive__heritrix3,UNSAT,InterfacePolicy,,Interface Class298 has field Field1263
internetarchive__heritrix3,UNSAT,InterfacePolicy,,Interface Class298 has field Field1264
internetarchive__heritrix3,UNSAT,InterfacePolicy,,Interface Class298 has field Field1265
internetarchive__heritrix3,UNSAT,InterfacePolicy,,Interface Class298 has field Field1266
internetarchive__heritrix3,UNSAT,InterfacePolicy,,Interface Class298 has field Field1267
internetarchive__heritrix3,UNSAT,InterfacePolicy,,Interface Class298 has field Field1268
internetarchive__heritrix3,UNSAT,InterfacePolicy,,Interface Class298 has field Field1269
internetarchive__heritrix3,UNSAT,InterfacePolicy,,Interface Class298 has field Field1270
internetarchive__heritrix3,UNSAT,InterfacePolicy,,Interface Class298 has field Field1271
internetarchive__heritrix3,UNSAT,InterfacePolicy,,Interface Class298 has field Field1272
internetarchive__heritrix3,UNSAT,InterfacePolicy,,Interface Class298 has field Field1273
internetarchive__heritrix3,UNSAT,InterfacePolicy,,Interface Class298 has field Field1274
internetarchive__heritrix3,UNSAT,InterfacePolicy,,Interface Class298 has field Field1275
internetarchive__heritrix3,UNSAT,InterfacePolicy,,Interface Class298 has field Field1276
internetarchive__heritrix3,UNSAT,InterfacePolicy,,Interface Class298 has field Field1277
internetarchive__heritrix3,UNSAT,InterfacePolicy,,Interface Class298 has field Field1278
internetarchive__heritrix3,UNSAT,InterfacePolicy,,Interface Class298 has field Field1279
internetarchive__heritrix3,UNSAT,InterfacePolicy,,Interface Class298 has field Field1280
internetarchive__heritrix3,UNSAT,InterfacePolicy,,Interface Class298 has field Field1281
internetarchive__heritrix3,UNSAT,InterfacePolicy,,Interface Class298 has field Field1282
internetarchive__heritrix3,UNSAT,InterfacePolicy,,Interface Class298 has field Field1283
internetarchive__heritrix3,UNSAT,InterfacePolicy,,Interface Class298 has field Field1284
internetarchive__heritrix3,UNSAT,InterfacePolicy,,Interface Class298 has field Field1285
internetarchive__heritrix3,UNSAT,InterfacePolicy,,Interface Class298 has field Field1286
internetarchive__heritrix3,UNSAT,InterfacePolicy,,Interface Class298 has field Field1287
internetarchive__heritrix3,UNSAT,InterfacePolicy,,Interface Class298 has field Field1288
internetarchive__heritrix3,UNSAT,InterfacePolicy,,Interface Class298 has field Field1289
internetarchive__heritrix3,UNSAT,InterfacePolicy,,Interface Class339 has field Field1442
internetarchive__heritrix3,UNSAT,InterfacePolicy,,Interface Class339 has field Field1443
internetarchive__heritrix3,UNSAT,InterfacePolicy,,Interface Class339 has field Field1444
internetarchive__heritrix3,UNSAT,InterfacePolicy,,Interface Class339 has field Field1445
internetarchive__heritrix3,UNSAT,InterfacePolicy,,Interface Class339 has field Field1446
internetarchive__heritrix3,UNSAT,InterfacePolicy,,Interface Class339 has field Field1447
internetarchive__heritrix3,UNSAT,InterfacePolicy,,Interface Class339 has field Field1448
internetarchive__heritrix3,UNSAT,InterfacePolicy,,Interface Class339 has field Field1449
internetarchive__heritrix3,UNSAT,InterfacePolicy,,Interface Class339 has field Field1450
internetarchive__heritrix3,UNSAT,InterfacePolicy,,Interface Class339 has field Field1451
internetarchive__heritrix3,UNSAT,InterfacePolicy,,Interface Class339 has field Field1452
internetarchive__heritrix3,UNSAT,InterfacePolicy,,Interface Class339 has field Field1453
internetarchive__heritrix3,UNSAT,InterfacePolicy,,Interface Class339 has field Field1454
internetarchive__heritrix3,UNSAT,InterfacePolicy,,Interface Class339 has field Field1455
internetarchive__heritrix3,UNSAT,InterfacePolicy,,Interface Class361 has field Field1502
internetarchive__heritrix3,UNSAT,InterfacePolicy,,Interface Class361 has field Field1503
internetarchive__heritrix3,UNSAT,InterfacePolicy,,Interface Class361 has field Field1504
internetarchive__heritrix3,UNSAT,InterfacePolicy,,Interface Class361 has field Field1505
internetarchive__heritrix3,UNSAT,InterfacePolicy,,Interface Class361 has field Field1506
internetarchive__heritrix3,UNSAT,InterfacePolicy,,Interface Class361 has field Field1507
internetarchive__heritrix3,UNSAT,InterfacePolicy,,Interface Class361 has field Field1508
internetarchive__heritrix3,UNSAT,InterfacePolicy,,Interface Class361 has field Field1509
internetarchive__heritrix3,UNSAT,InterfacePolicy,,Interface Class361 has field Field1510
internetarchive__heritrix3,UNSAT,InterfacePolicy,,Interface Class361 has field Field1511
internetarchive__heritrix3,UNSAT,InterfacePolicy,,Interface Class361 has field Field1512
internetarchive__heritrix3,UNSAT,InterfacePolicy,,Interface Class434 has field Field1723
internetarchive__heritrix3,UNSAT,LocalMethodNamespace,,"Duplicate method name 'closeDatabase' in class Class1: Method3, Method4"
j-easy__easy-rules,UNSAT,InterfacePolicy,,Interface Class11 contains non-abstract method Method27
j-easy__easy-rules,UNSAT,InterfacePolicy,,Interface Class11 contains non-abstract method Method28
j-easy__easy-rules,UNSAT,InterfacePolicy,,Interface Class11 contains non-abstract method Method29
j-easy__easy-rules,UNSAT,InterfacePolicy,,Interface Class12 contains non-abstract method Method30
j-easy__easy-rules,UNSAT,InterfacePolicy,,Interface Class12 contains non-abstract method Method31
j-easy__easy-rules,UNSAT,InterfacePolicy,,Interface Class12 contains non-abstract method Method32
j-easy__easy-rules,UNSAT,InterfacePolicy,,Interface Class12 contains non-abstract method Method33
j-easy__easy-rules,UNSAT,InterfacePolicy,,Interface Class12 contains non-abstract method Method34
j-easy__easy-rules,UNSAT,InterfacePolicy,,Interface Class12 contains non-abstract method Method35
j-easy__easy-rules,UNSAT,InterfacePolicy,,Interface Class14 contains non-abstract method Method44
j-easy__easy-rules,UNSAT,InterfacePolicy,,Interface Class14 contains non-abstract method Method47
j-easy__easy-rules,UNSAT,InterfacePolicy,,Interface Class14 contains non-abstract method Method48
j-easy__easy-rules,UNSAT,InterfacePolicy,,Interface Class15 contains non-abstract method Method49
j-easy__easy-rules,UNSAT,InterfacePolicy,,Interface Class15 contains non-abstract method Method50
j-easy__easy-rules,UNSAT,InterfacePolicy,,Interface Class8 has field Field0
j-easy__easy-rules,UNSAT,InterfacePolicy,,Interface Class8 has field Field1
j-easy__easy-rules,UNSAT,InterfacePolicy,,Interface Class11 has field Field5
j-easy__easy-rules,UNSAT,InterfacePolicy,,Interface Class11 has field Field6
j-easy__easy-rules,UNSAT,InterfacePolicy,,Interface Class11 has field Field7
j-easy__easy-rules,UNSAT,LocalMethodNamespace,,"Duplicate method name 'remove' in class Class10: Method22, Method23"
jacoco__jacoco,UNSAT,IdentifierIntegrity,,"Duplicate name 'package2.Example2' used by: Class24, Class25, Class26"
jacoco__jacoco,UNSAT,IdentifierIntegrity,,"Duplicate name 'Example' used by: Class1, Class2, Class3, Class4, Class5, Class6, Class7, Class8, Class9, Class10, Class11, Class12, Class13, Class14, Class15"
jagrosh__MusicBot,UNSAT,LocalMethodNamespace,,"Duplicate method name 'write' in class Class55: Method155, Method156, Method157"
java-aodeng__hope-boot,UNSAT,LocalMethodNamespace,,"Duplicate method name 'add' in class Class17: Method33, Method34"
javahongxi__whatsmars,UNSAT,InterfacePolicy,,Interface Class220 contains non-abstract method Method803
javahongxi__whatsmars,UNSAT,LocalMethodNamespace,,"Duplicate method name 'send' in class Class62: Method175, Method176"
Jay-Goo__RangeSeekBar,UNSAT,LocalMethodNamespace,,"Duplicate method name 'setProgress' in class Class2: Method73, Method74"
jbangdev__jbang,UNSAT,InterfacePolicy,,Interface Class72 contains non-abstract method Method415
jbangdev__jbang,UNSAT,InterfacePolicy,,Interface Class72 contains non-abstract method Method416
jbangdev__jbang,UNSAT,InterfacePolicy,,Interface Class72 contains non-abstract method Method418
jbangdev__jbang,UNSAT,InterfacePolicy,,Interface Class72 contains non-abstract method Method419
jbangdev__jbang,UNSAT,InterfacePolicy,,Interface Class72 contains non-abstract method Method420
jbangdev__jbang,UNSAT,InterfacePolicy,,Interface Class72 contains non-abstract method Method421
jbangdev__jbang,UNSAT,InterfacePolicy,,Interface Class72 contains non-abstract method Method422
jbangdev__jbang,UNSAT,InterfacePolicy,,Interface Class72 contains non-abstract method Method423
jbangdev__jbang,UNSAT,InterfacePolicy,,Interface Class72 contains non-abstract method Method424
jbangdev__jbang,UNSAT,InterfacePolicy,,Interface Class72 contains non-abstract method Method425
jbangdev__jbang,UNSAT,InterfacePolicy,,Interface Class72 contains non-abstract method Method426
jbangdev__jbang,UNSAT,InterfacePolicy,,Interface Class72 contains non-abstract method Method428
jbangdev__jbang,UNSAT,InterfacePolicy,,Interface Class72 contains non-abstract method Method429
jbangdev__jbang,UNSAT,InterfacePolicy,,Interface Class72 contains non-abstract method Method430
jbangdev__jbang,UNSAT,InterfacePolicy,,Interface Class72 contains non-abstract method Method431
jbangdev__jbang,UNSAT,InterfacePolicy,,Interface Class72 contains non-abstract method Method432
jbangdev__jbang,UNSAT,InterfacePolicy,,Interface Class72 contains non-abstract method Method433
jbangdev__jbang,UNSAT,InterfacePolicy,,Interface Class72 contains non-abstract method Method434
jbangdev__jbang,UNSAT,InterfacePolicy,,Interface Class72 contains non-abstract method Method435
jbangdev__jbang,UNSAT,InterfacePolicy,,Interface Class73 contains non-abstract method Method436
jbangdev__jbang,UNSAT,InterfacePolicy,,Interface Class73 contains non-abstract method Method438
jbangdev__jbang,UNSAT,InterfacePolicy,,Interface Class73 contains non-abstract method Method439
jbangdev__jbang,UNSAT,InterfacePolicy,,Interface Class73 contains non-abstract method Method440
jbangdev__jbang,UNSAT,InterfacePolicy,,Interface Class73 contains non-abstract method Method441
jbangdev__jbang,UNSAT,InterfacePolicy,,Interface Class83 contains non-abstract method Method469
jbangdev__jbang,UNSAT,InterfacePolicy,,Interface Class97 contains non-abstract method Method541
jbangdev__jbang,UNSAT,InterfacePolicy,,Interface Class97 contains non-abstract method Method542
jbangdev__jbang,UNSAT,LocalMethodNamespace,,"Duplicate method name 'read' in class Class1: Method26, Method27"
jberkel__sms-backup-plus,UNSAT,InterfacePolicy,,Interface Class2 has field Field13
jberkel__sms-backup-plus,UNSAT,InterfacePolicy,,Interface Class2 has field Field14
jberkel__sms-backup-plus,UNSAT,LocalMethodNamespace,,"Duplicate method name 'formatMissingPermissionDetails' in class Class3: Method14, Method15"
jchambers__pushy,UNSAT,InterfacePolicy,,Interface Class19 contains non-abstract method Method160
jchambers__pushy,UNSAT,LocalMethodNamespace,,"Duplicate method name 'writeJsonValue' in class Class1: Method31, Method32, Method33, Method34, Method35, Method36, Method37, Method38, Method39, Method40, Method41, Method42"
JCTools__JCTools,UNSAT,InterfacePolicy,,Interface Class141 has field Field3246
JCTools__JCTools,UNSAT,InterfacePolicy,,Interface Class717 has field Field18305
JCTools__JCTools,UNSAT,InterfacePolicy,,Interface Class717 has field Field18306
JCTools__JCTools,UNSAT,InterfacePolicy,,Interface Class717 has field Field18307
JCTools__JCTools,UNSAT,InterfacePolicy,,Interface Class717 has field Field18308
JCTools__JCTools,UNSAT,InterfacePolicy,,Interface Class726 has field Field18323
JCTools__JCTools,UNSAT,LocalMethodNamespace,,"Duplicate method name 'arrayIndexForCursor' in class Class4: Method11, Method12"
jianjunxiao__NiceVieoPlayer,UNSAT,LocalMethodNamespace,,"Duplicate method name 'start' in class Class2: Method36, Method37"
JingYeoh__FragmentRigger,UNSAT,InterfacePolicy,,Interface Class20 has field Field59
JingYeoh__FragmentRigger,UNSAT,InterfacePolicy,,Interface Class20 has field Field60
JingYeoh__FragmentRigger,UNSAT,InterfacePolicy,,Interface Class20 has field Field61
JingYeoh__FragmentRigger,UNSAT,InterfacePolicy,,Interface Class20 has field Field62
JingYeoh__FragmentRigger,UNSAT,InterfacePolicy,,Interface Class20 has field Field63
JingYeoh__FragmentRigger,UNSAT,InterfacePolicy,,Interface Class20 has field Field64
JingYeoh__FragmentRigger,UNSAT,InterfacePolicy,,Interface Class20 has field Field65
JingYeoh__FragmentRigger,UNSAT,LocalMethodNamespace,,"Duplicate method name 'remove' in class Class11: Method59, Method60"
jobrunr__jobrunr,UNSAT,IdentifierIntegrity,,"Duplicate name 'org.jobrunr.scheduling.AsyncJobTestService' used by: Class213, Class214"
jobrunr__jobrunr,UNSAT,IdentifierIntegrity,,"Duplicate name 'org.jobrunr.jobs.annotations.AsyncJob' used by: Class60, Class61, Class62, Class63"
jobrunr__jobrunr,UNSAT,IdentifierIntegrity,,"Duplicate name 'org.jobrunr.spring.autoconfigure.storage.JobRunrSqlStorageAutoConfiguration' used by: Class354, Class355"
jobrunr__jobrunr,UNSAT,IdentifierIntegrity,,"Duplicate name 'org.jobrunr.spring.autoconfigure.metrics.JobRunrMetricsAutoConfiguration' used by: Class346, Class347"
jobrunr__jobrunr,UNSAT,IdentifierIntegrity,,"Duplicate name 'org.jobrunr.scheduling.AsyncJobInterceptor' used by: Class207, Class208, Class209, Class210"
jobrunr__jobrunr,UNSAT,IdentifierIntegrity,,"Duplicate name 'org.jobrunr.spring.autoconfigure.storage.JobRunrMongoDBStorageAutoConfiguration' used by: Class352, Class353"
jobrunr__jobrunr,UNSAT,IdentifierIntegrity,,"Duplicate name 'org.jobrunr.spring.autoconfigure.health.JobRunrHealthIndicator' used by: Class344, Class345"
jobrunr__jobrunr,UNSAT,IdentifierIntegrity,,"Duplicate name 'org.jobrunr.spring.autoconfigure.storage.JobRunrInMemoryStorageAutoConfiguration' used by: Class350, Class351"
jobrunr__jobrunr,UNSAT,IdentifierIntegrity,,"Duplicate name 'org.jobrunr.spring.aot.JobRunrBeanFactoryInitializationAotProcessor' used by: Class336, Class337"
jobrunr__jobrunr,UNSAT,IdentifierIntegrity,,"Duplicate name 'org.jobrunr.scheduling.AsyncJobPostProcessor' used by: Class211, Class212"
jobrunr__jobrunr,UNSAT,IdentifierIntegrity,,"Duplicate name 'org.jobrunr.scheduling.RecurringJobPostProcessor' used by: Class227, Class228"
jobrunr__jobrunr,UNSAT,IdentifierIntegrity,,"Duplicate name 'org.jobrunr.spring.autoconfigure.JobRunrAutoConfiguration' used by: Class338, Class339"
jobrunr__jobrunr,UNSAT,IdentifierIntegrity,,"Duplicate name 'org.jobrunr.spring.autoconfigure.JobRunrStarter' used by: Class342, Class343"
jobrunr__jobrunr,UNSAT,IdentifierIntegrity,,"Duplicate name 'org.jobrunr.spring.autoconfigure.JobRunrProperties' used by: Class340, Class341"
jobrunr__jobrunr,UNSAT,IdentifierIntegrity,,"Duplicate name 'org.jobrunr.scheduling.AsyncJobTestServiceWithNestedJobService' used by: Class215, Class216"
jobrunr__jobrunr,UNSAT,IdentifierIntegrity,,"Duplicate name 'org.jobrunr.spring.autoconfigure.storage.JobRunrDocumentDBStorageAutoConfiguration' used by: Class348, Class349"
jobrunr__jobrunr,UNSAT,InterfacePolicy,,Interface Class76 contains non-abstract method Method439
jobrunr__jobrunr,UNSAT,InterfacePolicy,,Interface Class142 contains non-abstract method Method570
jobrunr__jobrunr,UNSAT,InterfacePolicy,,Interface Class142 contains non-abstract method Method571
jobrunr__jobrunr,UNSAT,InterfacePolicy,,Interface Class148 contains non-abstract method Method601
jobrunr__jobrunr,UNSAT,InterfacePolicy,,Interface Class148 contains non-abstract method Method602
jobrunr__jobrunr,UNSAT,InterfacePolicy,,Interface Class148 contains non-abstract method Method603
jobrunr__jobrunr,UNSAT,InterfacePolicy,,Interface Class148 contains non-abstract method Method604
jobrunr__jobrunr,UNSAT,InterfacePolicy,,Interface Class155 contains non-abstract method Method619
jobrunr__jobrunr,UNSAT,InterfacePolicy,,Interface Class268 contains non-abstract method Method1258
jobrunr__jobrunr,UNSAT,InterfacePolicy,,Interface Class290 contains non-abstract method Method1307
jobrunr__jobrunr,UNSAT,InterfacePolicy,,Interface Class370 contains non-abstract method Method1749
jobrunr__jobrunr,UNSAT,InterfacePolicy,,Interface Class370 contains non-abstract method Method1753
jobrunr__jobrunr,UNSAT,InterfacePolicy,,Interface Class370 contains non-abstract method Method1754
jobrunr__jobrunr,UNSAT,InterfacePolicy,,Interface Class370 contains non-abstract method Method1761
jobrunr__jobrunr,UNSAT,InterfacePolicy,,Interface Class387 contains non-abstract method Method1862
jobrunr__jobrunr,UNSAT,InterfacePolicy,,Interface Class423 contains non-abstract method Method2085
jobrunr__jobrunr,UNSAT,InterfacePolicy,,Interface Class423 contains non-abstract method Method2086
jobrunr__jobrunr,UNSAT,InterfacePolicy,,Interface Class423 contains non-abstract method Method2089
jobrunr__jobrunr,UNSAT,InterfacePolicy,,Interface Class423 contains non-abstract method Method2090
jobrunr__jobrunr,UNSAT,InterfacePolicy,,Interface Class423 contains non-abstract method Method2091
jobrunr__jobrunr,UNSAT,InterfacePolicy,,Interface Class423 contains non-abstract method Method2092
jobrunr__jobrunr,UNSAT,InterfacePolicy,,Interface Class423 contains non-abstract method Method2093
jobrunr__jobrunr,UNSAT,InterfacePolicy,,Interface Class423 contains non-abstract method Method2094
jobrunr__jobrunr,UNSAT,InterfacePolicy,,Interface Class423 contains non-abstract method Method2095
jobrunr__jobrunr,UNSAT,InterfacePolicy,,Interface Class423 contains non-abstract method Method2096
jobrunr__jobrunr,UNSAT,InterfacePolicy,,Interface Class423 contains non-abstract method Method2097
jobrunr__jobrunr,UNSAT,InterfacePolicy,,Interface Class423 contains non-abstract method Method2098
jobrunr__jobrunr,UNSAT,InterfacePolicy,,Interface Class423 contains non-abstract method Method2099
jobrunr__jobrunr,UNSAT,InterfacePolicy,,Interface Class423 contains non-abstract method Method2100
jobrunr__jobrunr,UNSAT,InterfacePolicy,,Interface Class370 has field Field704
jobrunr__jobrunr,UNSAT,InterfacePolicy,,Interface Class443 has field Field811
jobrunr__jobrunr,UNSAT,LocalMethodNamespace,,"Duplicate method name 'shouldNotHappenException' in class Class1: Method6, Method7"
JodaOrg__joda-time,UNSAT,LocalMethodNamespace,,"Duplicate method name 'get' in class Class0: Method12, Method13, Method14"
joelittlejohn__jsonschema2pojo,UNSAT,IdentifierIntegrity,,"Duplicate name 'jsonschema2pojo.joelittlejohn.github.com.androidlibexample.AndroidLibExample' used by: Class2, Class3"
joelittlejohn__jsonschema2pojo,UNSAT,InterfacePolicy,,Interface Class16 contains non-abstract method Method203
joelittlejohn__jsonschema2pojo,UNSAT,LocalMethodNamespace,,"Duplicate method name 'warn' in class Class5: Method36, Method37"
JosephZhu1983__java-common-mistakes,UNSAT,LocalMethodNamespace,,"Duplicate method name 'age' in class Class8: Method18, Method19"
JSQLParser__JSqlParser,UNSAT,InterfacePolicy,,Interface Class21 contains non-abstract method Method241
JSQLParser__JSqlParser,UNSAT,InterfacePolicy,,Interface Class22 contains non-abstract method Method243
JSQLParser__JSqlParser,UNSAT,InterfacePolicy,,Interface Class22 contains non-abstract method Method245
JSQLParser__JSqlParser,UNSAT,InterfacePolicy,,Interface Class22 contains non-abstract method Method247
JSQLParser__JSqlParser,UNSAT,InterfacePolicy,,Interface Class22 contains non-abstract method Method249
JSQLParser__JSqlParser,UNSAT,InterfacePolicy,,Interface Class22 contains non-abstract method Method251
JSQLParser__JSqlParser,UNSAT,InterfacePolicy,,Interface Class22 contains non-abstract method Method253
JSQLParser__JSqlParser,UNSAT,InterfacePolicy,,Interface Class22 contains non-abstract method Method255
JSQLParser__JSqlParser,UNSAT,InterfacePolicy,,Interface Class22 contains non-abstract method Method257
JSQLParser__JSqlParser,UNSAT,InterfacePolicy,,Interface Class22 contains non-abstract method Method259
JSQLParser__JSqlParser,UNSAT,InterfacePolicy,,Interface Class22 contains non-abstract method Method261
JSQLParser__JSqlParser,UNSAT,InterfacePolicy,,Interface Class22 contains non-abstract method Method263
JSQLParser__JSqlParser,UNSAT,InterfacePolicy,,Interface Class22 contains non-abstract method Method265
JSQLParser__JSqlParser,UNSAT,InterfacePolicy,,Interface Class22 contains non-abstract method Method268
JSQLParser__JSqlParser,UNSAT,InterfacePolicy,,Interface Class22 contains non-abstract method Method270
JSQLParser__JSqlParser,UNSAT,InterfacePolicy,,Interface Class22 contains non-abstract method Method272
JSQLParser__JSqlParser,UNSAT,InterfacePolicy,,Interface Class22 contains non-abstract method Method274
JSQLParser__JSqlParser,UNSAT,InterfacePolicy,,Interface Class22 contains non-abstract method Method276
JSQLParser__JSqlParser,UNSAT,InterfacePolicy,,Interface Class22 contains non-abstract method Method278
JSQLParser__JSqlParser,UNSAT,InterfacePolicy,,Interface Class22 contains non-abstract method Method280
JSQLParser__JSqlParser,UNSAT,InterfacePolicy,,Interface Class22 contains non-abstract method Method282
JSQLParser__JSqlParser,UNSAT,InterfacePolicy,,Interface Class22 contains non-abstract method Method284
JSQLParser__JSqlParser,UNSAT,InterfacePolicy,,Interface Class22 contains non-abstract method Method286
JSQLParser__JSqlParser,UNSAT,InterfacePolicy,,Interface Class22 contains non-abstract method Method288
JSQLParser__JSqlParser,UNSAT,InterfacePolicy,,Interface Class22 contains non-abstract method Method290
JSQLParser__JSqlParser,UNSAT,InterfacePolicy,,Interface Class22 contains non-abstract method Method292
JSQLParser__JSqlParser,UNSAT,InterfacePolicy,,Interface Class22 contains non-abstract method Method294
JSQLParser__JSqlParser,UNSAT,InterfacePolicy,,Interface Class22 contains non-abstract method Method295
JSQLParser__JSqlParser,UNSAT,InterfacePolicy,,Interface Class22 contains non-abstract method Method296
JSQLParser__JSqlParser,UNSAT,InterfacePolicy,,Interface Class22 contains non-abstract method Method298
JSQLParser__JSqlParser,UNSAT,InterfacePolicy,,Interface Class22 contains non-abstract method Method300
JSQLParser__JSqlParser,UNSAT,InterfacePolicy,,Interface Class22 contains non-abstract method Method302
JSQLParser__JSqlParser,UNSAT,InterfacePolicy,,Interface Class22 contains non-abstract method Method304
JSQLParser__JSqlParser,UNSAT,InterfacePolicy,,Interface Class22 contains non-abstract method Method306
JSQLParser__JSqlParser,UNSAT,InterfacePolicy,,Interface Class22 contains non-abstract method Method308
JSQLParser__JSqlParser,UNSAT,InterfacePolicy,,Interface Class22 contains non-abstract method Method310
JSQLParser__JSqlParser,UNSAT,InterfacePolicy,,Interface Class22 contains non-abstract method Method312
JSQLParser__JSqlParser,UNSAT,InterfacePolicy,,Interface Class22 contains non-abstract method Method314
JSQLParser__JSqlParser,UNSAT,InterfacePolicy,,Interface Class22 contains non-abstract method Method316
JSQLParser__JSqlParser,UNSAT,InterfacePolicy,,Interface Class22 contains non-abstract method Method318
JSQLParser__JSqlParser,UNSAT,InterfacePolicy,,Interface Class22 contains non-abstract method Method320
JSQLParser__JSqlParser,UNSAT,InterfacePolicy,,Interface Class22 contains non-abstract method Method322
JSQLParser__JSqlParser,UNSAT,InterfacePolicy,,Interface Class22 contains non-abstract method Method324
JSQLParser__JSqlParser,UNSAT,InterfacePolicy,,Interface Class22 contains non-abstract method Method326
JSQLParser__JSqlParser,UNSAT,InterfacePolicy,,Interface Class22 contains non-abstract method Method328
JSQLParser__JSqlParser,UNSAT,InterfacePolicy,,Interface Class22 contains non-abstract method Method330
JSQLParser__JSqlParser,UNSAT,InterfacePolicy,,Interface Class22 contains non-abstract method Method332
JSQLParser__JSqlParser,UNSAT,InterfacePolicy,,Interface Class22 contains non-abstract method Method334
JSQLParser__JSqlParser,UNSAT,InterfacePolicy,,Interface Class22 contains non-abstract method Method336
JSQLParser__JSqlParser,UNSAT,InterfacePolicy,,Interface Class22 contains non-abstract method Method338
JSQLParser__JSqlParser,UNSAT,InterfacePolicy,,Interface Class22 contains non-abstract method Method340
JSQLParser__JSqlParser,UNSAT,InterfacePolicy,,Interface Class22 contains non-abstract method Method342
JSQLParser__JSqlParser,UNSAT,InterfacePolicy,,Interface Class22 contains non-abstract method Method344
JSQLParser__JSqlParser,UNSAT,InterfacePolicy,,Interface Class22 contains non-abstract method Method346
JSQLParser__JSqlParser,UNSAT,InterfacePolicy,,Interface Class22 contains non-abstract method Method348
JSQLParser__JSqlParser,UNSAT,InterfacePolicy,,Interface Class22 contains non-abstract method Method350
JSQLParser__JSqlParser,UNSAT,InterfacePolicy,,Interface Class22 contains non-abstract method Method352
JSQLParser__JSqlParser,UNSAT,InterfacePolicy,,Interface Class22 contains non-abstract method Method354
JSQLParser__JSqlParser,UNSAT,InterfacePolicy,,Interface Class22 contains non-abstract method Method356
JSQLParser__JSqlParser,UNSAT,InterfacePolicy,,Interface Class22 contains non-abstract method Method358
JSQLParser__JSqlParser,UNSAT,InterfacePolicy,,Interface Class22 contains non-abstract method Method360
JSQLParser__JSqlParser,UNSAT,InterfacePolicy,,Interface Class22 contains non-abstract method Method362
JSQLParser__JSqlParser,UNSAT,InterfacePolicy,,Interface Class22 contains non-abstract method Method364
JSQLParser__JSqlParser,UNSAT,InterfacePolicy,,Interface Class22 contains non-abstract method Method366
JSQLParser__JSqlParser,UNSAT,InterfacePolicy,,Interface Class22 contains non-abstract method Method368
JSQLParser__JSqlParser,UNSAT,InterfacePolicy,,Interface Class22 contains non-abstract method Method370
JSQLParser__JSqlParser,UNSAT,InterfacePolicy,,Interface Class22 contains non-abstract method Method372
JSQLParser__JSqlParser,UNSAT,InterfacePolicy,,Interface Class22 contains non-abstract method Method374
JSQLParser__JSqlParser,UNSAT,InterfacePolicy,,Interface Class22 contains non-abstract method Method376
JSQLParser__JSqlParser,UNSAT,InterfacePolicy,,Interface Class22 contains non-abstract method Method378
JSQLParser__JSqlParser,UNSAT,InterfacePolicy,,Interface Class22 contains non-abstract method Method380
JSQLParser__JSqlParser,UNSAT,InterfacePolicy,,Interface Class22 contains non-abstract method Method382
JSQLParser__JSqlParser,UNSAT,InterfacePolicy,,Interface Class22 contains non-abstract method Method384
JSQLParser__JSqlParser,UNSAT,InterfacePolicy,,Interface Class22 contains non-abstract method Method386
JSQLParser__JSqlParser,UNSAT,InterfacePolicy,,Interface Class22 contains non-abstract method Method388
JSQLParser__JSqlParser,UNSAT,InterfacePolicy,,Interface Class22 contains non-abstract method Method390
JSQLParser__JSqlParser,UNSAT,InterfacePolicy,,Interface Class22 contains non-abstract method Method392
JSQLParser__JSqlParser,UNSAT,InterfacePolicy,,Interface Class22 contains non-abstract method Method395
JSQLParser__JSqlParser,UNSAT,InterfacePolicy,,Interface Class22 contains non-abstract method Method397
JSQLParser__JSqlParser,UNSAT,InterfacePolicy,,Interface Class22 contains non-abstract method Method399
JSQLParser__JSqlParser,UNSAT,InterfacePolicy,,Interface Class22 contains non-abstract method Method401
JSQLParser__JSqlParser,UNSAT,InterfacePolicy,,Interface Class22 contains non-abstract method Method403
JSQLParser__JSqlParser,UNSAT,InterfacePolicy,,Interface Class22 contains non-abstract method Method405
JSQLParser__JSqlParser,UNSAT,InterfacePolicy,,Interface Class22 contains non-abstract method Method407
JSQLParser__JSqlParser,UNSAT,InterfacePolicy,,Interface Class22 contains non-abstract method Method409
JSQLParser__JSqlParser,UNSAT,InterfacePolicy,,Interface Class22 contains non-abstract method Method411
JSQLParser__JSqlParser,UNSAT,InterfacePolicy,,Interface Class22 contains non-abstract method Method413
JSQLParser__JSqlParser,UNSAT,InterfacePolicy,,Interface Class22 contains non-abstract method Method415
JSQLParser__JSqlParser,UNSAT,InterfacePolicy,,Interface Class22 contains non-abstract method Method417
JSQLParser__JSqlParser,UNSAT,InterfacePolicy,,Interface Class22 contains non-abstract method Method419
JSQLParser__JSqlParser,UNSAT,InterfacePolicy,,Interface Class22 contains non-abstract method Method421
JSQLParser__JSqlParser,UNSAT,InterfacePolicy,,Interface Class22 contains non-abstract method Method423
JSQLParser__JSqlParser,UNSAT,InterfacePolicy,,Interface Class22 contains non-abstract method Method425
JSQLParser__JSqlParser,UNSAT,InterfacePolicy,,Interface Class22 contains non-abstract method Method427
JSQLParser__JSqlParser,UNSAT,InterfacePolicy,,Interface Class22 contains non-abstract method Method429
JSQLParser__JSqlParser,UNSAT,InterfacePolicy,,Interface Class22 contains non-abstract method Method431
JSQLParser__JSqlParser,UNSAT,InterfacePolicy,,Interface Class22 contains non-abstract method Method433
JSQLParser__JSqlParser,UNSAT,InterfacePolicy,,Interface Class22 contains non-abstract method Method435
JSQLParser__JSqlParser,UNSAT,InterfacePolicy,,Interface Class22 contains non-abstract method Method437
JSQLParser__JSqlParser,UNSAT,InterfacePolicy,,Interface Class22 contains non-abstract method Method439
JSQLParser__JSqlParser,UNSAT,InterfacePolicy,,Interface Class22 contains non-abstract method Method441
JSQLParser__JSqlParser,UNSAT,InterfacePolicy,,Interface Class22 contains non-abstract method Method443
JSQLParser__JSqlParser,UNSAT,InterfacePolicy,,Interface Class22 contains non-abstract method Method445
JSQLParser__JSqlParser,UNSAT,InterfacePolicy,,Interface Class22 contains non-abstract method Method447
JSQLParser__JSqlParser,UNSAT,InterfacePolicy,,Interface Class22 contains non-abstract method Method449
JSQLParser__JSqlParser,UNSAT,InterfacePolicy,,Interface Class22 contains non-abstract method Method451
JSQLParser__JSqlParser,UNSAT,InterfacePolicy,,Interface Class22 contains non-abstract method Method454
JSQLParser__JSqlParser,UNSAT,InterfacePolicy,,Interface Class22 contains non-abstract method Method456
JSQLParser__JSqlParser,UNSAT,InterfacePolicy,,Interface Class22 contains non-abstract method Method459
JSQLParser__JSqlParser,UNSAT,InterfacePolicy,,Interface Class22 contains non-abstract method Method462
JSQLParser__JSqlParser,UNSAT,InterfacePolicy,,Interface Class22 contains non-abstract method Method463
JSQLParser__JSqlParser,UNSAT,InterfacePolicy,,Interface Class22 contains non-abstract method Method464
JSQLParser__JSqlParser,UNSAT,InterfacePolicy,,Interface Class22 contains non-abstract method Method465
JSQLParser__JSqlParser,UNSAT,InterfacePolicy,,Interface Class22 contains non-abstract method Method466
JSQLParser__JSqlParser,UNSAT,InterfacePolicy,,Interface Class22 contains non-abstract method Method467
JSQLParser__JSqlParser,UNSAT,InterfacePolicy,,Interface Class151 contains non-abstract method Method1687
JSQLParser__JSqlParser,UNSAT,InterfacePolicy,,Interface Class151 contains non-abstract method Method1688
JSQLParser__JSqlParser,UNSAT,InterfacePolicy,,Interface Class151 contains non-abstract method Method1690
JSQLParser__JSqlParser,UNSAT,InterfacePolicy,,Interface Class151 contains non-abstract method Method1691
JSQLParser__JSqlParser,UNSAT,InterfacePolicy,,Interface Class151 contains non-abstract method Method1692
JSQLParser__JSqlParser,UNSAT,InterfacePolicy,,Interface Class155 contains non-abstract method Method1749
JSQLParser__JSqlParser,UNSAT,InterfacePolicy,,Interface Class155 contains non-abstract method Method1750
JSQLParser__JSqlParser,UNSAT,InterfacePolicy,,Interface Class155 contains non-abstract method Method1751
JSQLParser__JSqlParser,UNSAT,InterfacePolicy,,Interface Class184 contains non-abstract method Method2059
JSQLParser__JSqlParser,UNSAT,InterfacePolicy,,Interface Class184 contains non-abstract method Method2063
JSQLParser__JSqlParser,UNSAT,InterfacePolicy,,Interface Class201 contains non-abstract method Method2192
JSQLParser__JSqlParser,UNSAT,InterfacePolicy,,Interface Class202 contains non-abstract method Method2194
JSQLParser__JSqlParser,UNSAT,InterfacePolicy,,Interface Class202 contains non-abstract method Method2196
JSQLParser__JSqlParser,UNSAT,InterfacePolicy,,Interface Class202 contains non-abstract method Method2198
JSQLParser__JSqlParser,UNSAT,InterfacePolicy,,Interface Class202 contains non-abstract method Method2200
JSQLParser__JSqlParser,UNSAT,InterfacePolicy,,Interface Class202 contains non-abstract method Method2202
JSQLParser__JSqlParser,UNSAT,InterfacePolicy,,Interface Class202 contains non-abstract method Method2204
JSQLParser__JSqlParser,UNSAT,InterfacePolicy,,Interface Class202 contains non-abstract method Method2206
JSQLParser__JSqlParser,UNSAT,InterfacePolicy,,Interface Class202 contains non-abstract method Method2208
JSQLParser__JSqlParser,UNSAT,InterfacePolicy,,Interface Class202 contains non-abstract method Method2210
JSQLParser__JSqlParser,UNSAT,InterfacePolicy,,Interface Class202 contains non-abstract method Method2212
JSQLParser__JSqlParser,UNSAT,InterfacePolicy,,Interface Class202 contains non-abstract method Method2214
JSQLParser__JSqlParser,UNSAT,InterfacePolicy,,Interface Class202 contains non-abstract method Method2216
JSQLParser__JSqlParser,UNSAT,InterfacePolicy,,Interface Class202 contains non-abstract method Method2218
JSQLParser__JSqlParser,UNSAT,InterfacePolicy,,Interface Class202 contains non-abstract method Method2220
JSQLParser__JSqlParser,UNSAT,InterfacePolicy,,Interface Class202 contains non-abstract method Method2222
JSQLParser__JSqlParser,UNSAT,InterfacePolicy,,Interface Class202 contains non-abstract method Method2224
JSQLParser__JSqlParser,UNSAT,InterfacePolicy,,Interface Class202 contains non-abstract method Method2226
JSQLParser__JSqlParser,UNSAT,InterfacePolicy,,Interface Class202 contains non-abstract method Method2228
JSQLParser__JSqlParser,UNSAT,InterfacePolicy,,Interface Class202 contains non-abstract method Method2230
JSQLParser__JSqlParser,UNSAT,InterfacePolicy,,Interface Class202 contains non-abstract method Method2232
JSQLParser__JSqlParser,UNSAT,InterfacePolicy,,Interface Class202 contains non-abstract method Method2234
JSQLParser__JSqlParser,UNSAT,InterfacePolicy,,Interface Class202 contains non-abstract method Method2236
JSQLParser__JSqlParser,UNSAT,InterfacePolicy,,Interface Class202 contains non-abstract method Method2238
JSQLParser__JSqlParser,UNSAT,InterfacePolicy,,Interface Class202 contains non-abstract method Method2240
JSQLParser__JSqlParser,UNSAT,InterfacePolicy,,Interface Class202 contains non-abstract method Method2242
JSQLParser__JSqlParser,UNSAT,InterfacePolicy,,Interface Class202 contains non-abstract method Method2244
JSQLParser__JSqlParser,UNSAT,InterfacePolicy,,Interface Class202 contains non-abstract method Method2246
JSQLParser__JSqlParser,UNSAT,InterfacePolicy,,Interface Class202 contains non-abstract method Method2248
JSQLParser__JSqlParser,UNSAT,InterfacePolicy,,Interface Class202 contains non-abstract method Method2250
JSQLParser__JSqlParser,UNSAT,InterfacePolicy,,Interface Class202 contains non-abstract method Method2252
JSQLParser__JSqlParser,UNSAT,InterfacePolicy,,Interface Class202 contains non-abstract method Method2254
JSQLParser__JSqlParser,UNSAT,InterfacePolicy,,Interface Class202 contains non-abstract method Method2256
JSQLParser__JSqlParser,UNSAT,InterfacePolicy,,Interface Class202 contains non-abstract method Method2258
JSQLParser__JSqlParser,UNSAT,InterfacePolicy,,Interface Class202 contains non-abstract method Method2260
JSQLParser__JSqlParser,UNSAT,InterfacePolicy,,Interface Class202 contains non-abstract method Method2262
JSQLParser__JSqlParser,UNSAT,InterfacePolicy,,Interface Class202 contains non-abstract method Method2264
JSQLParser__JSqlParser,UNSAT,InterfacePolicy,,Interface Class202 contains non-abstract method Method2266
JSQLParser__JSqlParser,UNSAT,InterfacePolicy,,Interface Class202 contains non-abstract method Method2268
JSQLParser__JSqlParser,UNSAT,InterfacePolicy,,Interface Class202 contains non-abstract method Method2270
JSQLParser__JSqlParser,UNSAT,InterfacePolicy,,Interface Class202 contains non-abstract method Method2272
JSQLParser__JSqlParser,UNSAT,InterfacePolicy,,Interface Class202 contains non-abstract method Method2274
JSQLParser__JSqlParser,UNSAT,InterfacePolicy,,Interface Class202 contains non-abstract method Method2276
JSQLParser__JSqlParser,UNSAT,InterfacePolicy,,Interface Class202 contains non-abstract method Method2278
JSQLParser__JSqlParser,UNSAT,InterfacePolicy,,Interface Class202 contains non-abstract method Method2280
JSQLParser__JSqlParser,UNSAT,InterfacePolicy,,Interface Class202 contains non-abstract method Method2282
JSQLParser__JSqlParser,UNSAT,InterfacePolicy,,Interface Class202 contains non-abstract method Method2284
JSQLParser__JSqlParser,UNSAT,InterfacePolicy,,Interface Class202 contains non-abstract method Method2286
JSQLParser__JSqlParser,UNSAT,InterfacePolicy,,Interface Class202 contains non-abstract method Method2288
JSQLParser__JSqlParser,UNSAT,InterfacePolicy,,Interface Class202 contains non-abstract method Method2290
JSQLParser__JSqlParser,UNSAT,InterfacePolicy,,Interface Class202 contains non-abstract method Method2292
JSQLParser__JSqlParser,UNSAT,InterfacePolicy,,Interface Class202 contains non-abstract method Method2294
JSQLParser__JSqlParser,UNSAT,InterfacePolicy,,Interface Class202 contains non-abstract method Method2296
JSQLParser__JSqlParser,UNSAT,InterfacePolicy,,Interface Class282 contains non-abstract method Method3403
JSQLParser__JSqlParser,UNSAT,InterfacePolicy,,Interface Class318 contains non-abstract method Method3761
JSQLParser__JSqlParser,UNSAT,InterfacePolicy,,Interface Class318 contains non-abstract method Method3763
JSQLParser__JSqlParser,UNSAT,InterfacePolicy,,Interface Class318 contains non-abstract method Method3764
JSQLParser__JSqlParser,UNSAT,InterfacePolicy,,Interface Class318 contains non-abstract method Method3773
JSQLParser__JSqlParser,UNSAT,InterfacePolicy,,Interface Class318 contains non-abstract method Method3774
JSQLParser__JSqlParser,UNSAT,InterfacePolicy,,Interface Class318 contains non-abstract method Method3775
JSQLParser__JSqlParser,UNSAT,InterfacePolicy,,Interface Class319 contains non-abstract method Method3776
JSQLParser__JSqlParser,UNSAT,InterfacePolicy,,Interface Class319 contains non-abstract method Method3778
JSQLParser__JSqlParser,UNSAT,InterfacePolicy,,Interface Class319 contains non-abstract method Method3781
JSQLParser__JSqlParser,UNSAT,InterfacePolicy,,Interface Class319 contains non-abstract method Method3783
JSQLParser__JSqlParser,UNSAT,InterfacePolicy,,Interface Class319 contains non-abstract method Method3785
JSQLParser__JSqlParser,UNSAT,InterfacePolicy,,Interface Class319 contains non-abstract method Method3787
JSQLParser__JSqlParser,UNSAT,InterfacePolicy,,Interface Class319 contains non-abstract method Method3789
JSQLParser__JSqlParser,UNSAT,InterfacePolicy,,Interface Class319 contains non-abstract method Method3791
JSQLParser__JSqlParser,UNSAT,InterfacePolicy,,Interface Class319 contains non-abstract method Method3793
JSQLParser__JSqlParser,UNSAT,InterfacePolicy,,Interface Class319 contains non-abstract method Method3795
JSQLParser__JSqlParser,UNSAT,InterfacePolicy,,Interface Class319 contains non-abstract method Method3797
JSQLParser__JSqlParser,UNSAT,InterfacePolicy,,Interface Class319 contains non-abstract method Method3798
JSQLParser__JSqlParser,UNSAT,InterfacePolicy,,Interface Class319 contains non-abstract method Method3799
JSQLParser__JSqlParser,UNSAT,InterfacePolicy,,Interface Class323 contains non-abstract method Method3840
JSQLParser__JSqlParser,UNSAT,InterfacePolicy,,Interface Class325 contains non-abstract method Method3845
JSQLParser__JSqlParser,UNSAT,InterfacePolicy,,Interface Class340 contains non-abstract method Method4065
JSQLParser__JSqlParser,UNSAT,InterfacePolicy,,Interface Class345 contains non-abstract method Method4139
JSQLParser__JSqlParser,UNSAT,InterfacePolicy,,Interface Class345 contains non-abstract method Method4141
JSQLParser__JSqlParser,UNSAT,InterfacePolicy,,Interface Class345 contains non-abstract method Method4143
JSQLParser__JSqlParser,UNSAT,InterfacePolicy,,Interface Class352 contains non-abstract method Method4400
JSQLParser__JSqlParser,UNSAT,InterfacePolicy,,Interface Class354 contains non-abstract method Method4404
JSQLParser__JSqlParser,UNSAT,InterfacePolicy,,Interface Class354 contains non-abstract method Method4406
JSQLParser__JSqlParser,UNSAT,InterfacePolicy,,Interface Class354 contains non-abstract method Method4408
JSQLParser__JSqlParser,UNSAT,InterfacePolicy,,Interface Class354 contains non-abstract method Method4410
JSQLParser__JSqlParser,UNSAT,InterfacePolicy,,Interface Class354 contains non-abstract method Method4412
JSQLParser__JSqlParser,UNSAT,InterfacePolicy,,Interface Class354 contains non-abstract method Method4414
JSQLParser__JSqlParser,UNSAT,InterfacePolicy,,Interface Class354 contains non-abstract method Method4416
JSQLParser__JSqlParser,UNSAT,InterfacePolicy,,Interface Class354 contains non-abstract method Method4418
JSQLParser__JSqlParser,UNSAT,InterfacePolicy,,Interface Class354 contains non-abstract method Method4419
JSQLParser__JSqlParser,UNSAT,InterfacePolicy,,Interface Class432 contains non-abstract method Method5498
JSQLParser__JSqlParser,UNSAT,InterfacePolicy,,Interface Class432 contains non-abstract method Method5499
JSQLParser__JSqlParser,UNSAT,InterfacePolicy,,Interface Class432 contains non-abstract method Method5500
JSQLParser__JSqlParser,UNSAT,InterfacePolicy,,Interface Class437 contains non-abstract method Method5529
JSQLParser__JSqlParser,UNSAT,InterfacePolicy,,Interface Class437 contains non-abstract method Method5530
JSQLParser__JSqlParser,UNSAT,InterfacePolicy,,Interface Class437 contains non-abstract method Method5531
JSQLParser__JSqlParser,UNSAT,InterfacePolicy,,Interface Class437 contains non-abstract method Method5532
JSQLParser__JSqlParser,UNSAT,InterfacePolicy,,Interface Class442 contains non-abstract method Method5543
JSQLParser__JSqlParser,UNSAT,InterfacePolicy,,Interface Class442 contains non-abstract method Method5544
JSQLParser__JSqlParser,UNSAT,InterfacePolicy,,Interface Class451 contains non-abstract method Method5578
JSQLParser__JSqlParser,UNSAT,InterfacePolicy,,Interface Class454 contains non-abstract method Method5598
JSQLParser__JSqlParser,UNSAT,InterfacePolicy,,Interface Class454 contains non-abstract method Method5599
JSQLParser__JSqlParser,UNSAT,InterfacePolicy,,Interface Class454 contains non-abstract method Method5600
JSQLParser__JSqlParser,UNSAT,InterfacePolicy,,Interface Class454 contains non-abstract method Method5601
JSQLParser__JSqlParser,UNSAT,InterfacePolicy,,Interface Class136 has field Field317
JSQLParser__JSqlParser,UNSAT,InterfacePolicy,,Interface Class136 has field Field318
JSQLParser__JSqlParser,UNSAT,InterfacePolicy,,Interface Class136 has field Field319
JSQLParser__JSqlParser,UNSAT,InterfacePolicy,,Interface Class136 has field Field320
JSQLParser__JSqlParser,UNSAT,InterfacePolicy,,Interface Class136 has field Field321
JSQLParser__JSqlParser,UNSAT,InterfacePolicy,,Interface Class136 has field Field322
JSQLParser__JSqlParser,UNSAT,InterfacePolicy,,Interface Class155 has field Field548
JSQLParser__JSqlParser,UNSAT,InterfacePolicy,,Interface Class155 has field Field549
JSQLParser__JSqlParser,UNSAT,InterfacePolicy,,Interface Class442 has field Field1498
JSQLParser__JSqlParser,UNSAT,InterfacePolicy,,Interface Class454 has field Field1556
JSQLParser__JSqlParser,UNSAT,LocalMethodNamespace,,"Duplicate method name 'addAliasColumns' in class Class2: Method0, Method1, Method2"
Julow__Unexpected-Keyboard,UNSAT,LocalMethodNamespace,,"Duplicate method name 'apply' in class Class5: Method33, Method34, Method35"
kaaass__ZerotierFix,UNSAT,LocalMethodNamespace,,"Duplicate method name 'updateArpEntryTime' in class Class40: Method113, Method114"
KeepSafe__dexcount-gradle-plugin,UNSAT,IdentifierIntegrity,,"Duplicate name 'com.getkeepsafe.dexcount.integration.SomeClass' used by: Class19, Class20"
KeepSafe__dexcount-gradle-plugin,UNSAT,LocalMethodNamespace,,"Duplicate method name 'getClassCount' in class Class13: Method97, Method98, Method99"
KeepSafe__TapTargetView,UNSAT,LocalMethodNamespace,,"Duplicate method name 'forBounds' in class Class2: Method24, Method25"
killme2008__aviatorscript,UNSAT,InterfacePolicy,,Interface Class58 contains non-abstract method Method1081
killme2008__aviatorscript,UNSAT,InterfacePolicy,,Interface Class38 has field Field376
killme2008__aviatorscript,UNSAT,InterfacePolicy,,Interface Class38 has field Field377
killme2008__aviatorscript,UNSAT,InterfacePolicy,,Interface Class38 has field Field378
killme2008__aviatorscript,UNSAT,InterfacePolicy,,Interface Class38 has field Field379
killme2008__aviatorscript,UNSAT,InterfacePolicy,,Interface Class38 has field Field380
killme2008__aviatorscript,UNSAT,InterfacePolicy,,Interface Class38 has field Field381
killme2008__aviatorscript,UNSAT,InterfacePolicy,,Interface Class38 has field Field382
killme2008__aviatorscript,UNSAT,InterfacePolicy,,Interface Class38 has field Field383
killme2008__aviatorscript,UNSAT,InterfacePolicy,,Interface Class38 has field Field384
killme2008__aviatorscript,UNSAT,InterfacePolicy,,Interface Class38 has field Field385
killme2008__aviatorscript,UNSAT,InterfacePolicy,,Interface Class38 has field Field386
killme2008__aviatorscript,UNSAT,InterfacePolicy,,Interface Class38 has field Field387
killme2008__aviatorscript,UNSAT,InterfacePolicy,,Interface Class38 has field Field388
killme2008__aviatorscript,UNSAT,InterfacePolicy,,Interface Class38 has field Field389
killme2008__aviatorscript,UNSAT,InterfacePolicy,,Interface Class38 has field Field390
killme2008__aviatorscript,UNSAT,InterfacePolicy,,Interface Class38 has field Field391
killme2008__aviatorscript,UNSAT,InterfacePolicy,,Interface Class38 has field Field392
killme2008__aviatorscript,UNSAT,InterfacePolicy,,Interface Class38 has field Field393
killme2008__aviatorscript,UNSAT,InterfacePolicy,,Interface Class38 has field Field394
killme2008__aviatorscript,UNSAT,InterfacePolicy,,Interface Class38 has field Field395
killme2008__aviatorscript,UNSAT,InterfacePolicy,,Interface Class38 has field Field396
killme2008__aviatorscript,UNSAT,InterfacePolicy,,Interface Class38 has field Field397
killme2008__aviatorscript,UNSAT,InterfacePolicy,,Interface Class38 has field Field398
killme2008__aviatorscript,UNSAT,InterfacePolicy,,Interface Class38 has field Field399
killme2008__aviatorscript,UNSAT,InterfacePolicy,,Interface Class38 has field Field400
killme2008__aviatorscript,UNSAT,InterfacePolicy,,Interface Class38 has field Field401
killme2008__aviatorscript,UNSAT,InterfacePolicy,,Interface Class38 has field Field402
killme2008__aviatorscript,UNSAT,InterfacePolicy,,Interface Class38 has field Field403
killme2008__aviatorscript,UNSAT,InterfacePolicy,,Interface Class38 has field Field404
killme2008__aviatorscript,UNSAT,InterfacePolicy,,Interface Class38 has field Field405
killme2008__aviatorscript,UNSAT,InterfacePolicy,,Interface Class38 has field Field406
killme2008__aviatorscript,UNSAT,InterfacePolicy,,Interface Class38 has field Field407
killme2008__aviatorscript,UNSAT,InterfacePolicy,,Interface Class38 has field Field408
killme2008__aviatorscript,UNSAT,InterfacePolicy,,Interface Class38 has field Field409
killme2008__aviatorscript,UNSAT,InterfacePolicy,,Interface Class38 has field Field410
killme2008__aviatorscript,UNSAT,InterfacePolicy,,Interface Class38 has field Field411
killme2008__aviatorscript,UNSAT,InterfacePolicy,,Interface Class38 has field Field412
killme2008__aviatorscript,UNSAT,InterfacePolicy,,Interface Class38 has field Field413
killme2008__aviatorscript,UNSAT,InterfacePolicy,,Interface Class38 has field Field414
killme2008__aviatorscript,UNSAT,InterfacePolicy,,Interface Class38 has field Field415
killme2008__aviatorscript,UNSAT,InterfacePolicy,,Interface Class38 has field Field416
killme2008__aviatorscript,UNSAT,InterfacePolicy,,Interface Class38 has field Field417
killme2008__aviatorscript,UNSAT,InterfacePolicy,,Interface Class38 has field Field418
killme2008__aviatorscript,UNSAT,InterfacePolicy,,Interface Class38 has field Field419
killme2008__aviatorscript,UNSAT,InterfacePolicy,,Interface Class38 has field Field420
killme2008__aviatorscript,UNSAT,InterfacePolicy,,Interface Class38 has field Field421
killme2008__aviatorscript,UNSAT,InterfacePolicy,,Interface Class38 has field Field422
killme2008__aviatorscript,UNSAT,InterfacePolicy,,Interface Class38 has field Field423
killme2008__aviatorscript,UNSAT,InterfacePolicy,,Interface Class38 has field Field424
killme2008__aviatorscript,UNSAT,InterfacePolicy,,Interface Class38 has field Field425
killme2008__aviatorscript,UNSAT,InterfacePolicy,,Interface Class38 has field Field426
killme2008__aviatorscript,UNSAT,InterfacePolicy,,Interface Class38 has field Field427
killme2008__aviatorscript,UNSAT,InterfacePolicy,,Interface Class38 has field Field428
killme2008__aviatorscript,UNSAT,InterfacePolicy,,Interface Class38 has field Field429
killme2008__aviatorscript,UNSAT,InterfacePolicy,,Interface Class38 has field Field430
killme2008__aviatorscript,UNSAT,InterfacePolicy,,Interface Class38 has field Field431
killme2008__aviatorscript,UNSAT,InterfacePolicy,,Interface Class38 has field Field432
killme2008__aviatorscript,UNSAT,InterfacePolicy,,Interface Class38 has field Field433
killme2008__aviatorscript,UNSAT,InterfacePolicy,,Interface Class38 has field Field434
killme2008__aviatorscript,UNSAT,InterfacePolicy,,Interface Class38 has field Field435
killme2008__aviatorscript,UNSAT,InterfacePolicy,,Interface Class38 has field Field436
killme2008__aviatorscript,UNSAT,InterfacePolicy,,Interface Class38 has field Field437
killme2008__aviatorscript,UNSAT,InterfacePolicy,,Interface Class38 has field Field438
killme2008__aviatorscript,UNSAT,InterfacePolicy,,Interface Class38 has field Field439
killme2008__aviatorscript,UNSAT,InterfacePolicy,,Interface Class38 has field Field440
killme2008__aviatorscript,UNSAT,InterfacePolicy,,Interface Class38 has field Field441
killme2008__aviatorscript,UNSAT,InterfacePolicy,,Interface Class38 has field Field442
killme2008__aviatorscript,UNSAT,InterfacePolicy,,Interface Class38 has field Field443
killme2008__aviatorscript,UNSAT,InterfacePolicy,,Interface Class38 has field Field444
killme2008__aviatorscript,UNSAT,InterfacePolicy,,Interface Class38 has field Field445
killme2008__aviatorscript,UNSAT,InterfacePolicy,,Interface Class38 has field Field446
killme2008__aviatorscript,UNSAT,InterfacePolicy,,Interface Class38 has field Field447
killme2008__aviatorscript,UNSAT,InterfacePolicy,,Interface Class38 has field Field448
killme2008__aviatorscript,UNSAT,InterfacePolicy,,Interface Class38 has field Field449
killme2008__aviatorscript,UNSAT,InterfacePolicy,,Interface Class38 has field Field450
killme2008__aviatorscript,UNSAT,InterfacePolicy,,Interface Class38 has field Field451
killme2008__aviatorscript,UNSAT,InterfacePolicy,,Interface Class38 has field Field452
killme2008__aviatorscript,UNSAT,InterfacePolicy,,Interface Class38 has field Field453
killme2008__aviatorscript,UNSAT,InterfacePolicy,,Interface Class38 has field Field454
killme2008__aviatorscript,UNSAT,InterfacePolicy,,Interface Class38 has field Field455
killme2008__aviatorscript,UNSAT,InterfacePolicy,,Interface Class38 has field Field456
killme2008__aviatorscript,UNSAT,InterfacePolicy,,Interface Class38 has field Field457
killme2008__aviatorscript,UNSAT,InterfacePolicy,,Interface Class38 has field Field458
killme2008__aviatorscript,UNSAT,InterfacePolicy,,Interface Class38 has field Field459
killme2008__aviatorscript,UNSAT,InterfacePolicy,,Interface Class38 has field Field460
killme2008__aviatorscript,UNSAT,InterfacePolicy,,Interface Class38 has field Field461
killme2008__aviatorscript,UNSAT,InterfacePolicy,,Interface Class38 has field Field462
killme2008__aviatorscript,UNSAT,InterfacePolicy,,Interface Class38 has field Field463
killme2008__aviatorscript,UNSAT,InterfacePolicy,,Interface Class38 has field Field464
killme2008__aviatorscript,UNSAT,InterfacePolicy,,Interface Class38 has field Field465
killme2008__aviatorscript,UNSAT,InterfacePolicy,,Interface Class38 has field Field466
killme2008__aviatorscript,UNSAT,InterfacePolicy,,Interface Class38 has field Field467
killme2008__aviatorscript,UNSAT,InterfacePolicy,,Interface Class38 has field Field468
killme2008__aviatorscript,UNSAT,InterfacePolicy,,Interface Class38 has field Field469
killme2008__aviatorscript,UNSAT,InterfacePolicy,,Interface Class38 has field Field470
killme2008__aviatorscript,UNSAT,InterfacePolicy,,Interface Class38 has field Field471
killme2008__aviatorscript,UNSAT,InterfacePolicy,,Interface Class38 has field Field472
killme2008__aviatorscript,UNSAT,InterfacePolicy,,Interface Class38 has field Field473
killme2008__aviatorscript,UNSAT,InterfacePolicy,,Interface Class38 has field Field474
killme2008__aviatorscript,UNSAT,InterfacePolicy,,Interface Class38 has field Field475
killme2008__aviatorscript,UNSAT,InterfacePolicy,,Interface Class38 has field Field476
killme2008__aviatorscript,UNSAT,InterfacePolicy,,Interface Class38 has field Field477
killme2008__aviatorscript,UNSAT,InterfacePolicy,,Interface Class38 has field Field478
killme2008__aviatorscript,UNSAT,InterfacePolicy,,Interface Class38 has field Field479
killme2008__aviatorscript,UNSAT,InterfacePolicy,,Interface Class38 has field Field480
killme2008__aviatorscript,UNSAT,InterfacePolicy,,Interface Class38 has field Field481
killme2008__aviatorscript,UNSAT,InterfacePolicy,,Interface Class38 has field Field482
killme2008__aviatorscript,UNSAT,InterfacePolicy,,Interface Class38 has field Field483
killme2008__aviatorscript,UNSAT,InterfacePolicy,,Interface Class38 has field Field484
killme2008__aviatorscript,UNSAT,InterfacePolicy,,Interface Class38 has field Field485
killme2008__aviatorscript,UNSAT,InterfacePolicy,,Interface Class38 has field Field486
killme2008__aviatorscript,UNSAT,InterfacePolicy,,Interface Class38 has field Field487
killme2008__aviatorscript,UNSAT,InterfacePolicy,,Interface Class38 has field Field488
killme2008__aviatorscript,UNSAT,InterfacePolicy,,Interface Class38 has field Field489
killme2008__aviatorscript,UNSAT,InterfacePolicy,,Interface Class38 has field Field490
killme2008__aviatorscript,UNSAT,InterfacePolicy,,Interface Class38 has field Field491
killme2008__aviatorscript,UNSAT,InterfacePolicy,,Interface Class38 has field Field492
killme2008__aviatorscript,UNSAT,InterfacePolicy,,Interface Class38 has field Field493
killme2008__aviatorscript,UNSAT,InterfacePolicy,,Interface Class38 has field Field494
killme2008__aviatorscript,UNSAT,InterfacePolicy,,Interface Class38 has field Field495
killme2008__aviatorscript,UNSAT,InterfacePolicy,,Interface Class38 has field Field496
killme2008__aviatorscript,UNSAT,InterfacePolicy,,Interface Class38 has field Field497
killme2008__aviatorscript,UNSAT,InterfacePolicy,,Interface Class38 has field Field498
killme2008__aviatorscript,UNSAT,InterfacePolicy,,Interface Class38 has field Field499
killme2008__aviatorscript,UNSAT,InterfacePolicy,,Interface Class38 has field Field500
killme2008__aviatorscript,UNSAT,InterfacePolicy,,Interface Class38 has field Field501
killme2008__aviatorscript,UNSAT,InterfacePolicy,,Interface Class38 has field Field502
killme2008__aviatorscript,UNSAT,InterfacePolicy,,Interface Class38 has field Field503
killme2008__aviatorscript,UNSAT,InterfacePolicy,,Interface Class38 has field Field504
killme2008__aviatorscript,UNSAT,InterfacePolicy,,Interface Class38 has field Field505
killme2008__aviatorscript,UNSAT,InterfacePolicy,,Interface Class38 has field Field506
killme2008__aviatorscript,UNSAT,InterfacePolicy,,Interface Class38 has field Field507
killme2008__aviatorscript,UNSAT,InterfacePolicy,,Interface Class38 has field Field508
killme2008__aviatorscript,UNSAT,InterfacePolicy,,Interface Class38 has field Field509
killme2008__aviatorscript,UNSAT,InterfacePolicy,,Interface Class38 has field Field510
killme2008__aviatorscript,UNSAT,InterfacePolicy,,Interface Class38 has field Field511
killme2008__aviatorscript,UNSAT,InterfacePolicy,,Interface Class38 has field Field512
killme2008__aviatorscript,UNSAT,InterfacePolicy,,Interface Class38 has field Field513
killme2008__aviatorscript,UNSAT,InterfacePolicy,,Interface Class38 has field Field514
killme2008__aviatorscript,UNSAT,InterfacePolicy,,Interface Class38 has field Field515
killme2008__aviatorscript,UNSAT,InterfacePolicy,,Interface Class38 has field Field516
killme2008__aviatorscript,UNSAT,InterfacePolicy,,Interface Class38 has field Field517
killme2008__aviatorscript,UNSAT,InterfacePolicy,,Interface Class38 has field Field518
killme2008__aviatorscript,UNSAT,InterfacePolicy,,Interface Class38 has field Field519
killme2008__aviatorscript,UNSAT,InterfacePolicy,,Interface Class38 has field Field520
killme2008__aviatorscript,UNSAT,InterfacePolicy,,Interface Class38 has field Field521
killme2008__aviatorscript,UNSAT,InterfacePolicy,,Interface Class38 has field Field522
killme2008__aviatorscript,UNSAT,InterfacePolicy,,Interface Class38 has field Field523
killme2008__aviatorscript,UNSAT,InterfacePolicy,,Interface Class38 has field Field524
killme2008__aviatorscript,UNSAT,InterfacePolicy,,Interface Class38 has field Field525
killme2008__aviatorscript,UNSAT,InterfacePolicy,,Interface Class38 has field Field526
killme2008__aviatorscript,UNSAT,InterfacePolicy,,Interface Class38 has field Field527
killme2008__aviatorscript,UNSAT,InterfacePolicy,,Interface Class38 has field Field528
killme2008__aviatorscript,UNSAT,InterfacePolicy,,Interface Class38 has field Field529
killme2008__aviatorscript,UNSAT,InterfacePolicy,,Interface Class38 has field Field530
killme2008__aviatorscript,UNSAT,InterfacePolicy,,Interface Class38 has field Field531
killme2008__aviatorscript,UNSAT,InterfacePolicy,,Interface Class38 has field Field532
killme2008__aviatorscript,UNSAT,InterfacePolicy,,Interface Class38 has field Field533
killme2008__aviatorscript,UNSAT,InterfacePolicy,,Interface Class38 has field Field534
killme2008__aviatorscript,UNSAT,InterfacePolicy,,Interface Class38 has field Field535
killme2008__aviatorscript,UNSAT,InterfacePolicy,,Interface Class38 has field Field536
killme2008__aviatorscript,UNSAT,InterfacePolicy,,Interface Class38 has field Field537
killme2008__aviatorscript,UNSAT,InterfacePolicy,,Interface Class38 has field Field538
killme2008__aviatorscript,UNSAT,InterfacePolicy,,Interface Class38 has field Field539
killme2008__aviatorscript,UNSAT,InterfacePolicy,,Interface Class38 has field Field540
killme2008__aviatorscript,UNSAT,InterfacePolicy,,Interface Class38 has field Field541
killme2008__aviatorscript,UNSAT,InterfacePolicy,,Interface Class38 has field Field542
killme2008__aviatorscript,UNSAT,InterfacePolicy,,Interface Class38 has field Field543
killme2008__aviatorscript,UNSAT,InterfacePolicy,,Interface Class38 has field Field544
killme2008__aviatorscript,UNSAT,InterfacePolicy,,Interface Class38 has field Field545
killme2008__aviatorscript,UNSAT,InterfacePolicy,,Interface Class38 has field Field546
killme2008__aviatorscript,UNSAT,InterfacePolicy,,Interface Class38 has field Field547
killme2008__aviatorscript,UNSAT,InterfacePolicy,,Interface Class38 has field Field548
killme2008__aviatorscript,UNSAT,InterfacePolicy,,Interface Class38 has field Field549
killme2008__aviatorscript,UNSAT,InterfacePolicy,,Interface Class38 has field Field550
killme2008__aviatorscript,UNSAT,InterfacePolicy,,Interface Class38 has field Field551
killme2008__aviatorscript,UNSAT,InterfacePolicy,,Interface Class38 has field Field552
killme2008__aviatorscript,UNSAT,InterfacePolicy,,Interface Class38 has field Field553
killme2008__aviatorscript,UNSAT,InterfacePolicy,,Interface Class38 has field Field554
killme2008__aviatorscript,UNSAT,InterfacePolicy,,Interface Class38 has field Field555
killme2008__aviatorscript,UNSAT,InterfacePolicy,,Interface Class38 has field Field556
killme2008__aviatorscript,UNSAT,InterfacePolicy,,Interface Class38 has field Field557
killme2008__aviatorscript,UNSAT,InterfacePolicy,,Interface Class38 has field Field558
killme2008__aviatorscript,UNSAT,InterfacePolicy,,Interface Class38 has field Field559
killme2008__aviatorscript,UNSAT,InterfacePolicy,,Interface Class38 has field Field560
killme2008__aviatorscript,UNSAT,InterfacePolicy,,Interface Class38 has field Field561
killme2008__aviatorscript,UNSAT,InterfacePolicy,,Interface Class38 has field Field562
killme2008__aviatorscript,UNSAT,InterfacePolicy,,Interface Class38 has field Field563
killme2008__aviatorscript,UNSAT,InterfacePolicy,,Interface Class38 has field Field564
killme2008__aviatorscript,UNSAT,InterfacePolicy,,Interface Class38 has field Field565
killme2008__aviatorscript,UNSAT,InterfacePolicy,,Interface Class38 has field Field566
killme2008__aviatorscript,UNSAT,InterfacePolicy,,Interface Class38 has field Field567
killme2008__aviatorscript,UNSAT,InterfacePolicy,,Interface Class38 has field Field568
killme2008__aviatorscript,UNSAT,InterfacePolicy,,Interface Class38 has field Field569
killme2008__aviatorscript,UNSAT,InterfacePolicy,,Interface Class38 has field Field570
killme2008__aviatorscript,UNSAT,InterfacePolicy,,Interface Class38 has field Field571
killme2008__aviatorscript,UNSAT,InterfacePolicy,,Interface Class38 has field Field572
killme2008__aviatorscript,UNSAT,InterfacePolicy,,Interface Class38 has field Field573
killme2008__aviatorscript,UNSAT,InterfacePolicy,,Interface Class38 has field Field574
killme2008__aviatorscript,UNSAT,InterfacePolicy,,Interface Class38 has field Field575
killme2008__aviatorscript,UNSAT,InterfacePolicy,,Interface Class38 has field Field576
killme2008__aviatorscript,UNSAT,InterfacePolicy,,Interface Class38 has field Field577
killme2008__aviatorscript,UNSAT,InterfacePolicy,,Interface Class38 has field Field578
killme2008__aviatorscript,UNSAT,InterfacePolicy,,Interface Class38 has field Field579
killme2008__aviatorscript,UNSAT,InterfacePolicy,,Interface Class38 has field Field580
killme2008__aviatorscript,UNSAT,InterfacePolicy,,Interface Class38 has field Field581
killme2008__aviatorscript,UNSAT,InterfacePolicy,,Interface Class38 has field Field582
killme2008__aviatorscript,UNSAT,InterfacePolicy,,Interface Class38 has field Field583
killme2008__aviatorscript,UNSAT,InterfacePolicy,,Interface Class38 has field Field584
killme2008__aviatorscript,UNSAT,InterfacePolicy,,Interface Class38 has field Field585
killme2008__aviatorscript,UNSAT,InterfacePolicy,,Interface Class38 has field Field586
killme2008__aviatorscript,UNSAT,InterfacePolicy,,Interface Class38 has field Field587
killme2008__aviatorscript,UNSAT,InterfacePolicy,,Interface Class38 has field Field588
killme2008__aviatorscript,UNSAT,InterfacePolicy,,Interface Class38 has field Field589
killme2008__aviatorscript,UNSAT,LocalMethodNamespace,,"Duplicate method name 'defineFunction' in class Class0: Method10, Method11"
komoot__photon,UNSAT,InterfacePolicy,,Interface Class97 contains non-abstract method Method522
komoot__photon,UNSAT,InterfacePolicy,,Interface Class97 has field Field438
komoot__photon,UNSAT,LocalMethodNamespace,,"Duplicate method name 'bbox' in class Class7: Method49, Method50"
koral--__android-gif-drawable,UNSAT,LocalMethodNamespace,,"Duplicate method name 'from' in class Class6: Method101, Method102, Method103, Method104, Method105, Method106, Method107, Method108, Method109, Method110"
kubernetes-client__java,UNSAT,InterfacePolicy,,Interface Class455 contains non-abstract method Method6247
kubernetes-client__java,UNSAT,InterfacePolicy,,Interface Class455 contains non-abstract method Method6248
kubernetes-client__java,UNSAT,InterfacePolicy,,Interface Class455 contains non-abstract method Method6249
kubernetes-client__java,UNSAT,InterfacePolicy,,Interface Class455 contains non-abstract method Method6250
kubernetes-client__java,UNSAT,InterfacePolicy,,Interface Class455 contains non-abstract method Method6251
kubernetes-client__java,UNSAT,InterfacePolicy,,Interface Class455 contains non-abstract method Method6252
kubernetes-client__java,UNSAT,InterfacePolicy,,Interface Class458 contains non-abstract method Method6258
kubernetes-client__java,UNSAT,InterfacePolicy,,Interface Class458 contains non-abstract method Method6259
kubernetes-client__java,UNSAT,InterfacePolicy,,Interface Class458 contains non-abstract method Method6260
kubernetes-client__java,UNSAT,InterfacePolicy,,Interface Class458 contains non-abstract method Method6261
kubernetes-client__java,UNSAT,InterfacePolicy,,Interface Class458 contains non-abstract method Method6262
kubernetes-client__java,UNSAT,InterfacePolicy,,Interface Class458 contains non-abstract method Method6263
kubernetes-client__java,UNSAT,InterfacePolicy,,Interface Class458 contains non-abstract method Method6264
kubernetes-client__java,UNSAT,InterfacePolicy,,Interface Class458 contains non-abstract method Method6265
kubernetes-client__java,UNSAT,InterfacePolicy,,Interface Class458 contains non-abstract method Method6267
kubernetes-client__java,UNSAT,InterfacePolicy,,Interface Class459 contains non-abstract method Method6268
kubernetes-client__java,UNSAT,InterfacePolicy,,Interface Class459 contains non-abstract method Method6269
kubernetes-client__java,UNSAT,InterfacePolicy,,Interface Class459 contains non-abstract method Method6270
kubernetes-client__java,UNSAT,InterfacePolicy,,Interface Class459 contains non-abstract method Method6271
kubernetes-client__java,UNSAT,InterfacePolicy,,Interface Class459 contains non-abstract method Method6272
kubernetes-client__java,UNSAT,InterfacePolicy,,Interface Class459 contains non-abstract method Method6273
kubernetes-client__java,UNSAT,InterfacePolicy,,Interface Class459 contains non-abstract method Method6274
kubernetes-client__java,UNSAT,InterfacePolicy,,Interface Class459 has field Field3105
kubernetes-client__java,UNSAT,InterfacePolicy,,Interface Class459 has field Field3106
kubernetes-client__java,UNSAT,LocalMethodNamespace,,"Duplicate method name 'attach' in class Class291: Method5402, Method5403, Method5404, Method5405, Method5406"
kwhat__jnativehook,UNSAT,InterfacePolicy,,Interface Class14 contains non-abstract method Method85
kwhat__jnativehook,UNSAT,InterfacePolicy,,Interface Class14 contains non-abstract method Method86
kwhat__jnativehook,UNSAT,InterfacePolicy,,Interface Class14 contains non-abstract method Method87
kwhat__jnativehook,UNSAT,InterfacePolicy,,Interface Class20 contains non-abstract method Method101
kwhat__jnativehook,UNSAT,InterfacePolicy,,Interface Class20 contains non-abstract method Method102
kwhat__jnativehook,UNSAT,InterfacePolicy,,Interface Class20 contains non-abstract method Method103
kwhat__jnativehook,UNSAT,InterfacePolicy,,Interface Class22 contains non-abstract method Method104
kwhat__jnativehook,UNSAT,InterfacePolicy,,Interface Class22 contains non-abstract method Method105
kwhat__jnativehook,UNSAT,InterfacePolicy,,Interface Class25 contains non-abstract method Method111
l123456789jy__Lazy,UNSAT,LocalMethodNamespace,,"Duplicate method name 'getAmplificationAnimation' in class Class5: Method10, Method11, Method12"
LFDT-web3j__web3j,UNSAT,InterfacePolicy,,Interface Class35 contains non-abstract method Method197
LFDT-web3j__web3j,UNSAT,InterfacePolicy,,Interface Class241 contains non-abstract method Method667
LFDT-web3j__web3j,UNSAT,InterfacePolicy,,Interface Class241 contains non-abstract method Method669
LFDT-web3j__web3j,UNSAT,InterfacePolicy,,Interface Class241 contains non-abstract method Method670
LFDT-web3j__web3j,UNSAT,InterfacePolicy,,Interface Class241 contains non-abstract method Method672
LFDT-web3j__web3j,UNSAT,InterfacePolicy,,Interface Class285 contains non-abstract method Method1123
LFDT-web3j__web3j,UNSAT,InterfacePolicy,,Interface Class285 contains non-abstract method Method1124
LFDT-web3j__web3j,UNSAT,InterfacePolicy,,Interface Class287 contains non-abstract method Method1132
LFDT-web3j__web3j,UNSAT,InterfacePolicy,,Interface Class287 contains non-abstract method Method1133
LFDT-web3j__web3j,UNSAT,InterfacePolicy,,Interface Class295 contains non-abstract method Method1151
LFDT-web3j__web3j,UNSAT,InterfacePolicy,,Interface Class295 contains non-abstract method Method1152
LFDT-web3j__web3j,UNSAT,InterfacePolicy,,Interface Class323 contains non-abstract method Method1338
LFDT-web3j__web3j,UNSAT,InterfacePolicy,,Interface Class323 contains non-abstract method Method1339
LFDT-web3j__web3j,UNSAT,InterfacePolicy,,Interface Class436 contains non-abstract method Method1972
LFDT-web3j__web3j,UNSAT,InterfacePolicy,,Interface Class449 contains non-abstract method Method2045
LFDT-web3j__web3j,UNSAT,InterfacePolicy,,Interface Class464 contains non-abstract method Method2132
LFDT-web3j__web3j,UNSAT,InterfacePolicy,,Interface Class464 contains non-abstract method Method2133
LFDT-web3j__web3j,UNSAT,InterfacePolicy,,Interface Class551 contains non-abstract method Method3022
LFDT-web3j__web3j,UNSAT,InterfacePolicy,,Interface Class35 has field Field42
LFDT-web3j__web3j,UNSAT,InterfacePolicy,,Interface Class35 has field Field43
LFDT-web3j__web3j,UNSAT,InterfacePolicy,,Interface Class322 has field Field656
LFDT-web3j__web3j,UNSAT,InterfacePolicy,,Interface Class322 has field Field657
LFDT-web3j__web3j,UNSAT,LocalMethodNamespace,,"Duplicate method name 'encodeParameters' in class Class4: Method15, Method16"
LianjiaTech__retrofit-spring-boot-starter,UNSAT,InterfacePolicy,,Interface Class14 contains non-abstract method Method57
LianjiaTech__retrofit-spring-boot-starter,UNSAT,InterfacePolicy,,Interface Class14 contains non-abstract method Method58
LianjiaTech__retrofit-spring-boot-starter,UNSAT,InterfacePolicy,,Interface Class14 contains non-abstract method Method59
LianjiaTech__retrofit-spring-boot-starter,UNSAT,InterfacePolicy,,Interface Class42 contains non-abstract method Method183
LianjiaTech__retrofit-spring-boot-starter,UNSAT,InterfacePolicy,,Interface Class76 contains non-abstract method Method248
LianjiaTech__retrofit-spring-boot-starter,UNSAT,InterfacePolicy,,Interface Class12 has field Field55
LianjiaTech__retrofit-spring-boot-starter,UNSAT,InterfacePolicy,,Interface Class12 has field Field56
LianjiaTech__retrofit-spring-boot-starter,UNSAT,InterfacePolicy,,Interface Class12 has field Field57
LianjiaTech__retrofit-spring-boot-starter,UNSAT,InterfacePolicy,,Interface Class12 has field Field58
LianjiaTech__retrofit-spring-boot-starter,UNSAT,InterfacePolicy,,Interface Class12 has field Field59
LianjiaTech__retrofit-spring-boot-starter,UNSAT,InterfacePolicy,,Interface Class12 has field Field60
LianjiaTech__retrofit-spring-boot-starter,UNSAT,InterfacePolicy,,Interface Class44 has field Field123
LianjiaTech__retrofit-spring-boot-starter,UNSAT,InterfacePolicy,,Interface Class44 has field Field124
LianjiaTech__retrofit-spring-boot-starter,UNSAT,InterfacePolicy,,Interface Class44 has field Field125
LianjiaTech__retrofit-spring-boot-starter,UNSAT,LocalMethodNamespace,,"Duplicate method name 'create' in class Class28: Method159, Method160, Method161"
linyimin0812__spring-startup-analyzer,UNSAT,InterfacePolicy,,Interface Class15 contains non-abstract method Method59
linyimin0812__spring-startup-analyzer,UNSAT,InterfacePolicy,,Interface Class47 contains non-abstract method Method197
linyimin0812__spring-startup-analyzer,UNSAT,InterfacePolicy,,Interface Class53 has field Field128
linyimin0812__spring-startup-analyzer,UNSAT,InterfacePolicy,,Interface Class53 has field Field129
linyimin0812__spring-startup-analyzer,UNSAT,LocalMethodNamespace,,"Duplicate method name 'filter' in class Class15: Method58, Method59"
liyupi__yu-ai-code-mother,UNSAT,IdentifierIntegrity,,"Duplicate name 'com.yupi.yuaicodemother.core.builder.VueProjectBuilder' used by: Class92, Class93"
liyupi__yu-ai-code-mother,UNSAT,IdentifierIntegrity,,"Duplicate name 'com.yupi.yuaicodemother.common.PageRequest' used by: Class57, Class58"
liyupi__yu-ai-code-mother,UNSAT,IdentifierIntegrity,,"Duplicate name 'com.yupi.yuaicodemother.model.dto.app.AppAdminUpdateRequest' used by: Class175, Class176"
liyupi__yu-ai-code-mother,UNSAT,IdentifierIntegrity,,"Duplicate name 'com.yupi.yuaicodemother.model.dto.app.AppAddRequest' used by: Class173, Class174"
liyupi__yu-ai-code-mother,UNSAT,IdentifierIntegrity,,"Duplicate name 'com.yupi.yuaicodemother.ai.tools.FileModifyTool' used by: Class41, Class42"
liyupi__yu-ai-code-mother,UNSAT,IdentifierIntegrity,,"Duplicate name 'com.yupi.yuaicodemother.ai.model.message.StreamMessageTypeEnum' used by: Class27, Class28"
liyupi__yu-ai-code-mother,UNSAT,IdentifierIntegrity,,"Duplicate name 'com.yupi.yuaicodemother.model.vo.UserVO' used by: Class211, Class212"
liyupi__yu-ai-code-mother,UNSAT,IdentifierIntegrity,,"Duplicate name 'com.yupi.yuaicodemother.model.entity.App' used by: Class195, Class196"
liyupi__yu-ai-code-mother,UNSAT,IdentifierIntegrity,,"Duplicate name 'com.yupi.yuaicodemother.ai.tools.BaseTool' used by: Class33, Class34"
liyupi__yu-ai-code-mother,UNSAT,IdentifierIntegrity,,"Duplicate name 'com.yupi.yuaicodemother.exception.GlobalExceptionHandler' used by: Class120, Class121"
liyupi__yu-ai-code-mother,UNSAT,IdentifierIntegrity,,"Duplicate name 'dev.langchain4j.model.openai.OpenAiStreamingResponseBuilder' used by: Class265, Class266"
liyupi__yu-ai-code-mother,UNSAT,IdentifierIntegrity,,"Duplicate name 'com.yupi.yuaicodemother.service.AppService' used by: Class225, Class226"
liyupi__yu-ai-code-mother,UNSAT,IdentifierIntegrity,,"Duplicate name 'com.yupi.yuaicodemother.ai.model.HtmlCodeResult' used by: Class19, Class20"
liyupi__yu-ai-code-mother,UNSAT,IdentifierIntegrity,,"Duplicate name 'com.yupi.yuaicodemother.exception.BusinessException' used by: Class116, Class117"
liyupi__yu-ai-code-mother,UNSAT,IdentifierIntegrity,,"Duplicate name 'com.yupi.yuaicodemother.config.CorsConfig' used by: Class61, Class62"
liyupi__yu-ai-code-mother,UNSAT,IdentifierIntegrity,,"Duplicate name 'com.yupi.yuaicodemother.config.JsonConfig' used by: Class65, Class66"
liyupi__yu-ai-code-mother,UNSAT,IdentifierIntegrity,,"Duplicate name 'com.yupi.yuaicodemother.ai.tools.FileDirReadTool' used by: Class39, Class40"
liyupi__yu-ai-code-mother,UNSAT,IdentifierIntegrity,,"Duplicate name 'com.yupi.yuaicodemother.ai.guardrail.PromptSafetyInputGuardrail' used by: Class15, Class16"
liyupi__yu-ai-code-mother,UNSAT,IdentifierIntegrity,,"Duplicate name 'com.yupi.yuaicodemother.ai.model.message.StreamMessage' used by: Class25, Class26"
liyupi__yu-ai-code-mother,UNSAT,IdentifierIntegrity,,"Duplicate name 'com.yupi.yuaicodemother.ai.model.MultiFileCodeResult' used by: Class21, Class22"
liyupi__yu-ai-code-mother,UNSAT,IdentifierIntegrity,,"Duplicate name 'com.yupi.yuaicodemother.ai.model.message.ToolExecutedMessage' used by: Class29, Class30"
liyupi__yu-ai-code-mother,UNSAT,IdentifierIntegrity,,"Duplicate name 'com.yupi.yuaicodemother.common.ResultUtils' used by: Class59, Class60"
liyupi__yu-ai-code-mother,UNSAT,IdentifierIntegrity,,"Duplicate name 'com.yupi.yuaicodemother.core.saver.CodeFileSaverExecutor' used by: Class108, Class109"
liyupi__yu-ai-code-mother,UNSAT,IdentifierIntegrity,,"Duplicate name 'com.yupi.yuaicodemother.mapper.ChatHistoryMapper' used by: Class170, Class171"
liyupi__yu-ai-code-mother,UNSAT,IdentifierIntegrity,,"Duplicate name 'com.yupi.yuaicodemother.ai.tools.ExitTool' used by: Class35, Class36"
liyupi__yu-ai-code-mother,UNSAT,IdentifierIntegrity,,"Duplicate name 'com.yupi.yuaicodemother.core.parser.HtmlCodeParser' used by: Class104, Class105"
liyupi__yu-ai-code-mother,UNSAT,IdentifierIntegrity,,"Duplicate name 'com.yupi.yuaicodemother.model.vo.AppVO' used by: Class207, Class208"
liyupi__yu-ai-code-mother,UNSAT,IdentifierIntegrity,,"Duplicate name 'com.yupi.yuaicodemother.config.CosClientConfig' used by: Class63, Class64"
liyupi__yu-ai-code-mother,UNSAT,IdentifierIntegrity,,"Duplicate name 'com.yupi.yuaicodemother.ratelimter.annotation.RateLimit' used by: Class217, Class218"
liyupi__yu-ai-code-mother,UNSAT,IdentifierIntegrity,,"Duplicate name 'com.yupi.yuaicodemother.generator.MyBatisCodeGenerator' used by: Class124, Class125"
liyupi__yu-ai-code-mother,UNSAT,IdentifierIntegrity,,"Duplicate name 'com.yupi.yuaicodemother.common.BaseResponse' used by: Class53, Class54"
liyupi__yu-ai-code-mother,UNSAT,IdentifierIntegrity,,"Duplicate name 'com.yupi.yuaicodemother.utils.CacheKeyUtils' used by: Class244, Class245"
liyupi__yu-ai-code-mother,UNSAT,IdentifierIntegrity,,"Duplicate name 'com.yupi.yuaicodemother.model.entity.ChatHistory' used by: Class197, Class198"
liyupi__yu-ai-code-mother,UNSAT,IdentifierIntegrity,,"Duplicate name 'com.yupi.yuaicodemother.ai.tools.FileReadTool' used by: Class43, Class44"
liyupi__yu-ai-code-mother,UNSAT,IdentifierIntegrity,,"Duplicate name 'com.yupi.yuaicodemother.core.handler.JsonMessageStreamHandler' used by: Class94, Class95"
liyupi__yu-ai-code-mother,UNSAT,IdentifierIntegrity,,"Duplicate name 'com.yupi.yuaicodemother.model.vo.LoginUserVO' used by: Class209, Class210"
liyupi__yu-ai-code-mother,UNSAT,IdentifierIntegrity,,"Duplicate name 'com.yupi.yuaicodemother.mapper.AppMapper' used by: Class168, Class169"
liyupi__yu-ai-code-mother,UNSAT,IdentifierIntegrity,,"Duplicate name 'com.yupi.yuaicodemother.core.saver.MultiFileCodeFileSaverTemplate' used by: Class114, Class115"
liyupi__yu-ai-code-mother,UNSAT,IdentifierIntegrity,,"Duplicate name 'com.yupi.yuaicodemother.service.impl.ChatHistoryServiceImpl' used by: Class237, Class238"
liyupi__yu-ai-code-mother,UNSAT,IdentifierIntegrity,,"Duplicate name 'com.yupi.yuaicodemother.model.dto.app.AppDeployRequest' used by: Class177, Class178"
liyupi__yu-ai-code-mother,UNSAT,IdentifierIntegrity,,"Duplicate name 'com.yupi.yuaicodemother.annotation.AuthCheck' used by: Class49, Class50"
liyupi__yu-ai-code-mother,UNSAT,IdentifierIntegrity,,"Duplicate name 'com.yupi.yuaicodemother.core.handler.StreamHandlerExecutor' used by: Class98, Class99"
liyupi__yu-ai-code-mother,UNSAT,IdentifierIntegrity,,"Duplicate name 'com.yupi.yuaicodemother.service.ChatHistoryService' used by: Class227, Class228"
liyupi__yu-ai-code-mother,UNSAT,IdentifierIntegrity,,"Duplicate name 'com.yupi.yuaicodemother.core.handler.SimpleTextStreamHandler' used by: Class96, Class97"
liyupi__yu-ai-code-mother,UNSAT,IdentifierIntegrity,,"Duplicate name 'com.yupi.yuaicodemother.aop.AuthInterceptor' used by: Class51, Class52"
liyupi__yu-ai-code-mother,UNSAT,IdentifierIntegrity,,"Duplicate name 'com.yupi.yuaicodemother.service.ScreenshotService' used by: Class232, Class233"
liyupi__yu-ai-code-mother,UNSAT,IdentifierIntegrity,,"Duplicate name 'com.yupi.yuaicodemother.exception.ThrowUtils' used by: Class122, Class123"
liyupi__yu-ai-code-mother,UNSAT,IdentifierIntegrity,,"Duplicate name 'com.yupi.yuaicodemother.model.entity.User' used by: Class199, Class200"
liyupi__yu-ai-code-mother,UNSAT,IdentifierIntegrity,,"Duplicate name 'com.yupi.yuaicodemother.core.parser.CodeParser' used by: Class100, Class101"
liyupi__yu-ai-code-mother,UNSAT,IdentifierIntegrity,,"Duplicate name 'com.yupi.yuaicodemother.ai.AiCodeGeneratorService' used by: Class7, Class8"
liyupi__yu-ai-code-mother,UNSAT,IdentifierIntegrity,,"Duplicate name 'com.yupi.yuaicodemother.model.enums.CodeGenTypeEnum' used by: Class203, Class204"
liyupi__yu-ai-code-mother,UNSAT,IdentifierIntegrity,,"Duplicate name 'com.yupi.yuaicodemother.model.dto.chathistory.ChatHistoryQueryRequest' used by: Class183, Class184"
liyupi__yu-ai-code-mother,UNSAT,IdentifierIntegrity,,"Duplicate name 'com.yupi.yuaicodemother.model.dto.app.AppUpdateRequest' used by: Class181, Class182"
liyupi__yu-ai-code-mother,UNSAT,IdentifierIntegrity,,"Duplicate name 'com.yupi.yuaicodemother.core.parser.CodeParserExecutor' used by: Class102, Class103"
liyupi__yu-ai-code-mother,UNSAT,IdentifierIntegrity,,"Duplicate name 'com.yupi.yuaicodemother.ai.AiCodeGeneratorServiceFactory' used by: Class9, Class10"
liyupi__yu-ai-code-mother,UNSAT,IdentifierIntegrity,,"Duplicate name 'com.yupi.yuaicodemother.model.enums.ChatHistoryMessageTypeEnum' used by: Class201, Class202"
liyupi__yu-ai-code-mother,UNSAT,IdentifierIntegrity,,"Duplicate name 'com.yupi.yuaicodemother.ai.model.message.ToolRequestMessage' used by: Class31, Class32"
liyupi__yu-ai-code-mother,UNSAT,IdentifierIntegrity,,"Duplicate name 'com.yupi.yuaicodemother.ai.tools.FileDeleteTool' used by: Class37, Class38"
liyupi__yu-ai-code-mother,UNSAT,IdentifierIntegrity,,"Duplicate name 'com.yupi.yuaicodemother.ai.AiCodeGenTypeRoutingServiceFactory' used by: Class5, Class6"
liyupi__yu-ai-code-mother,UNSAT,IdentifierIntegrity,,"Duplicate name 'com.yupi.yuaicodemother.model.enums.UserRoleEnum' used by: Class205, Class206"
liyupi__yu-ai-code-mother,UNSAT,IdentifierIntegrity,,"Duplicate name 'com.yupi.yuaicodemother.config.RedisCacheManagerConfig' used by: Class68, Class69"
liyupi__yu-ai-code-mother,UNSAT,IdentifierIntegrity,,"Duplicate name 'dev.langchain4j.model.chat.response.StreamingChatResponseHandler' used by: Class261, Class262"
liyupi__yu-ai-code-mother,UNSAT,IdentifierIntegrity,,"Duplicate name 'com.yupi.yuaicodemother.ratelimter.enums.RateLimitType' used by: Class223, Class224"
liyupi__yu-ai-code-mother,UNSAT,IdentifierIntegrity,,"Duplicate name 'com.yupi.yuaicodemother.manager.CosManager' used by: Class166, Class167"
liyupi__yu-ai-code-mother,UNSAT,IdentifierIntegrity,,"Duplicate name 'com.yupi.yuaicodemother.ai.tools.FileWriteTool' used by: Class45, Class46"
liyupi__yu-ai-code-mother,UNSAT,IdentifierIntegrity,,"Duplicate name 'com.yupi.yuaicodemother.constant.AppConstant' used by: Class73, Class74"
liyupi__yu-ai-code-mother,UNSAT,IdentifierIntegrity,,"Duplicate name 'com.yupi.yuaicodemother.model.dto.user.UserAddRequest' used by: Class185, Class186"
liyupi__yu-ai-code-mother,UNSAT,IdentifierIntegrity,,"Duplicate name 'com.yupi.yuaicodemother.model.dto.app.AppQueryRequest' used by: Class179, Class180"
liyupi__yu-ai-code-mother,UNSAT,IdentifierIntegrity,,"Duplicate name 'dev.langchain4j.model.openai.OpenAiStreamingChatModel' used by: Class263, Class264"
liyupi__yu-ai-code-mother,UNSAT,IdentifierIntegrity,,"Duplicate name 'com.yupi.yuaicodemother.core.CodeParser' used by: Class90, Class91"
liyupi__yu-ai-code-mother,UNSAT,IdentifierIntegrity,,"Duplicate name 'com.yupi.yuaicodemother.core.saver.HtmlCodeFileSaverTemplate' used by: Class112, Class113"
liyupi__yu-ai-code-mother,UNSAT,IdentifierIntegrity,,"Duplicate name 'com.yupi.yuaicodemother.model.dto.user.UserQueryRequest' used by: Class189, Class190"
liyupi__yu-ai-code-mother,UNSAT,IdentifierIntegrity,,"Duplicate name 'com.yupi.yuaicodemother.core.CodeFileSaver' used by: Class88, Class89"
liyupi__yu-ai-code-mother,UNSAT,IdentifierIntegrity,,"Duplicate name 'com.yupi.yuaicodemother.ratelimter.config.RedissonConfig' used by: Class221, Class222"
liyupi__yu-ai-code-mother,UNSAT,IdentifierIntegrity,,"Duplicate name 'com.yupi.yuaicodemother.model.dto.user.UserLoginRequest' used by: Class187, Class188"
liyupi__yu-ai-code-mother,UNSAT,IdentifierIntegrity,,"Duplicate name 'dev.langchain4j.internal.ToolExecutionRequestBuilder' used by: Class257, Class258"
liyupi__yu-ai-code-mother,UNSAT,IdentifierIntegrity,,"Duplicate name 'com.yupi.yuaicodemother.core.saver.CodeFileSaverTemplate' used by: Class110, Class111"
liyupi__yu-ai-code-mother,UNSAT,IdentifierIntegrity,,"Duplicate name 'com.yupi.yuaicodemother.ratelimter.aspect.RateLimitAspect' used by: Class219, Class220"
liyupi__yu-ai-code-mother,UNSAT,IdentifierIntegrity,,"Duplicate name 'com.yupi.yuaicodemother.controller.AppController' used by: Class77, Class78"
liyupi__yu-ai-code-mother,UNSAT,IdentifierIntegrity,,"Duplicate name 'com.yupi.yuaicodemother.ai.AiCodeGenTypeRoutingService' used by: Class3, Class4"
liyupi__yu-ai-code-mother,UNSAT,IdentifierIntegrity,,"Duplicate name 'com.yupi.yuaicodemother.model.dto.user.UserUpdateRequest' used by: Class193, Class194"
liyupi__yu-ai-code-mother,UNSAT,IdentifierIntegrity,,"Duplicate name 'com.yupi.yuaicodemother.ai.model.message.AiResponseMessage' used by: Class23, Class24"
liyupi__yu-ai-code-mother,UNSAT,IdentifierIntegrity,,"Duplicate name 'com.yupi.yuaicodemother.controller.ChatHistoryController' used by: Class79, Class80"
liyupi__yu-ai-code-mother,UNSAT,IdentifierIntegrity,,"Duplicate name 'com.yupi.yuaicodemother.ai.tools.ToolManager' used by: Class47, Class48"
liyupi__yu-ai-code-mother,UNSAT,IdentifierIntegrity,,"Duplicate name 'com.yupi.yuaicodemother.core.AiCodeGeneratorFacade' used by: Class86, Class87"
liyupi__yu-ai-code-mother,UNSAT,IdentifierIntegrity,,"Duplicate name 'com.yupi.yuaicodemother.common.DeleteRequest' used by: Class55, Class56"
liyupi__yu-ai-code-mother,UNSAT,IdentifierIntegrity,,"Duplicate name 'com.yupi.yuaicodemother.ai.guardrail.RetryOutputGuardrail' used by: Class17, Class18"
liyupi__yu-ai-code-mother,UNSAT,IdentifierIntegrity,,"Duplicate name 'com.yupi.yuaicodemother.service.ProjectDownloadService' used by: Class229, Class230"
liyupi__yu-ai-code-mother,UNSAT,IdentifierIntegrity,,"Duplicate name 'com.yupi.yuaicodemother.constant.UserConstant' used by: Class75, Class76"
liyupi__yu-ai-code-mother,UNSAT,IdentifierIntegrity,,"Duplicate name 'com.yupi.yuaicodemother.utils.SpringContextUtil' used by: Class246, Class247"
liyupi__yu-ai-code-mother,UNSAT,IdentifierIntegrity,,"Duplicate name 'dev.langchain4j.service.AiServiceStreamingResponseHandler' used by: Class267, Class268"
liyupi__yu-ai-code-mother,UNSAT,IdentifierIntegrity,,"Duplicate name 'com.yupi.yuaicodemother.service.impl.ScreenshotServiceImpl' used by: Class241, Class242"
liyupi__yu-ai-code-mother,UNSAT,IdentifierIntegrity,,"Duplicate name 'dev.langchain4j.service.TokenStream' used by: Class271, Class272"
liyupi__yu-ai-code-mother,UNSAT,IdentifierIntegrity,,"Duplicate name 'com.yupi.yuaicodemother.service.impl.AppServiceImpl' used by: Class235, Class236"
liyupi__yu-ai-code-mother,UNSAT,IdentifierIntegrity,,"Duplicate name 'dev.langchain4j.model.chat.StreamingChatModel' used by: Class259, Class260"
liyupi__yu-ai-code-mother,UNSAT,IdentifierIntegrity,,"Duplicate name 'com.yupi.yuaicodemother.core.parser.MultiFileCodeParser' used by: Class106, Class107"
liyupi__yu-ai-code-mother,UNSAT,IdentifierIntegrity,,"Duplicate name 'com.yupi.yuaicodemother.controller.StaticResourceController' used by: Class82, Class83"
liyupi__yu-ai-code-mother,UNSAT,IdentifierIntegrity,,"Duplicate name 'com.yupi.yuaicodemother.exception.ErrorCode' used by: Class118, Class119"
liyupi__yu-ai-code-mother,UNSAT,IdentifierIntegrity,,"Duplicate name 'dev.langchain4j.service.AiServiceTokenStream' used by: Class269, Class270"
liyupi__yu-ai-code-mother,UNSAT,IdentifierIntegrity,,"Duplicate name 'com.yupi.yuaicodemother.utils.WebScreenshotUtils' used by: Class248, Class249"
liyupi__yu-ai-code-mother,UNSAT,IdentifierIntegrity,,"Duplicate name 'com.yupi.yuaicodemother.model.dto.user.UserRegisterRequest' used by: Class191, Class192"
liyupi__yu-ai-code-mother,UNSAT,InterfacePolicy,,Interface Class127 contains non-abstract method Method283
liyupi__yu-ai-code-mother,UNSAT,InterfacePolicy,,Interface Class259 contains non-abstract method Method548
liyupi__yu-ai-code-mother,UNSAT,InterfacePolicy,,Interface Class259 contains non-abstract method Method549
liyupi__yu-ai-code-mother,UNSAT,InterfacePolicy,,Interface Class259 contains non-abstract method Method550
liyupi__yu-ai-code-mother,UNSAT,InterfacePolicy,,Interface Class259 contains non-abstract method Method551
liyupi__yu-ai-code-mother,UNSAT,InterfacePolicy,,Interface Class259 contains non-abstract method Method552
liyupi__yu-ai-code-mother,UNSAT,InterfacePolicy,,Interface Class259 contains non-abstract method Method553
liyupi__yu-ai-code-mother,UNSAT,InterfacePolicy,,Interface Class259 contains non-abstract method Method554
liyupi__yu-ai-code-mother,UNSAT,InterfacePolicy,,Interface Class259 contains non-abstract method Method555
liyupi__yu-ai-code-mother,UNSAT,InterfacePolicy,,Interface Class260 contains non-abstract method Method556
liyupi__yu-ai-code-mother,UNSAT,InterfacePolicy,,Interface Class260 contains non-abstract method Method557
liyupi__yu-ai-code-mother,UNSAT,InterfacePolicy,,Interface Class260 contains non-abstract method Method558
liyupi__yu-ai-code-mother,UNSAT,InterfacePolicy,,Interface Class260 contains non-abstract method Method559
liyupi__yu-ai-code-mother,UNSAT,InterfacePolicy,,Interface Class260 contains non-abstract method Method560
liyupi__yu-ai-code-mother,UNSAT,InterfacePolicy,,Interface Class260 contains non-abstract method Method561
liyupi__yu-ai-code-mother,UNSAT,InterfacePolicy,,Interface Class260 contains non-abstract method Method562
liyupi__yu-ai-code-mother,UNSAT,InterfacePolicy,,Interface Class260 contains non-abstract method Method563
liyupi__yu-ai-code-mother,UNSAT,InterfacePolicy,,Interface Class261 contains non-abstract method Method565
liyupi__yu-ai-code-mother,UNSAT,InterfacePolicy,,Interface Class261 contains non-abstract method Method568
liyupi__yu-ai-code-mother,UNSAT,InterfacePolicy,,Interface Class262 contains non-abstract method Method570
liyupi__yu-ai-code-mother,UNSAT,InterfacePolicy,,Interface Class262 contains non-abstract method Method573
liyupi__yu-ai-code-mother,UNSAT,InterfacePolicy,,Interface Class73 has field Field145
liyupi__yu-ai-code-mother,UNSAT,InterfacePolicy,,Interface Class73 has field Field146
liyupi__yu-ai-code-mother,UNSAT,InterfacePolicy,,Interface Class73 has field Field147
liyupi__yu-ai-code-mother,UNSAT,InterfacePolicy,,Interface Class73 has field Field148
liyupi__yu-ai-code-mother,UNSAT,InterfacePolicy,,Interface Class73 has field Field149
liyupi__yu-ai-code-mother,UNSAT,InterfacePolicy,,Interface Class74 has field Field150
liyupi__yu-ai-code-mother,UNSAT,InterfacePolicy,,Interface Class74 has field Field151
liyupi__yu-ai-code-mother,UNSAT,InterfacePolicy,,Interface Class74 has field Field152
liyupi__yu-ai-code-mother,UNSAT,InterfacePolicy,,Interface Class74 has field Field153
liyupi__yu-ai-code-mother,UNSAT,InterfacePolicy,,Interface Class74 has field Field154
liyupi__yu-ai-code-mother,UNSAT,InterfacePolicy,,Interface Class75 has field Field155
liyupi__yu-ai-code-mother,UNSAT,InterfacePolicy,,Interface Class75 has field Field156
liyupi__yu-ai-code-mother,UNSAT,InterfacePolicy,,Interface Class75 has field Field157
liyupi__yu-ai-code-mother,UNSAT,InterfacePolicy,,Interface Class76 has field Field158
liyupi__yu-ai-code-mother,UNSAT,InterfacePolicy,,Interface Class76 has field Field159
liyupi__yu-ai-code-mother,UNSAT,InterfacePolicy,,Interface Class76 has field Field160
liyupi__yu-ai-code-mother,UNSAT,LocalMethodNamespace,,"Duplicate method name 'getAiCodeGeneratorService' in class Class9: Method22, Method23"
LogNet__grpc-spring-boot-starter,UNSAT,InterfacePolicy,,Interface Class23 contains non-abstract method Method57
LogNet__grpc-spring-boot-starter,UNSAT,InterfacePolicy,,Interface Class68 has field Field86
LogNet__grpc-spring-boot-starter,UNSAT,InterfacePolicy,,Interface Class68 has field Field87
LogNet__grpc-spring-boot-starter,UNSAT,InterfacePolicy,,Interface Class68 has field Field88
LogNet__grpc-spring-boot-starter,UNSAT,InterfacePolicy,,Interface Class68 has field Field89
LogNet__grpc-spring-boot-starter,UNSAT,LocalMethodNamespace,,"Duplicate method name 'closeCall' in class Class0: Method0, Method1"
mapstruct__mapstruct,UNSAT,IdentifierIntegrity,,"Duplicate name 'org.mapstruct.itest.lombok.AddressDto' used by: Class465, Class466"
mapstruct__mapstruct,UNSAT,IdentifierIntegrity,,"Duplicate name 'org.mapstruct.itest.lombok.Address' used by: Class463, Class464"
mapstruct__mapstruct,UNSAT,IdentifierIntegrity,,"Duplicate name 'org.mapstruct.itest.lombok.PersonDto' used by: Class469, Class470"
mapstruct__mapstruct,UNSAT,IdentifierIntegrity,,"Duplicate name 'org.mapstruct.itest.lombok.Person' used by: Class467, Class468"
mapstruct__mapstruct,UNSAT,InterfacePolicy,,Interface Class58 contains non-abstract method Method200
mapstruct__mapstruct,UNSAT,InterfacePolicy,,Interface Class206 contains non-abstract method Method1124
mapstruct__mapstruct,UNSAT,InterfacePolicy,,Interface Class241 contains non-abstract method Method1662
mapstruct__mapstruct,UNSAT,InterfacePolicy,,Interface Class241 contains non-abstract method Method1668
mapstruct__mapstruct,UNSAT,InterfacePolicy,,Interface Class318 contains non-abstract method Method2231
mapstruct__mapstruct,UNSAT,InterfacePolicy,,Interface Class344 contains non-abstract method Method2315
mapstruct__mapstruct,UNSAT,InterfacePolicy,,Interface Class351 contains non-abstract method Method2341
mapstruct__mapstruct,UNSAT,InterfacePolicy,,Interface Class351 contains non-abstract method Method2342
mapstruct__mapstruct,UNSAT,InterfacePolicy,,Interface Class351 contains non-abstract method Method2343
mapstruct__mapstruct,UNSAT,InterfacePolicy,,Interface Class352 contains non-abstract method Method2344
mapstruct__mapstruct,UNSAT,InterfacePolicy,,Interface Class352 contains non-abstract method Method2345
mapstruct__mapstruct,UNSAT,InterfacePolicy,,Interface Class352 contains non-abstract method Method2346
mapstruct__mapstruct,UNSAT,InterfacePolicy,,Interface Class362 contains non-abstract method Method2380
mapstruct__mapstruct,UNSAT,InterfacePolicy,,Interface Class366 contains non-abstract method Method2386
mapstruct__mapstruct,UNSAT,InterfacePolicy,,Interface Class371 contains non-abstract method Method2428
mapstruct__mapstruct,UNSAT,InterfacePolicy,,Interface Class372 contains non-abstract method Method2430
mapstruct__mapstruct,UNSAT,InterfacePolicy,,Interface Class388 contains non-abstract method Method2457
mapstruct__mapstruct,UNSAT,InterfacePolicy,,Interface Class388 contains non-abstract method Method2458
mapstruct__mapstruct,UNSAT,InterfacePolicy,,Interface Class394 contains non-abstract method Method2469
mapstruct__mapstruct,UNSAT,InterfacePolicy,,Interface Class394 contains non-abstract method Method2470
mapstruct__mapstruct,UNSAT,InterfacePolicy,,Interface Class483 contains non-abstract method Method2727
mapstruct__mapstruct,UNSAT,InterfacePolicy,,Interface Class483 contains non-abstract method Method2728
mapstruct__mapstruct,UNSAT,InterfacePolicy,,Interface Class388 has field Field1200
mapstruct__mapstruct,UNSAT,InterfacePolicy,,Interface Class395 has field Field1208
mapstruct__mapstruct,UNSAT,InterfacePolicy,,Interface Class406 has field Field1216
mapstruct__mapstruct,UNSAT,InterfacePolicy,,Interface Class413 has field Field1222
mapstruct__mapstruct,UNSAT,InterfacePolicy,,Interface Class421 has field Field1227
mapstruct__mapstruct,UNSAT,InterfacePolicy,,Interface Class426 has field Field1232
mapstruct__mapstruct,UNSAT,InterfacePolicy,,Interface Class435 has field Field1240
mapstruct__mapstruct,UNSAT,InterfacePolicy,,Interface Class440 has field Field1256
mapstruct__mapstruct,UNSAT,InterfacePolicy,,Interface Class443 has field Field1261
mapstruct__mapstruct,UNSAT,InterfacePolicy,,Interface Class450 has field Field1281
mapstruct__mapstruct,UNSAT,InterfacePolicy,,Interface Class462 has field Field1294
mapstruct__mapstruct,UNSAT,InterfacePolicy,,Interface Class471 has field Field1311
mapstruct__mapstruct,UNSAT,InterfacePolicy,,Interface Class474 has field Field1316
mapstruct__mapstruct,UNSAT,InterfacePolicy,,Interface Class478 has field Field1321
mapstruct__mapstruct,UNSAT,InterfacePolicy,,Interface Class481 has field Field1326
mapstruct__mapstruct,UNSAT,InterfacePolicy,,Interface Class483 has field Field1328
mapstruct__mapstruct,UNSAT,InterfacePolicy,,Interface Class487 has field Field1334
mapstruct__mapstruct,UNSAT,InterfacePolicy,,Interface Class492 has field Field1340
mapstruct__mapstruct,UNSAT,InterfacePolicy,,Interface Class495 has field Field1345
mapstruct__mapstruct,UNSAT,InterfacePolicy,,Interface Class499 has field Field1351
mapstruct__mapstruct,UNSAT,InterfacePolicy,,Interface Class504 has field Field1354
mapstruct__mapstruct,UNSAT,InterfacePolicy,,Interface Class510 has field Field1364
mapstruct__mapstruct,UNSAT,InterfacePolicy,,Interface Class521 has field Field1375
mapstruct__mapstruct,UNSAT,InterfacePolicy,,Interface Class532 has field Field1393
mapstruct__mapstruct,UNSAT,InterfacePolicy,,Interface Class553 has field Field1417
mapstruct__mapstruct,UNSAT,InterfacePolicy,,Interface Class559 has field Field1423
mapstruct__mapstruct,UNSAT,LocalMethodNamespace,,"Duplicate method name 'process' in class Class45: Method143, Method144"
mercyblitz__tech-weekly,UNSAT,IdentifierIntegrity,,"Duplicate name 'mercyblitz.tech.weekly.dubbo.arthas.ServiceProviderBootstrap' used by: Class31, Class32, Class33"
mercyblitz__tech-weekly,UNSAT,IdentifierIntegrity,,"Duplicate name 'mercyblitz.tech.weekly.dubbo.arthas.api.CalculateService' used by: Class34, Class35"
mercyblitz__tech-weekly,UNSAT,IdentifierIntegrity,,"Duplicate name 'mercyblitz.tech.weekly.dubbo.arthas.DefaultCalculateService' used by: Class24, Class25, Class26"
mercyblitz__tech-weekly,UNSAT,IdentifierIntegrity,,"Duplicate name 'mercyblitz.tech.weekly.dubbo.arthas.ServiceConsumerBootstrap' used by: Class28, Class29, Class30"
mercyblitz__tech-weekly,UNSAT,LocalMethodNamespace,,"Duplicate method name 'onChange' in class Class18: Method34, Method35"
ModelEngine-Group__fit-framework,UNSAT,IdentifierIntegrity,,"Duplicate name 'modelengine.example.ai.chat.model.DemoApplication' used by: Class18, Class19"
ModelEngine-Group__fit-framework,UNSAT,IdentifierIntegrity,,"Duplicate name 'modelengine.fit.example.DefaultWeatherStarter' used by: Class332, Class333"
ModelEngine-Group__fit-framework,UNSAT,IdentifierIntegrity,,"Duplicate name 'modelengine.example.ai.chat.agent.tool.WeatherService' used by: Class8, Class9"
ModelEngine-Group__fit-framework,UNSAT,IdentifierIntegrity,,"Duplicate name 'modelengine.example.ai.chat.parser.OutputParserExampleController' used by: Class22, Class23"
ModelEngine-Group__fit-framework,UNSAT,IdentifierIntegrity,,"Duplicate name 'modelengine.fit.example.OtherWeather' used by: Class337, Class338"
ModelEngine-Group__fit-framework,UNSAT,IdentifierIntegrity,,"Duplicate name 'modelengine.fel.engine.operators.patterns.SyncTipper' used by: Class179, Class180, Class181"
ModelEngine-Group__fit-framework,UNSAT,IdentifierIntegrity,,"Duplicate name 'modelengine.example.ai.chat.parser.DemoApplication' used by: Class20, Class21"
ModelEngine-Group__fit-framework,UNSAT,IdentifierIntegrity,,"Duplicate name 'modelengine.fit.example.AssistantStarter' used by: Class325, Class326, Class327"
ModelEngine-Group__fit-framework,UNSAT,IdentifierIntegrity,,"Duplicate name 'modelengine.fit.example.DefaultWeather' used by: Class328, Class329, Class330, Class331"
ModelEngine-Group__fit-framework,UNSAT,IdentifierIntegrity,,"Duplicate name 'modelengine.example.ai.chat.memory.DemoApplication' used by: Class14, Class15"
ModelEngine-Group__fit-framework,UNSAT,IdentifierIntegrity,,"Duplicate name 'modelengine.example.ai.chat.agent.AgentExampleController' used by: Class4, Class5"
ModelEngine-Group__fit-framework,UNSAT,IdentifierIntegrity,,"Duplicate name 'modelengine.example.ai.chat.agent.DemoApplication' used by: Class6, Class7"
ModelEngine-Group__fit-framework,UNSAT,IdentifierIntegrity,,"Duplicate name 'modelengine.example.ai.chat.memory.ChatMemoryExampleController' used by: Class12, Class13"
ModelEngine-Group__fit-framework,UNSAT,IdentifierIntegrity,,"Duplicate name 'modelengine.example.ai.chat.template.ChatTemplateExampleController' used by: Class28, Class29"
ModelEngine-Group__fit-framework,UNSAT,IdentifierIntegrity,,"Duplicate name 'modelengine.fit.example.controller.AssistantController' used by: Class357, Class358, Class359, Class360"
ModelEngine-Group__fit-framework,UNSAT,IdentifierIntegrity,,"Duplicate name 'modelengine.fit.heartbeat.server.HeartbeatServer' used by: Class374, Class375"
ModelEngine-Group__fit-framework,UNSAT,IdentifierIntegrity,,"Duplicate name 'modelengine.example.ai.chat.retrieval.RetrievalExampleController' used by: Class26, Class27"
ModelEngine-Group__fit-framework,UNSAT,IdentifierIntegrity,,"Duplicate name 'modelengine.example.ai.chat.retrieval.DemoApplication' used by: Class24, Class25"
ModelEngine-Group__fit-framework,UNSAT,IdentifierIntegrity,,"Duplicate name 'modelengine.example.ai.chat.agent.tool.WeatherServiceImpl' used by: Class10, Class11"
ModelEngine-Group__fit-framework,UNSAT,IdentifierIntegrity,,"Duplicate name 'modelengine.fitframework.validation.ValidationHandler' used by: Class1926, Class1927"
ModelEngine-Group__fit-framework,UNSAT,IdentifierIntegrity,,"Duplicate name 'modelengine.example.ai.chat.model.ChatModelExampleController' used by: Class16, Class17"
ModelEngine-Group__fit-framework,UNSAT,IdentifierIntegrity,,"Duplicate name 'modelengine.fitframework.plugin.maven.MavenCoordinate' used by: Class1548, Class1549"
ModelEngine-Group__fit-framework,UNSAT,IdentifierIntegrity,,"Duplicate name 'modelengine.fit.example.Weather' used by: Class342, Class343, Class344, Class345"
ModelEngine-Group__fit-framework,UNSAT,IdentifierIntegrity,,"Duplicate name 'modelengine.example.ai.chat.template.DemoApplication' used by: Class30, Class31"
ModelEngine-Group__fit-framework,UNSAT,IdentifierIntegrity,,"Duplicate name 'modelengine.fitframework.validation.LocaleContextMessageInterpolator' used by: Class1923, Class1924"
ModelEngine-Group__fit-framework,UNSAT,IdentifierIntegrity,,"Duplicate name 'modelengine.fit.example.entity.Education' used by: Class367, Class368"
ModelEngine-Group__fit-framework,UNSAT,InterfacePolicy,,Interface Class52 contains non-abstract method Method88
ModelEngine-Group__fit-framework,UNSAT,InterfacePolicy,,Interface Class52 contains non-abstract method Method89
ModelEngine-Group__fit-framework,UNSAT,InterfacePolicy,,Interface Class52 contains non-abstract method Method90
ModelEngine-Group__fit-framework,UNSAT,InterfacePolicy,,Interface Class52 contains non-abstract method Method92
ModelEngine-Group__fit-framework,UNSAT,InterfacePolicy,,Interface Class54 contains non-abstract method Method97
ModelEngine-Group__fit-framework,UNSAT,InterfacePolicy,,Interface Class54 contains non-abstract method Method98
ModelEngine-Group__fit-framework,UNSAT,InterfacePolicy,,Interface Class56 contains non-abstract method Method113
ModelEngine-Group__fit-framework,UNSAT,InterfacePolicy,,Interface Class64 contains non-abstract method Method138
ModelEngine-Group__fit-framework,UNSAT,InterfacePolicy,,Interface Class64 contains non-abstract method Method139
ModelEngine-Group__fit-framework,UNSAT,InterfacePolicy,,Interface Class65 contains non-abstract method Method142
ModelEngine-Group__fit-framework,UNSAT,InterfacePolicy,,Interface Class76 contains non-abstract method Method166
ModelEngine-Group__fit-framework,UNSAT,InterfacePolicy,,Interface Class77 contains non-abstract method Method169
ModelEngine-Group__fit-framework,UNSAT,InterfacePolicy,,Interface Class81 contains non-abstract method Method177
ModelEngine-Group__fit-framework,UNSAT,InterfacePolicy,,Interface Class89 contains non-abstract method Method189
ModelEngine-Group__fit-framework,UNSAT,InterfacePolicy,,Interface Class89 contains non-abstract method Method190
ModelEngine-Group__fit-framework,UNSAT,InterfacePolicy,,Interface Class93 contains non-abstract method Method200
ModelEngine-Group__fit-framework,UNSAT,InterfacePolicy,,Interface Class98 contains non-abstract method Method219
ModelEngine-Group__fit-framework,UNSAT,InterfacePolicy,,Interface Class100 contains non-abstract method Method226
ModelEngine-Group__fit-framework,UNSAT,InterfacePolicy,,Interface Class102 contains non-abstract method Method229
ModelEngine-Group__fit-framework,UNSAT,InterfacePolicy,,Interface Class103 contains non-abstract method Method231
ModelEngine-Group__fit-framework,UNSAT,InterfacePolicy,,Interface Class104 contains non-abstract method Method233
ModelEngine-Group__fit-framework,UNSAT,InterfacePolicy,,Interface Class105 contains non-abstract method Method235
ModelEngine-Group__fit-framework,UNSAT,InterfacePolicy,,Interface Class106 contains non-abstract method Method237
ModelEngine-Group__fit-framework,UNSAT,InterfacePolicy,,Interface Class107 contains non-abstract method Method239
ModelEngine-Group__fit-framework,UNSAT,InterfacePolicy,,Interface Class109 contains non-abstract method Method244
ModelEngine-Group__fit-framework,UNSAT,InterfacePolicy,,Interface Class109 contains non-abstract method Method245
ModelEngine-Group__fit-framework,UNSAT,InterfacePolicy,,Interface Class113 contains non-abstract method Method274
ModelEngine-Group__fit-framework,UNSAT,InterfacePolicy,,Interface Class113 contains non-abstract method Method275
ModelEngine-Group__fit-framework,UNSAT,InterfacePolicy,,Interface Class113 contains non-abstract method Method276
ModelEngine-Group__fit-framework,UNSAT,InterfacePolicy,,Interface Class113 contains non-abstract method Method277
ModelEngine-Group__fit-framework,UNSAT,InterfacePolicy,,Interface Class125 contains non-abstract method Method289
ModelEngine-Group__fit-framework,UNSAT,InterfacePolicy,,Interface Class134 contains non-abstract method Method307
ModelEngine-Group__fit-framework,UNSAT,InterfacePolicy,,Interface Class136 contains non-abstract method Method312
ModelEngine-Group__fit-framework,UNSAT,InterfacePolicy,,Interface Class136 contains non-abstract method Method315
ModelEngine-Group__fit-framework,UNSAT,InterfacePolicy,,Interface Class136 contains non-abstract method Method316
ModelEngine-Group__fit-framework,UNSAT,InterfacePolicy,,Interface Class136 contains non-abstract method Method320
ModelEngine-Group__fit-framework,UNSAT,InterfacePolicy,,Interface Class140 contains non-abstract method Method337
ModelEngine-Group__fit-framework,UNSAT,InterfacePolicy,,Interface Class158 contains non-abstract method Method430
ModelEngine-Group__fit-framework,UNSAT,InterfacePolicy,,Interface Class181 contains non-abstract method Method517
ModelEngine-Group__fit-framework,UNSAT,InterfacePolicy,,Interface Class181 contains non-abstract method Method518
ModelEngine-Group__fit-framework,UNSAT,InterfacePolicy,,Interface Class181 contains non-abstract method Method519
ModelEngine-Group__fit-framework,UNSAT,InterfacePolicy,,Interface Class181 contains non-abstract method Method520
ModelEngine-Group__fit-framework,UNSAT,InterfacePolicy,,Interface Class181 contains non-abstract method Method521
ModelEngine-Group__fit-framework,UNSAT,InterfacePolicy,,Interface Class181 contains non-abstract method Method522
ModelEngine-Group__fit-framework,UNSAT,InterfacePolicy,,Interface Class181 contains non-abstract method Method523
ModelEngine-Group__fit-framework,UNSAT,InterfacePolicy,,Interface Class181 contains non-abstract method Method524
ModelEngine-Group__fit-framework,UNSAT,InterfacePolicy,,Interface Class181 contains non-abstract method Method525
ModelEngine-Group__fit-framework,UNSAT,InterfacePolicy,,Interface Class181 contains non-abstract method Method526
ModelEngine-Group__fit-framework,UNSAT,InterfacePolicy,,Interface Class181 contains non-abstract method Method527
ModelEngine-Group__fit-framework,UNSAT,InterfacePolicy,,Interface Class181 contains non-abstract method Method528
ModelEngine-Group__fit-framework,UNSAT,InterfacePolicy,,Interface Class222 contains non-abstract method Method600
ModelEngine-Group__fit-framework,UNSAT,InterfacePolicy,,Interface Class222 contains non-abstract method Method601
ModelEngine-Group__fit-framework,UNSAT,InterfacePolicy,,Interface Class248 contains non-abstract method Method736
ModelEngine-Group__fit-framework,UNSAT,InterfacePolicy,,Interface Class248 contains non-abstract method Method737
ModelEngine-Group__fit-framework,UNSAT,InterfacePolicy,,Interface Class248 contains non-abstract method Method739
ModelEngine-Group__fit-framework,UNSAT,InterfacePolicy,,Interface Class303 contains non-abstract method Method1027
ModelEngine-Group__fit-framework,UNSAT,InterfacePolicy,,Interface Class303 contains non-abstract method Method1028
ModelEngine-Group__fit-framework,UNSAT,InterfacePolicy,,Interface Class303 contains non-abstract method Method1031
ModelEngine-Group__fit-framework,UNSAT,InterfacePolicy,,Interface Class308 contains non-abstract method Method1050
ModelEngine-Group__fit-framework,UNSAT,InterfacePolicy,,Interface Class308 contains non-abstract method Method1051
ModelEngine-Group__fit-framework,UNSAT,InterfacePolicy,,Interface Class372 contains non-abstract method Method1248
ModelEngine-Group__fit-framework,UNSAT,InterfacePolicy,,Interface Class393 contains non-abstract method Method1334
ModelEngine-Group__fit-framework,UNSAT,InterfacePolicy,,Interface Class394 contains non-abstract method Method1336
ModelEngine-Group__fit-framework,UNSAT,InterfacePolicy,,Interface Class395 contains non-abstract method Method1341
ModelEngine-Group__fit-framework,UNSAT,InterfacePolicy,,Interface Class396 contains non-abstract method Method1347
ModelEngine-Group__fit-framework,UNSAT,InterfacePolicy,,Interface Class397 contains non-abstract method Method1350
ModelEngine-Group__fit-framework,UNSAT,InterfacePolicy,,Interface Class398 contains non-abstract method Method1354
ModelEngine-Group__fit-framework,UNSAT,InterfacePolicy,,Interface Class399 contains non-abstract method Method1359
ModelEngine-Group__fit-framework,UNSAT,InterfacePolicy,,Interface Class400 contains non-abstract method Method1369
ModelEngine-Group__fit-framework,UNSAT,InterfacePolicy,,Interface Class401 contains non-abstract method Method1376
ModelEngine-Group__fit-framework,UNSAT,InterfacePolicy,,Interface Class402 contains non-abstract method Method1381
ModelEngine-Group__fit-framework,UNSAT,InterfacePolicy,,Interface Class403 contains non-abstract method Method1386
ModelEngine-Group__fit-framework,UNSAT,InterfacePolicy,,Interface Class404 contains non-abstract method Method1390
ModelEngine-Group__fit-framework,UNSAT,InterfacePolicy,,Interface Class405 contains non-abstract method Method1392
ModelEngine-Group__fit-framework,UNSAT,InterfacePolicy,,Interface Class406 contains non-abstract method Method1396
ModelEngine-Group__fit-framework,UNSAT,InterfacePolicy,,Interface Class406 contains non-abstract method Method1397
ModelEngine-Group__fit-framework,UNSAT,InterfacePolicy,,Interface Class406 contains non-abstract method Method1400
ModelEngine-Group__fit-framework,UNSAT,InterfacePolicy,,Interface Class406 contains non-abstract method Method1401
ModelEngine-Group__fit-framework,UNSAT,InterfacePolicy,,Interface Class406 contains non-abstract method Method1402
ModelEngine-Group__fit-framework,UNSAT,InterfacePolicy,,Interface Class407 contains non-abstract method Method1405
ModelEngine-Group__fit-framework,UNSAT,InterfacePolicy,,Interface Class440 contains non-abstract method Method1531
ModelEngine-Group__fit-framework,UNSAT,InterfacePolicy,,Interface Class497 contains non-abstract method Method1790
ModelEngine-Group__fit-framework,UNSAT,InterfacePolicy,,Interface Class499 contains non-abstract method Method1794
ModelEngine-Group__fit-framework,UNSAT,InterfacePolicy,,Interface Class512 contains non-abstract method Method1883
ModelEngine-Group__fit-framework,UNSAT,InterfacePolicy,,Interface Class512 contains non-abstract method Method1885
ModelEngine-Group__fit-framework,UNSAT,InterfacePolicy,,Interface Class625 contains non-abstract method Method2483
ModelEngine-Group__fit-framework,UNSAT,InterfacePolicy,,Interface Class625 contains non-abstract method Method2484
ModelEngine-Group__fit-framework,UNSAT,InterfacePolicy,,Interface Class689 contains non-abstract method Method2744
ModelEngine-Group__fit-framework,UNSAT,InterfacePolicy,,Interface Class730 contains non-abstract method Method3093
ModelEngine-Group__fit-framework,UNSAT,InterfacePolicy,,Interface Class730 contains non-abstract method Method3095
ModelEngine-Group__fit-framework,UNSAT,InterfacePolicy,,Interface Class731 contains non-abstract method Method3097
ModelEngine-Group__fit-framework,UNSAT,InterfacePolicy,,Interface Class731 contains non-abstract method Method3098
ModelEngine-Group__fit-framework,UNSAT,InterfacePolicy,,Interface Class731 contains non-abstract method Method3099
ModelEngine-Group__fit-framework,UNSAT,InterfacePolicy,,Interface Class731 contains non-abstract method Method3100
ModelEngine-Group__fit-framework,UNSAT,InterfacePolicy,,Interface Class731 contains non-abstract method Method3101
ModelEngine-Group__fit-framework,UNSAT,InterfacePolicy,,Interface Class731 contains non-abstract method Method3102
ModelEngine-Group__fit-framework,UNSAT,InterfacePolicy,,Interface Class731 contains non-abstract method Method3103
ModelEngine-Group__fit-framework,UNSAT,InterfacePolicy,,Interface Class731 contains non-abstract method Method3104
ModelEngine-Group__fit-framework,UNSAT,InterfacePolicy,,Interface Class731 contains non-abstract method Method3114
ModelEngine-Group__fit-framework,UNSAT,InterfacePolicy,,Interface Class731 contains non-abstract method Method3115
ModelEngine-Group__fit-framework,UNSAT,InterfacePolicy,,Interface Class731 contains non-abstract method Method3116
ModelEngine-Group__fit-framework,UNSAT,InterfacePolicy,,Interface Class731 contains non-abstract method Method3117
ModelEngine-Group__fit-framework,UNSAT,InterfacePolicy,,Interface Class731 contains non-abstract method Method3118
ModelEngine-Group__fit-framework,UNSAT,InterfacePolicy,,Interface Class731 contains non-abstract method Method3119
ModelEngine-Group__fit-framework,UNSAT,InterfacePolicy,,Interface Class731 contains non-abstract method Method3120
ModelEngine-Group__fit-framework,UNSAT,InterfacePolicy,,Interface Class731 contains non-abstract method Method3121
ModelEngine-Group__fit-framework,UNSAT,InterfacePolicy,,Interface Class731 contains non-abstract method Method3126
ModelEngine-Group__fit-framework,UNSAT,InterfacePolicy,,Interface Class731 contains non-abstract method Method3127
ModelEngine-Group__fit-framework,UNSAT,InterfacePolicy,,Interface Class731 contains non-abstract method Method3132
ModelEngine-Group__fit-framework,UNSAT,InterfacePolicy,,Interface Class731 contains non-abstract method Method3134
ModelEngine-Group__fit-framework,UNSAT,InterfacePolicy,,Interface Class732 contains non-abstract method Method3137
ModelEngine-Group__fit-framework,UNSAT,InterfacePolicy,,Interface Class737 contains non-abstract method Method3161
ModelEngine-Group__fit-framework,UNSAT,InterfacePolicy,,Interface Class737 contains non-abstract method Method3162
ModelEngine-Group__fit-framework,UNSAT,InterfacePolicy,,Interface Class737 contains non-abstract method Method3165
ModelEngine-Group__fit-framework,UNSAT,InterfacePolicy,,Interface Class738 contains non-abstract method Method3168
ModelEngine-Group__fit-framework,UNSAT,InterfacePolicy,,Interface Class785 contains non-abstract method Method3435
ModelEngine-Group__fit-framework,UNSAT,InterfacePolicy,,Interface Class785 contains non-abstract method Method3436
ModelEngine-Group__fit-framework,UNSAT,InterfacePolicy,,Interface Class801 contains non-abstract method Method3521
ModelEngine-Group__fit-framework,UNSAT,InterfacePolicy,,Interface Class801 contains non-abstract method Method3522
ModelEngine-Group__fit-framework,UNSAT,InterfacePolicy,,Interface Class858 contains non-abstract method Method3648
ModelEngine-Group__fit-framework,UNSAT,InterfacePolicy,,Interface Class858 contains non-abstract method Method3649
ModelEngine-Group__fit-framework,UNSAT,InterfacePolicy,,Interface Class864 contains non-abstract method Method3665
ModelEngine-Group__fit-framework,UNSAT,InterfacePolicy,,Interface Class864 contains non-abstract method Method3666
ModelEngine-Group__fit-framework,UNSAT,InterfacePolicy,,Interface Class864 contains non-abstract method Method3667
ModelEngine-Group__fit-framework,UNSAT,InterfacePolicy,,Interface Class864 contains non-abstract method Method3668
ModelEngine-Group__fit-framework,UNSAT,InterfacePolicy,,Interface Class864 contains non-abstract method Method3670
ModelEngine-Group__fit-framework,UNSAT,InterfacePolicy,,Interface Class867 contains non-abstract method Method3676
ModelEngine-Group__fit-framework,UNSAT,InterfacePolicy,,Interface Class884 contains non-abstract method Method3733
ModelEngine-Group__fit-framework,UNSAT,InterfacePolicy,,Interface Class922 contains non-abstract method Method3846
ModelEngine-Group__fit-framework,UNSAT,InterfacePolicy,,Interface Class922 contains non-abstract method Method3847
ModelEngine-Group__fit-framework,UNSAT,InterfacePolicy,,Interface Class922 contains non-abstract method Method3848
ModelEngine-Group__fit-framework,UNSAT,InterfacePolicy,,Interface Class925 contains non-abstract method Method3854
ModelEngine-Group__fit-framework,UNSAT,InterfacePolicy,,Interface Class925 contains non-abstract method Method3855
ModelEngine-Group__fit-framework,UNSAT,InterfacePolicy,,Interface Class925 contains non-abstract method Method3857
ModelEngine-Group__fit-framework,UNSAT,InterfacePolicy,,Interface Class925 contains non-abstract method Method3858
ModelEngine-Group__fit-framework,UNSAT,InterfacePolicy,,Interface Class925 contains non-abstract method Method3859
ModelEngine-Group__fit-framework,UNSAT,InterfacePolicy,,Interface Class969 contains non-abstract method Method3981
ModelEngine-Group__fit-framework,UNSAT,InterfacePolicy,,Interface Class973 contains non-abstract method Method4029
ModelEngine-Group__fit-framework,UNSAT,InterfacePolicy,,Interface Class973 contains non-abstract method Method4032
ModelEngine-Group__fit-framework,UNSAT,InterfacePolicy,,Interface Class973 contains non-abstract method Method4033
ModelEngine-Group__fit-framework,UNSAT,InterfacePolicy,,Interface Class977 contains non-abstract method Method4043
ModelEngine-Group__fit-framework,UNSAT,InterfacePolicy,,Interface Class984 contains non-abstract method Method4077
ModelEngine-Group__fit-framework,UNSAT,InterfacePolicy,,Interface Class984 contains non-abstract method Method4078
ModelEngine-Group__fit-framework,UNSAT,InterfacePolicy,,Interface Class985 contains non-abstract method Method4083
ModelEngine-Group__fit-framework,UNSAT,InterfacePolicy,,Interface Class985 contains non-abstract method Method4085
ModelEngine-Group__fit-framework,UNSAT,InterfacePolicy,,Interface Class991 contains non-abstract method Method4105
ModelEngine-Group__fit-framework,UNSAT,InterfacePolicy,,Interface Class991 contains non-abstract method Method4106
ModelEngine-Group__fit-framework,UNSAT,InterfacePolicy,,Interface Class999 contains non-abstract method Method4132
ModelEngine-Group__fit-framework,UNSAT,InterfacePolicy,,Interface Class999 contains non-abstract method Method4133
ModelEngine-Group__fit-framework,UNSAT,InterfacePolicy,,Interface Class1004 contains non-abstract method Method4166
ModelEngine-Group__fit-framework,UNSAT,InterfacePolicy,,Interface Class1004 contains non-abstract method Method4167
ModelEngine-Group__fit-framework,UNSAT,InterfacePolicy,,Interface Class1007 contains non-abstract method Method4172
ModelEngine-Group__fit-framework,UNSAT,InterfacePolicy,,Interface Class1009 contains non-abstract method Method4175
ModelEngine-Group__fit-framework,UNSAT,InterfacePolicy,,Interface Class1009 contains non-abstract method Method4176
ModelEngine-Group__fit-framework,UNSAT,InterfacePolicy,,Interface Class1013 contains non-abstract method Method4205
ModelEngine-Group__fit-framework,UNSAT,InterfacePolicy,,Interface Class1013 contains non-abstract method Method4208
ModelEngine-Group__fit-framework,UNSAT,InterfacePolicy,,Interface Class1013 contains non-abstract method Method4210
ModelEngine-Group__fit-framework,UNSAT,InterfacePolicy,,Interface Class1019 contains non-abstract method Method4226
ModelEngine-Group__fit-framework,UNSAT,InterfacePolicy,,Interface Class1054 contains non-abstract method Method4317
ModelEngine-Group__fit-framework,UNSAT,InterfacePolicy,,Interface Class1058 contains non-abstract method Method4323
ModelEngine-Group__fit-framework,UNSAT,InterfacePolicy,,Interface Class1058 contains non-abstract method Method4324
ModelEngine-Group__fit-framework,UNSAT,InterfacePolicy,,Interface Class1121 contains non-abstract method Method4668
ModelEngine-Group__fit-framework,UNSAT,InterfacePolicy,,Interface Class1121 contains non-abstract method Method4670
ModelEngine-Group__fit-framework,UNSAT,InterfacePolicy,,Interface Class1121 contains non-abstract method Method4671
ModelEngine-Group__fit-framework,UNSAT,InterfacePolicy,,Interface Class1121 contains non-abstract method Method4672
ModelEngine-Group__fit-framework,UNSAT,InterfacePolicy,,Interface Class1121 contains non-abstract method Method4673
ModelEngine-Group__fit-framework,UNSAT,InterfacePolicy,,Interface Class1121 contains non-abstract method Method4674
ModelEngine-Group__fit-framework,UNSAT,InterfacePolicy,,Interface Class1121 contains non-abstract method Method4678
ModelEngine-Group__fit-framework,UNSAT,InterfacePolicy,,Interface Class1121 contains non-abstract method Method4680
ModelEngine-Group__fit-framework,UNSAT,InterfacePolicy,,Interface Class1123 contains non-abstract method Method4690
ModelEngine-Group__fit-framework,UNSAT,InterfacePolicy,,Interface Class1123 contains non-abstract method Method4691
ModelEngine-Group__fit-framework,UNSAT,InterfacePolicy,,Interface Class1123 contains non-abstract method Method4692
ModelEngine-Group__fit-framework,UNSAT,InterfacePolicy,,Interface Class1126 contains non-abstract method Method4694
ModelEngine-Group__fit-framework,UNSAT,InterfacePolicy,,Interface Class1126 contains non-abstract method Method4696
ModelEngine-Group__fit-framework,UNSAT,InterfacePolicy,,Interface Class1126 contains non-abstract method Method4698
ModelEngine-Group__fit-framework,UNSAT,InterfacePolicy,,Interface Class1126 contains non-abstract method Method4699
ModelEngine-Group__fit-framework,UNSAT,InterfacePolicy,,Interface Class1127 contains non-abstract method Method4701
ModelEngine-Group__fit-framework,UNSAT,InterfacePolicy,,Interface Class1128 contains non-abstract method Method4707
ModelEngine-Group__fit-framework,UNSAT,InterfacePolicy,,Interface Class1128 contains non-abstract method Method4708
ModelEngine-Group__fit-framework,UNSAT,InterfacePolicy,,Interface Class1130 contains non-abstract method Method4714
ModelEngine-Group__fit-framework,UNSAT,InterfacePolicy,,Interface Class1130 contains non-abstract method Method4716
ModelEngine-Group__fit-framework,UNSAT,InterfacePolicy,,Interface Class1133 contains non-abstract method Method4721
ModelEngine-Group__fit-framework,UNSAT,InterfacePolicy,,Interface Class1136 contains non-abstract method Method4726
ModelEngine-Group__fit-framework,UNSAT,InterfacePolicy,,Interface Class1186 contains non-abstract method Method4975
ModelEngine-Group__fit-framework,UNSAT,InterfacePolicy,,Interface Class1186 contains non-abstract method Method4976
ModelEngine-Group__fit-framework,UNSAT,InterfacePolicy,,Interface Class1187 contains non-abstract method Method4979
ModelEngine-Group__fit-framework,UNSAT,InterfacePolicy,,Interface Class1188 contains non-abstract method Method4981
ModelEngine-Group__fit-framework,UNSAT,InterfacePolicy,,Interface Class1189 contains non-abstract method Method4983
ModelEngine-Group__fit-framework,UNSAT,InterfacePolicy,,Interface Class1190 contains non-abstract method Method4985
ModelEngine-Group__fit-framework,UNSAT,InterfacePolicy,,Interface Class1190 contains non-abstract method Method4986
ModelEngine-Group__fit-framework,UNSAT,InterfacePolicy,,Interface Class1191 contains non-abstract method Method4993
ModelEngine-Group__fit-framework,UNSAT,InterfacePolicy,,Interface Class1192 contains non-abstract method Method4995
ModelEngine-Group__fit-framework,UNSAT,InterfacePolicy,,Interface Class1193 contains non-abstract method Method4997
ModelEngine-Group__fit-framework,UNSAT,InterfacePolicy,,Interface Class1196 contains non-abstract method Method5013
ModelEngine-Group__fit-framework,UNSAT,InterfacePolicy,,Interface Class1196 contains non-abstract method Method5015
ModelEngine-Group__fit-framework,UNSAT,InterfacePolicy,,Interface Class1196 contains non-abstract method Method5020
ModelEngine-Group__fit-framework,UNSAT,InterfacePolicy,,Interface Class1196 contains non-abstract method Method5021
ModelEngine-Group__fit-framework,UNSAT,InterfacePolicy,,Interface Class1196 contains non-abstract method Method5022
ModelEngine-Group__fit-framework,UNSAT,InterfacePolicy,,Interface Class1196 contains non-abstract method Method5023
ModelEngine-Group__fit-framework,UNSAT,InterfacePolicy,,Interface Class1196 contains non-abstract method Method5025
ModelEngine-Group__fit-framework,UNSAT,InterfacePolicy,,Interface Class1196 contains non-abstract method Method5026
ModelEngine-Group__fit-framework,UNSAT,InterfacePolicy,,Interface Class1196 contains non-abstract method Method5027
ModelEngine-Group__fit-framework,UNSAT,InterfacePolicy,,Interface Class1197 contains non-abstract method Method5035
ModelEngine-Group__fit-framework,UNSAT,InterfacePolicy,,Interface Class1200 contains non-abstract method Method5041
ModelEngine-Group__fit-framework,UNSAT,InterfacePolicy,,Interface Class1200 contains non-abstract method Method5042
ModelEngine-Group__fit-framework,UNSAT,InterfacePolicy,,Interface Class1200 contains non-abstract method Method5045
ModelEngine-Group__fit-framework,UNSAT,InterfacePolicy,,Interface Class1200 contains non-abstract method Method5046
ModelEngine-Group__fit-framework,UNSAT,InterfacePolicy,,Interface Class1200 contains non-abstract method Method5047
ModelEngine-Group__fit-framework,UNSAT,InterfacePolicy,,Interface Class1201 contains non-abstract method Method5055
ModelEngine-Group__fit-framework,UNSAT,InterfacePolicy,,Interface Class1201 contains non-abstract method Method5057
ModelEngine-Group__fit-framework,UNSAT,InterfacePolicy,,Interface Class1229 contains non-abstract method Method5184
ModelEngine-Group__fit-framework,UNSAT,InterfacePolicy,,Interface Class1229 contains non-abstract method Method5185
ModelEngine-Group__fit-framework,UNSAT,InterfacePolicy,,Interface Class1233 contains non-abstract method Method5214
ModelEngine-Group__fit-framework,UNSAT,InterfacePolicy,,Interface Class1233 contains non-abstract method Method5215
ModelEngine-Group__fit-framework,UNSAT,InterfacePolicy,,Interface Class1238 contains non-abstract method Method5233
ModelEngine-Group__fit-framework,UNSAT,InterfacePolicy,,Interface Class1238 contains non-abstract method Method5234
ModelEngine-Group__fit-framework,UNSAT,InterfacePolicy,,Interface Class1244 contains non-abstract method Method5279
ModelEngine-Group__fit-framework,UNSAT,InterfacePolicy,,Interface Class1244 contains non-abstract method Method5280
ModelEngine-Group__fit-framework,UNSAT,InterfacePolicy,,Interface Class1244 contains non-abstract method Method5281
ModelEngine-Group__fit-framework,UNSAT,InterfacePolicy,,Interface Class1244 contains non-abstract method Method5282
ModelEngine-Group__fit-framework,UNSAT,InterfacePolicy,,Interface Class1246 contains non-abstract method Method5285
ModelEngine-Group__fit-framework,UNSAT,InterfacePolicy,,Interface Class1246 contains non-abstract method Method5288
ModelEngine-Group__fit-framework,UNSAT,InterfacePolicy,,Interface Class1251 contains non-abstract method Method5314
ModelEngine-Group__fit-framework,UNSAT,InterfacePolicy,,Interface Class1252 contains non-abstract method Method5318
ModelEngine-Group__fit-framework,UNSAT,InterfacePolicy,,Interface Class1258 contains non-abstract method Method5359
ModelEngine-Group__fit-framework,UNSAT,InterfacePolicy,,Interface Class1262 contains non-abstract method Method5371
ModelEngine-Group__fit-framework,UNSAT,InterfacePolicy,,Interface Class1262 contains non-abstract method Method5372
ModelEngine-Group__fit-framework,UNSAT,InterfacePolicy,,Interface Class1262 contains non-abstract method Method5378
ModelEngine-Group__fit-framework,UNSAT,InterfacePolicy,,Interface Class1264 contains non-abstract method Method5382
ModelEngine-Group__fit-framework,UNSAT,InterfacePolicy,,Interface Class1264 contains non-abstract method Method5385
ModelEngine-Group__fit-framework,UNSAT,InterfacePolicy,,Interface Class1265 contains non-abstract method Method5388
ModelEngine-Group__fit-framework,UNSAT,InterfacePolicy,,Interface Class1267 contains non-abstract method Method5402
ModelEngine-Group__fit-framework,UNSAT,InterfacePolicy,,Interface Class1267 contains non-abstract method Method5403
ModelEngine-Group__fit-framework,UNSAT,InterfacePolicy,,Interface Class1276 contains non-abstract method Method5430
ModelEngine-Group__fit-framework,UNSAT,InterfacePolicy,,Interface Class1282 contains non-abstract method Method5436
ModelEngine-Group__fit-framework,UNSAT,InterfacePolicy,,Interface Class1282 contains non-abstract method Method5439
ModelEngine-Group__fit-framework,UNSAT,InterfacePolicy,,Interface Class1289 contains non-abstract method Method5446
ModelEngine-Group__fit-framework,UNSAT,InterfacePolicy,,Interface Class1289 contains non-abstract method Method5450
ModelEngine-Group__fit-framework,UNSAT,InterfacePolicy,,Interface Class1333 contains non-abstract method Method5577
ModelEngine-Group__fit-framework,UNSAT,InterfacePolicy,,Interface Class1333 contains non-abstract method Method5578
ModelEngine-Group__fit-framework,UNSAT,InterfacePolicy,,Interface Class1333 contains non-abstract method Method5579
ModelEngine-Group__fit-framework,UNSAT,InterfacePolicy,,Interface Class1333 contains non-abstract method Method5580
ModelEngine-Group__fit-framework,UNSAT,InterfacePolicy,,Interface Class1333 contains non-abstract method Method5581
ModelEngine-Group__fit-framework,UNSAT,InterfacePolicy,,Interface Class1335 contains non-abstract method Method5585
ModelEngine-Group__fit-framework,UNSAT,InterfacePolicy,,Interface Class1351 contains non-abstract method Method5617
ModelEngine-Group__fit-framework,UNSAT,InterfacePolicy,,Interface Class1352 contains non-abstract method Method5619
ModelEngine-Group__fit-framework,UNSAT,InterfacePolicy,,Interface Class1353 contains non-abstract method Method5621
ModelEngine-Group__fit-framework,UNSAT,InterfacePolicy,,Interface Class1354 contains non-abstract method Method5623
ModelEngine-Group__fit-framework,UNSAT,InterfacePolicy,,Interface Class1375 contains non-abstract method Method5803
ModelEngine-Group__fit-framework,UNSAT,InterfacePolicy,,Interface Class1375 contains non-abstract method Method5804
ModelEngine-Group__fit-framework,UNSAT,InterfacePolicy,,Interface Class1375 contains non-abstract method Method5806
ModelEngine-Group__fit-framework,UNSAT,InterfacePolicy,,Interface Class1376 contains non-abstract method Method5810
ModelEngine-Group__fit-framework,UNSAT,InterfacePolicy,,Interface Class1390 contains non-abstract method Method5853
ModelEngine-Group__fit-framework,UNSAT,InterfacePolicy,,Interface Class1390 contains non-abstract method Method5854
ModelEngine-Group__fit-framework,UNSAT,InterfacePolicy,,Interface Class1440 contains non-abstract method Method6147
ModelEngine-Group__fit-framework,UNSAT,InterfacePolicy,,Interface Class1441 contains non-abstract method Method6150
ModelEngine-Group__fit-framework,UNSAT,InterfacePolicy,,Interface Class1450 contains non-abstract method Method6196
ModelEngine-Group__fit-framework,UNSAT,InterfacePolicy,,Interface Class1450 contains non-abstract method Method6197
ModelEngine-Group__fit-framework,UNSAT,InterfacePolicy,,Interface Class1461 contains non-abstract method Method6300
ModelEngine-Group__fit-framework,UNSAT,InterfacePolicy,,Interface Class1461 contains non-abstract method Method6302
ModelEngine-Group__fit-framework,UNSAT,InterfacePolicy,,Interface Class1461 contains non-abstract method Method6303
ModelEngine-Group__fit-framework,UNSAT,InterfacePolicy,,Interface Class1461 contains non-abstract method Method6304
ModelEngine-Group__fit-framework,UNSAT,InterfacePolicy,,Interface Class1464 contains non-abstract method Method6317
ModelEngine-Group__fit-framework,UNSAT,InterfacePolicy,,Interface Class1464 contains non-abstract method Method6318
ModelEngine-Group__fit-framework,UNSAT,InterfacePolicy,,Interface Class1467 contains non-abstract method Method6320
ModelEngine-Group__fit-framework,UNSAT,InterfacePolicy,,Interface Class1467 contains non-abstract method Method6321
ModelEngine-Group__fit-framework,UNSAT,InterfacePolicy,,Interface Class1467 contains non-abstract method Method6323
ModelEngine-Group__fit-framework,UNSAT,InterfacePolicy,,Interface Class1468 contains non-abstract method Method6326
ModelEngine-Group__fit-framework,UNSAT,InterfacePolicy,,Interface Class1468 contains non-abstract method Method6327
ModelEngine-Group__fit-framework,UNSAT,InterfacePolicy,,Interface Class1474 contains non-abstract method Method6335
ModelEngine-Group__fit-framework,UNSAT,InterfacePolicy,,Interface Class1474 contains non-abstract method Method6336
ModelEngine-Group__fit-framework,UNSAT,InterfacePolicy,,Interface Class1483 contains non-abstract method Method6352
ModelEngine-Group__fit-framework,UNSAT,InterfacePolicy,,Interface Class1483 contains non-abstract method Method6353
ModelEngine-Group__fit-framework,UNSAT,InterfacePolicy,,Interface Class1483 contains non-abstract method Method6354
ModelEngine-Group__fit-framework,UNSAT,InterfacePolicy,,Interface Class1484 contains non-abstract method Method6361
ModelEngine-Group__fit-framework,UNSAT,InterfacePolicy,,Interface Class1484 contains non-abstract method Method6362
ModelEngine-Group__fit-framework,UNSAT,InterfacePolicy,,Interface Class1484 contains non-abstract method Method6363
ModelEngine-Group__fit-framework,UNSAT,InterfacePolicy,,Interface Class1485 contains non-abstract method Method6366
ModelEngine-Group__fit-framework,UNSAT,InterfacePolicy,,Interface Class1486 contains non-abstract method Method6369
ModelEngine-Group__fit-framework,UNSAT,InterfacePolicy,,Interface Class1486 contains non-abstract method Method6370
ModelEngine-Group__fit-framework,UNSAT,InterfacePolicy,,Interface Class1487 contains non-abstract method Method6372
ModelEngine-Group__fit-framework,UNSAT,InterfacePolicy,,Interface Class1487 contains non-abstract method Method6373
ModelEngine-Group__fit-framework,UNSAT,InterfacePolicy,,Interface Class1487 contains non-abstract method Method6374
ModelEngine-Group__fit-framework,UNSAT,InterfacePolicy,,Interface Class1488 contains non-abstract method Method6378
ModelEngine-Group__fit-framework,UNSAT,InterfacePolicy,,Interface Class1488 contains non-abstract method Method6380
ModelEngine-Group__fit-framework,UNSAT,InterfacePolicy,,Interface Class1488 contains non-abstract method Method6381
ModelEngine-Group__fit-framework,UNSAT,InterfacePolicy,,Interface Class1488 contains non-abstract method Method6382
ModelEngine-Group__fit-framework,UNSAT,InterfacePolicy,,Interface Class1488 contains non-abstract method Method6383
ModelEngine-Group__fit-framework,UNSAT,InterfacePolicy,,Interface Class1489 contains non-abstract method Method6385
ModelEngine-Group__fit-framework,UNSAT,InterfacePolicy,,Interface Class1489 contains non-abstract method Method6386
ModelEngine-Group__fit-framework,UNSAT,InterfacePolicy,,Interface Class1489 contains non-abstract method Method6387
ModelEngine-Group__fit-framework,UNSAT,InterfacePolicy,,Interface Class1489 contains non-abstract method Method6388
ModelEngine-Group__fit-framework,UNSAT,InterfacePolicy,,Interface Class1489 contains non-abstract method Method6389
ModelEngine-Group__fit-framework,UNSAT,InterfacePolicy,,Interface Class1489 contains non-abstract method Method6392
ModelEngine-Group__fit-framework,UNSAT,InterfacePolicy,,Interface Class1497 contains non-abstract method Method6428
ModelEngine-Group__fit-framework,UNSAT,InterfacePolicy,,Interface Class1497 contains non-abstract method Method6429
ModelEngine-Group__fit-framework,UNSAT,InterfacePolicy,,Interface Class1499 contains non-abstract method Method6445
ModelEngine-Group__fit-framework,UNSAT,InterfacePolicy,,Interface Class1506 contains non-abstract method Method6490
ModelEngine-Group__fit-framework,UNSAT,InterfacePolicy,,Interface Class1506 contains non-abstract method Method6491
ModelEngine-Group__fit-framework,UNSAT,InterfacePolicy,,Interface Class1506 contains non-abstract method Method6492
ModelEngine-Group__fit-framework,UNSAT,InterfacePolicy,,Interface Class1519 contains non-abstract method Method6539
ModelEngine-Group__fit-framework,UNSAT,InterfacePolicy,,Interface Class1519 contains non-abstract method Method6542
ModelEngine-Group__fit-framework,UNSAT,InterfacePolicy,,Interface Class1519 contains non-abstract method Method6543
ModelEngine-Group__fit-framework,UNSAT,InterfacePolicy,,Interface Class1519 contains non-abstract method Method6544
ModelEngine-Group__fit-framework,UNSAT,InterfacePolicy,,Interface Class1523 contains non-abstract method Method6563
ModelEngine-Group__fit-framework,UNSAT,InterfacePolicy,,Interface Class1529 contains non-abstract method Method6589
ModelEngine-Group__fit-framework,UNSAT,InterfacePolicy,,Interface Class1531 contains non-abstract method Method6596
ModelEngine-Group__fit-framework,UNSAT,InterfacePolicy,,Interface Class1532 contains non-abstract method Method6603
ModelEngine-Group__fit-framework,UNSAT,InterfacePolicy,,Interface Class1535 contains non-abstract method Method6605
ModelEngine-Group__fit-framework,UNSAT,InterfacePolicy,,Interface Class1536 contains non-abstract method Method6607
ModelEngine-Group__fit-framework,UNSAT,InterfacePolicy,,Interface Class1537 contains non-abstract method Method6609
ModelEngine-Group__fit-framework,UNSAT,InterfacePolicy,,Interface Class1538 contains non-abstract method Method6611
ModelEngine-Group__fit-framework,UNSAT,InterfacePolicy,,Interface Class1541 contains non-abstract method Method6616
ModelEngine-Group__fit-framework,UNSAT,InterfacePolicy,,Interface Class1544 contains non-abstract method Method6625
ModelEngine-Group__fit-framework,UNSAT,InterfacePolicy,,Interface Class1546 contains non-abstract method Method6631
ModelEngine-Group__fit-framework,UNSAT,InterfacePolicy,,Interface Class1546 contains non-abstract method Method6633
ModelEngine-Group__fit-framework,UNSAT,InterfacePolicy,,Interface Class1546 contains non-abstract method Method6634
ModelEngine-Group__fit-framework,UNSAT,InterfacePolicy,,Interface Class1549 contains non-abstract method Method6642
ModelEngine-Group__fit-framework,UNSAT,InterfacePolicy,,Interface Class1549 contains non-abstract method Method6643
ModelEngine-Group__fit-framework,UNSAT,InterfacePolicy,,Interface Class1549 contains non-abstract method Method6644
ModelEngine-Group__fit-framework,UNSAT,InterfacePolicy,,Interface Class1549 contains non-abstract method Method6645
ModelEngine-Group__fit-framework,UNSAT,InterfacePolicy,,Interface Class1549 contains non-abstract method Method6649
ModelEngine-Group__fit-framework,UNSAT,InterfacePolicy,,Interface Class1549 contains non-abstract method Method6650
ModelEngine-Group__fit-framework,UNSAT,InterfacePolicy,,Interface Class1549 contains non-abstract method Method6651
ModelEngine-Group__fit-framework,UNSAT,InterfacePolicy,,Interface Class1551 contains non-abstract method Method6655
ModelEngine-Group__fit-framework,UNSAT,InterfacePolicy,,Interface Class1551 contains non-abstract method Method6660
ModelEngine-Group__fit-framework,UNSAT,InterfacePolicy,,Interface Class1568 contains non-abstract method Method6720
ModelEngine-Group__fit-framework,UNSAT,InterfacePolicy,,Interface Class1568 contains non-abstract method Method6721
ModelEngine-Group__fit-framework,UNSAT,InterfacePolicy,,Interface Class1584 contains non-abstract method Method6820
ModelEngine-Group__fit-framework,UNSAT,InterfacePolicy,,Interface Class1586 contains non-abstract method Method6828
ModelEngine-Group__fit-framework,UNSAT,InterfacePolicy,,Interface Class1586 contains non-abstract method Method6829
ModelEngine-Group__fit-framework,UNSAT,InterfacePolicy,,Interface Class1586 contains non-abstract method Method6830
ModelEngine-Group__fit-framework,UNSAT,InterfacePolicy,,Interface Class1587 contains non-abstract method Method6834
ModelEngine-Group__fit-framework,UNSAT,InterfacePolicy,,Interface Class1588 contains non-abstract method Method6836
ModelEngine-Group__fit-framework,UNSAT,InterfacePolicy,,Interface Class1588 contains non-abstract method Method6837
ModelEngine-Group__fit-framework,UNSAT,InterfacePolicy,,Interface Class1588 contains non-abstract method Method6840
ModelEngine-Group__fit-framework,UNSAT,InterfacePolicy,,Interface Class1588 contains non-abstract method Method6841
ModelEngine-Group__fit-framework,UNSAT,InterfacePolicy,,Interface Class1590 contains non-abstract method Method6843
ModelEngine-Group__fit-framework,UNSAT,InterfacePolicy,,Interface Class1590 contains non-abstract method Method6844
ModelEngine-Group__fit-framework,UNSAT,InterfacePolicy,,Interface Class1590 contains non-abstract method Method6849
ModelEngine-Group__fit-framework,UNSAT,InterfacePolicy,,Interface Class1590 contains non-abstract method Method6850
ModelEngine-Group__fit-framework,UNSAT,InterfacePolicy,,Interface Class1591 contains non-abstract method Method6852
ModelEngine-Group__fit-framework,UNSAT,InterfacePolicy,,Interface Class1591 contains non-abstract method Method6854
ModelEngine-Group__fit-framework,UNSAT,InterfacePolicy,,Interface Class1591 contains non-abstract method Method6856
ModelEngine-Group__fit-framework,UNSAT,InterfacePolicy,,Interface Class1591 contains non-abstract method Method6857
ModelEngine-Group__fit-framework,UNSAT,InterfacePolicy,,Interface Class1591 contains non-abstract method Method6858
ModelEngine-Group__fit-framework,UNSAT,InterfacePolicy,,Interface Class1603 contains non-abstract method Method6942
ModelEngine-Group__fit-framework,UNSAT,InterfacePolicy,,Interface Class1605 contains non-abstract method Method6946
ModelEngine-Group__fit-framework,UNSAT,InterfacePolicy,,Interface Class1618 contains non-abstract method Method7009
ModelEngine-Group__fit-framework,UNSAT,InterfacePolicy,,Interface Class1618 contains non-abstract method Method7011
ModelEngine-Group__fit-framework,UNSAT,InterfacePolicy,,Interface Class1618 contains non-abstract method Method7012
ModelEngine-Group__fit-framework,UNSAT,InterfacePolicy,,Interface Class1620 contains non-abstract method Method7019
ModelEngine-Group__fit-framework,UNSAT,InterfacePolicy,,Interface Class1621 contains non-abstract method Method7023
ModelEngine-Group__fit-framework,UNSAT,InterfacePolicy,,Interface Class1621 contains non-abstract method Method7025
ModelEngine-Group__fit-framework,UNSAT,InterfacePolicy,,Interface Class1621 contains non-abstract method Method7026
ModelEngine-Group__fit-framework,UNSAT,InterfacePolicy,,Interface Class1622 contains non-abstract method Method7027
ModelEngine-Group__fit-framework,UNSAT,InterfacePolicy,,Interface Class1624 contains non-abstract method Method7032
ModelEngine-Group__fit-framework,UNSAT,InterfacePolicy,,Interface Class1624 contains non-abstract method Method7033
ModelEngine-Group__fit-framework,UNSAT,InterfacePolicy,,Interface Class1624 contains non-abstract method Method7034
ModelEngine-Group__fit-framework,UNSAT,InterfacePolicy,,Interface Class1628 contains non-abstract method Method7060
ModelEngine-Group__fit-framework,UNSAT,InterfacePolicy,,Interface Class1628 contains non-abstract method Method7061
ModelEngine-Group__fit-framework,UNSAT,InterfacePolicy,,Interface Class1628 contains non-abstract method Method7064
ModelEngine-Group__fit-framework,UNSAT,InterfacePolicy,,Interface Class1629 contains non-abstract method Method7066
ModelEngine-Group__fit-framework,UNSAT,InterfacePolicy,,Interface Class1629 contains non-abstract method Method7067
ModelEngine-Group__fit-framework,UNSAT,InterfacePolicy,,Interface Class1630 contains non-abstract method Method7068
ModelEngine-Group__fit-framework,UNSAT,InterfacePolicy,,Interface Class1630 contains non-abstract method Method7069
ModelEngine-Group__fit-framework,UNSAT,InterfacePolicy,,Interface Class1630 contains non-abstract method Method7070
ModelEngine-Group__fit-framework,UNSAT,InterfacePolicy,,Interface Class1630 contains non-abstract method Method7071
ModelEngine-Group__fit-framework,UNSAT,InterfacePolicy,,Interface Class1655 contains non-abstract method Method7171
ModelEngine-Group__fit-framework,UNSAT,InterfacePolicy,,Interface Class1668 contains non-abstract method Method7220
ModelEngine-Group__fit-framework,UNSAT,InterfacePolicy,,Interface Class1671 contains non-abstract method Method7227
ModelEngine-Group__fit-framework,UNSAT,InterfacePolicy,,Interface Class1673 contains non-abstract method Method7233
ModelEngine-Group__fit-framework,UNSAT,InterfacePolicy,,Interface Class1691 contains non-abstract method Method7329
ModelEngine-Group__fit-framework,UNSAT,InterfacePolicy,,Interface Class1691 contains non-abstract method Method7330
ModelEngine-Group__fit-framework,UNSAT,InterfacePolicy,,Interface Class1691 contains non-abstract method Method7331
ModelEngine-Group__fit-framework,UNSAT,InterfacePolicy,,Interface Class1691 contains non-abstract method Method7332
ModelEngine-Group__fit-framework,UNSAT,InterfacePolicy,,Interface Class1691 contains non-abstract method Method7333
ModelEngine-Group__fit-framework,UNSAT,InterfacePolicy,,Interface Class1693 contains non-abstract method Method7344
ModelEngine-Group__fit-framework,UNSAT,InterfacePolicy,,Interface Class1693 contains non-abstract method Method7345
ModelEngine-Group__fit-framework,UNSAT,InterfacePolicy,,Interface Class1696 contains non-abstract method Method7351
ModelEngine-Group__fit-framework,UNSAT,InterfacePolicy,,Interface Class1698 contains non-abstract method Method7361
ModelEngine-Group__fit-framework,UNSAT,InterfacePolicy,,Interface Class1698 contains non-abstract method Method7362
ModelEngine-Group__fit-framework,UNSAT,InterfacePolicy,,Interface Class1698 contains non-abstract method Method7364
ModelEngine-Group__fit-framework,UNSAT,InterfacePolicy,,Interface Class1701 contains non-abstract method Method7372
ModelEngine-Group__fit-framework,UNSAT,InterfacePolicy,,Interface Class1702 contains non-abstract method Method7373
ModelEngine-Group__fit-framework,UNSAT,InterfacePolicy,,Interface Class1727 contains non-abstract method Method7443
ModelEngine-Group__fit-framework,UNSAT,InterfacePolicy,,Interface Class1727 contains non-abstract method Method7445
ModelEngine-Group__fit-framework,UNSAT,InterfacePolicy,,Interface Class1727 contains non-abstract method Method7447
ModelEngine-Group__fit-framework,UNSAT,InterfacePolicy,,Interface Class1727 contains non-abstract method Method7448
ModelEngine-Group__fit-framework,UNSAT,InterfacePolicy,,Interface Class1728 contains non-abstract method Method7449
ModelEngine-Group__fit-framework,UNSAT,InterfacePolicy,,Interface Class1728 contains non-abstract method Method7452
ModelEngine-Group__fit-framework,UNSAT,InterfacePolicy,,Interface Class1729 contains non-abstract method Method7456
ModelEngine-Group__fit-framework,UNSAT,InterfacePolicy,,Interface Class1729 contains non-abstract method Method7457
ModelEngine-Group__fit-framework,UNSAT,InterfacePolicy,,Interface Class1729 contains non-abstract method Method7458
ModelEngine-Group__fit-framework,UNSAT,InterfacePolicy,,Interface Class1729 contains non-abstract method Method7460
ModelEngine-Group__fit-framework,UNSAT,InterfacePolicy,,Interface Class1729 contains non-abstract method Method7461
ModelEngine-Group__fit-framework,UNSAT,InterfacePolicy,,Interface Class1729 contains non-abstract method Method7462
ModelEngine-Group__fit-framework,UNSAT,InterfacePolicy,,Interface Class1729 contains non-abstract method Method7463
ModelEngine-Group__fit-framework,UNSAT,InterfacePolicy,,Interface Class1729 contains non-abstract method Method7464
ModelEngine-Group__fit-framework,UNSAT,InterfacePolicy,,Interface Class1730 contains non-abstract method Method7467
ModelEngine-Group__fit-framework,UNSAT,InterfacePolicy,,Interface Class1730 contains non-abstract method Method7468
ModelEngine-Group__fit-framework,UNSAT,InterfacePolicy,,Interface Class1730 contains non-abstract method Method7469
ModelEngine-Group__fit-framework,UNSAT,InterfacePolicy,,Interface Class1730 contains non-abstract method Method7472
ModelEngine-Group__fit-framework,UNSAT,InterfacePolicy,,Interface Class1730 contains non-abstract method Method7477
ModelEngine-Group__fit-framework,UNSAT,InterfacePolicy,,Interface Class1730 contains non-abstract method Method7478
ModelEngine-Group__fit-framework,UNSAT,InterfacePolicy,,Interface Class1731 contains non-abstract method Method7481
ModelEngine-Group__fit-framework,UNSAT,InterfacePolicy,,Interface Class1731 contains non-abstract method Method7482
ModelEngine-Group__fit-framework,UNSAT,InterfacePolicy,,Interface Class1731 contains non-abstract method Method7483
ModelEngine-Group__fit-framework,UNSAT,InterfacePolicy,,Interface Class1731 contains non-abstract method Method7486
ModelEngine-Group__fit-framework,UNSAT,InterfacePolicy,,Interface Class1731 contains non-abstract method Method7490
ModelEngine-Group__fit-framework,UNSAT,InterfacePolicy,,Interface Class1731 contains non-abstract method Method7491
ModelEngine-Group__fit-framework,UNSAT,InterfacePolicy,,Interface Class1733 contains non-abstract method Method7493
ModelEngine-Group__fit-framework,UNSAT,InterfacePolicy,,Interface Class1733 contains non-abstract method Method7494
ModelEngine-Group__fit-framework,UNSAT,InterfacePolicy,,Interface Class1733 contains non-abstract method Method7500
ModelEngine-Group__fit-framework,UNSAT,InterfacePolicy,,Interface Class1733 contains non-abstract method Method7501
ModelEngine-Group__fit-framework,UNSAT,InterfacePolicy,,Interface Class1734 contains non-abstract method Method7502
ModelEngine-Group__fit-framework,UNSAT,InterfacePolicy,,Interface Class1734 contains non-abstract method Method7503
ModelEngine-Group__fit-framework,UNSAT,InterfacePolicy,,Interface Class1734 contains non-abstract method Method7504
ModelEngine-Group__fit-framework,UNSAT,InterfacePolicy,,Interface Class1734 contains non-abstract method Method7505
ModelEngine-Group__fit-framework,UNSAT,InterfacePolicy,,Interface Class1734 contains non-abstract method Method7509
ModelEngine-Group__fit-framework,UNSAT,InterfacePolicy,,Interface Class1779 contains non-abstract method Method7670
ModelEngine-Group__fit-framework,UNSAT,InterfacePolicy,,Interface Class1779 contains non-abstract method Method7671
ModelEngine-Group__fit-framework,UNSAT,InterfacePolicy,,Interface Class1779 contains non-abstract method Method7672
ModelEngine-Group__fit-framework,UNSAT,InterfacePolicy,,Interface Class1779 contains non-abstract method Method7673
ModelEngine-Group__fit-framework,UNSAT,InterfacePolicy,,Interface Class1779 contains non-abstract method Method7674
ModelEngine-Group__fit-framework,UNSAT,InterfacePolicy,,Interface Class1779 contains non-abstract method Method7675
ModelEngine-Group__fit-framework,UNSAT,InterfacePolicy,,Interface Class1779 contains non-abstract method Method7676
ModelEngine-Group__fit-framework,UNSAT,InterfacePolicy,,Interface Class1779 contains non-abstract method Method7677
ModelEngine-Group__fit-framework,UNSAT,InterfacePolicy,,Interface Class1792 contains non-abstract method Method7734
ModelEngine-Group__fit-framework,UNSAT,InterfacePolicy,,Interface Class1793 contains non-abstract method Method7737
ModelEngine-Group__fit-framework,UNSAT,InterfacePolicy,,Interface Class1796 contains non-abstract method Method7750
ModelEngine-Group__fit-framework,UNSAT,InterfacePolicy,,Interface Class1796 contains non-abstract method Method7751
ModelEngine-Group__fit-framework,UNSAT,InterfacePolicy,,Interface Class1798 contains non-abstract method Method7764
ModelEngine-Group__fit-framework,UNSAT,InterfacePolicy,,Interface Class1806 contains non-abstract method Method7781
ModelEngine-Group__fit-framework,UNSAT,InterfacePolicy,,Interface Class1807 contains non-abstract method Method7784
ModelEngine-Group__fit-framework,UNSAT,InterfacePolicy,,Interface Class1807 contains non-abstract method Method7785
ModelEngine-Group__fit-framework,UNSAT,InterfacePolicy,,Interface Class1807 contains non-abstract method Method7791
ModelEngine-Group__fit-framework,UNSAT,InterfacePolicy,,Interface Class1824 contains non-abstract method Method7851
ModelEngine-Group__fit-framework,UNSAT,InterfacePolicy,,Interface Class1824 contains non-abstract method Method7854
ModelEngine-Group__fit-framework,UNSAT,InterfacePolicy,,Interface Class1825 contains non-abstract method Method7856
ModelEngine-Group__fit-framework,UNSAT,InterfacePolicy,,Interface Class1825 contains non-abstract method Method7857
ModelEngine-Group__fit-framework,UNSAT,InterfacePolicy,,Interface Class1843 contains non-abstract method Method7914
ModelEngine-Group__fit-framework,UNSAT,InterfacePolicy,,Interface Class1843 contains non-abstract method Method7915
ModelEngine-Group__fit-framework,UNSAT,InterfacePolicy,,Interface Class1843 contains non-abstract method Method7917
ModelEngine-Group__fit-framework,UNSAT,InterfacePolicy,,Interface Class1843 contains non-abstract method Method7919
ModelEngine-Group__fit-framework,UNSAT,InterfacePolicy,,Interface Class1848 contains non-abstract method Method7988
ModelEngine-Group__fit-framework,UNSAT,InterfacePolicy,,Interface Class1848 contains non-abstract method Method7991
ModelEngine-Group__fit-framework,UNSAT,InterfacePolicy,,Interface Class1870 contains non-abstract method Method8145
ModelEngine-Group__fit-framework,UNSAT,InterfacePolicy,,Interface Class1883 contains non-abstract method Method8352
ModelEngine-Group__fit-framework,UNSAT,InterfacePolicy,,Interface Class1901 contains non-abstract method Method8452
ModelEngine-Group__fit-framework,UNSAT,InterfacePolicy,,Interface Class1904 contains non-abstract method Method8455
ModelEngine-Group__fit-framework,UNSAT,InterfacePolicy,,Interface Class1904 contains non-abstract method Method8456
ModelEngine-Group__fit-framework,UNSAT,InterfacePolicy,,Interface Class1904 contains non-abstract method Method8457
ModelEngine-Group__fit-framework,UNSAT,InterfacePolicy,,Interface Class1904 contains non-abstract method Method8458
ModelEngine-Group__fit-framework,UNSAT,InterfacePolicy,,Interface Class1904 contains non-abstract method Method8459
ModelEngine-Group__fit-framework,UNSAT,InterfacePolicy,,Interface Class1904 contains non-abstract method Method8460
ModelEngine-Group__fit-framework,UNSAT,InterfacePolicy,,Interface Class1904 contains non-abstract method Method8461
ModelEngine-Group__fit-framework,UNSAT,InterfacePolicy,,Interface Class1904 contains non-abstract method Method8462
ModelEngine-Group__fit-framework,UNSAT,InterfacePolicy,,Interface Class1904 contains non-abstract method Method8463
ModelEngine-Group__fit-framework,UNSAT,InterfacePolicy,,Interface Class1906 contains non-abstract method Method8469
ModelEngine-Group__fit-framework,UNSAT,InterfacePolicy,,Interface Class1909 contains non-abstract method Method8474
ModelEngine-Group__fit-framework,UNSAT,InterfacePolicy,,Interface Class1909 contains non-abstract method Method8475
ModelEngine-Group__fit-framework,UNSAT,InterfacePolicy,,Interface Class1909 contains non-abstract method Method8476
ModelEngine-Group__fit-framework,UNSAT,InterfacePolicy,,Interface Class1909 contains non-abstract method Method8477
ModelEngine-Group__fit-framework,UNSAT,InterfacePolicy,,Interface Class1909 contains non-abstract method Method8478
ModelEngine-Group__fit-framework,UNSAT,InterfacePolicy,,Interface Class1910 contains non-abstract method Method8480
ModelEngine-Group__fit-framework,UNSAT,InterfacePolicy,,Interface Class1928 contains non-abstract method Method8541
ModelEngine-Group__fit-framework,UNSAT,InterfacePolicy,,Interface Class1928 contains non-abstract method Method8542
ModelEngine-Group__fit-framework,UNSAT,InterfacePolicy,,Interface Class33 has field Field54
ModelEngine-Group__fit-framework,UNSAT,InterfacePolicy,,Interface Class33 has field Field55
ModelEngine-Group__fit-framework,UNSAT,InterfacePolicy,,Interface Class33 has field Field56
ModelEngine-Group__fit-framework,UNSAT,InterfacePolicy,,Interface Class33 has field Field57
ModelEngine-Group__fit-framework,UNSAT,InterfacePolicy,,Interface Class33 has field Field58
ModelEngine-Group__fit-framework,UNSAT,InterfacePolicy,,Interface Class181 has field Field263
ModelEngine-Group__fit-framework,UNSAT,InterfacePolicy,,Interface Class181 has field Field264
ModelEngine-Group__fit-framework,UNSAT,InterfacePolicy,,Interface Class181 has field Field265
ModelEngine-Group__fit-framework,UNSAT,InterfacePolicy,,Interface Class181 has field Field266
ModelEngine-Group__fit-framework,UNSAT,InterfacePolicy,,Interface Class188 has field Field274
ModelEngine-Group__fit-framework,UNSAT,InterfacePolicy,,Interface Class188 has field Field275
ModelEngine-Group__fit-framework,UNSAT,InterfacePolicy,,Interface Class188 has field Field276
ModelEngine-Group__fit-framework,UNSAT,InterfacePolicy,,Interface Class188 has field Field277
ModelEngine-Group__fit-framework,UNSAT,InterfacePolicy,,Interface Class188 has field Field278
ModelEngine-Group__fit-framework,UNSAT,InterfacePolicy,,Interface Class188 has field Field279
ModelEngine-Group__fit-framework,UNSAT,InterfacePolicy,,Interface Class188 has field Field280
ModelEngine-Group__fit-framework,UNSAT,InterfacePolicy,,Interface Class216 has field Field360
ModelEngine-Group__fit-framework,UNSAT,InterfacePolicy,,Interface Class225 has field Field366
ModelEngine-Group__fit-framework,UNSAT,InterfacePolicy,,Interface Class225 has field Field367
ModelEngine-Group__fit-framework,UNSAT,InterfacePolicy,,Interface Class225 has field Field368
ModelEngine-Group__fit-framework,UNSAT,InterfacePolicy,,Interface Class225 has field Field369
ModelEngine-Group__fit-framework,UNSAT,InterfacePolicy,,Interface Class225 has field Field370
ModelEngine-Group__fit-framework,UNSAT,InterfacePolicy,,Interface Class225 has field Field371
ModelEngine-Group__fit-framework,UNSAT,InterfacePolicy,,Interface Class225 has field Field372
ModelEngine-Group__fit-framework,UNSAT,InterfacePolicy,,Interface Class225 has field Field373
ModelEngine-Group__fit-framework,UNSAT,InterfacePolicy,,Interface Class225 has field Field374
ModelEngine-Group__fit-framework,UNSAT,InterfacePolicy,,Interface Class225 has field Field375
ModelEngine-Group__fit-framework,UNSAT,InterfacePolicy,,Interface Class225 has field Field376
ModelEngine-Group__fit-framework,UNSAT,InterfacePolicy,,Interface Class225 has field Field377
ModelEngine-Group__fit-framework,UNSAT,InterfacePolicy,,Interface Class225 has field Field378
ModelEngine-Group__fit-framework,UNSAT,InterfacePolicy,,Interface Class225 has field Field379
ModelEngine-Group__fit-framework,UNSAT,InterfacePolicy,,Interface Class225 has field Field380
ModelEngine-Group__fit-framework,UNSAT,InterfacePolicy,,Interface Class225 has field Field381
ModelEngine-Group__fit-framework,UNSAT,InterfacePolicy,,Interface Class225 has field Field382
ModelEngine-Group__fit-framework,UNSAT,InterfacePolicy,,Interface Class225 has field Field383
ModelEngine-Group__fit-framework,UNSAT,InterfacePolicy,,Interface Class225 has field Field384
ModelEngine-Group__fit-framework,UNSAT,InterfacePolicy,,Interface Class245 has field Field435
ModelEngine-Group__fit-framework,UNSAT,InterfacePolicy,,Interface Class245 has field Field436
ModelEngine-Group__fit-framework,UNSAT,InterfacePolicy,,Interface Class245 has field Field437
ModelEngine-Group__fit-framework,UNSAT,InterfacePolicy,,Interface Class245 has field Field438
ModelEngine-Group__fit-framework,UNSAT,InterfacePolicy,,Interface Class245 has field Field439
ModelEngine-Group__fit-framework,UNSAT,InterfacePolicy,,Interface Class245 has field Field440
ModelEngine-Group__fit-framework,UNSAT,InterfacePolicy,,Interface Class245 has field Field441
ModelEngine-Group__fit-framework,UNSAT,InterfacePolicy,,Interface Class245 has field Field442
ModelEngine-Group__fit-framework,UNSAT,InterfacePolicy,,Interface Class245 has field Field443
ModelEngine-Group__fit-framework,UNSAT,InterfacePolicy,,Interface Class245 has field Field444
ModelEngine-Group__fit-framework,UNSAT,InterfacePolicy,,Interface Class245 has field Field445
ModelEngine-Group__fit-framework,UNSAT,InterfacePolicy,,Interface Class245 has field Field446
ModelEngine-Group__fit-framework,UNSAT,InterfacePolicy,,Interface Class245 has field Field447
ModelEngine-Group__fit-framework,UNSAT,InterfacePolicy,,Interface Class245 has field Field448
ModelEngine-Group__fit-framework,UNSAT,InterfacePolicy,,Interface Class245 has field Field449
ModelEngine-Group__fit-framework,UNSAT,InterfacePolicy,,Interface Class245 has field Field450
ModelEngine-Group__fit-framework,UNSAT,InterfacePolicy,,Interface Class245 has field Field451
ModelEngine-Group__fit-framework,UNSAT,InterfacePolicy,,Interface Class245 has field Field452
ModelEngine-Group__fit-framework,UNSAT,InterfacePolicy,,Interface Class246 has field Field453
ModelEngine-Group__fit-framework,UNSAT,InterfacePolicy,,Interface Class246 has field Field454
ModelEngine-Group__fit-framework,UNSAT,InterfacePolicy,,Interface Class246 has field Field455
ModelEngine-Group__fit-framework,UNSAT,InterfacePolicy,,Interface Class246 has field Field456
ModelEngine-Group__fit-framework,UNSAT,InterfacePolicy,,Interface Class246 has field Field457
ModelEngine-Group__fit-framework,UNSAT,InterfacePolicy,,Interface Class246 has field Field458
ModelEngine-Group__fit-framework,UNSAT,InterfacePolicy,,Interface Class246 has field Field459
ModelEngine-Group__fit-framework,UNSAT,InterfacePolicy,,Interface Class246 has field Field460
ModelEngine-Group__fit-framework,UNSAT,InterfacePolicy,,Interface Class246 has field Field461
ModelEngine-Group__fit-framework,UNSAT,InterfacePolicy,,Interface Class246 has field Field462
ModelEngine-Group__fit-framework,UNSAT,InterfacePolicy,,Interface Class246 has field Field463
ModelEngine-Group__fit-framework,UNSAT,InterfacePolicy,,Interface Class246 has field Field464
ModelEngine-Group__fit-framework,UNSAT,InterfacePolicy,,Interface Class246 has field Field465
ModelEngine-Group__fit-framework,UNSAT,InterfacePolicy,,Interface Class246 has field Field466
ModelEngine-Group__fit-framework,UNSAT,InterfacePolicy,,Interface Class246 has field Field467
ModelEngine-Group__fit-framework,UNSAT,InterfacePolicy,,Interface Class246 has field Field468
ModelEngine-Group__fit-framework,UNSAT,InterfacePolicy,,Interface Class246 has field Field469
ModelEngine-Group__fit-framework,UNSAT,InterfacePolicy,,Interface Class246 has field Field470
ModelEngine-Group__fit-framework,UNSAT,InterfacePolicy,,Interface Class246 has field Field471
ModelEngine-Group__fit-framework,UNSAT,InterfacePolicy,,Interface Class246 has field Field472
ModelEngine-Group__fit-framework,UNSAT,InterfacePolicy,,Interface Class246 has field Field473
ModelEngine-Group__fit-framework,UNSAT,InterfacePolicy,,Interface Class246 has field Field474
ModelEngine-Group__fit-framework,UNSAT,InterfacePolicy,,Interface Class246 has field Field475
ModelEngine-Group__fit-framework,UNSAT,InterfacePolicy,,Interface Class246 has field Field476
ModelEngine-Group__fit-framework,UNSAT,InterfacePolicy,,Interface Class246 has field Field477
ModelEngine-Group__fit-framework,UNSAT,InterfacePolicy,,Interface Class246 has field Field478
ModelEngine-Group__fit-framework,UNSAT,InterfacePolicy,,Interface Class246 has field Field479
ModelEngine-Group__fit-framework,UNSAT,InterfacePolicy,,Interface Class246 has field Field480
ModelEngine-Group__fit-framework,UNSAT,InterfacePolicy,,Interface Class246 has field Field481
ModelEngine-Group__fit-framework,UNSAT,InterfacePolicy,,Interface Class246 has field Field482
ModelEngine-Group__fit-framework,UNSAT,InterfacePolicy,,Interface Class499 has field Field965
ModelEngine-Group__fit-framework,UNSAT,InterfacePolicy,,Interface Class499 has field Field966
ModelEngine-Group__fit-framework,UNSAT,InterfacePolicy,,Interface Class499 has field Field967
ModelEngine-Group__fit-framework,UNSAT,InterfacePolicy,,Interface Class499 has field Field968
ModelEngine-Group__fit-framework,UNSAT,InterfacePolicy,,Interface Class667 has field Field1622
ModelEngine-Group__fit-framework,UNSAT,InterfacePolicy,,Interface Class667 has field Field1623
ModelEngine-Group__fit-framework,UNSAT,InterfacePolicy,,Interface Class667 has field Field1624
ModelEngine-Group__fit-framework,UNSAT,InterfacePolicy,,Interface Class667 has field Field1625
ModelEngine-Group__fit-framework,UNSAT,InterfacePolicy,,Interface Class667 has field Field1626
ModelEngine-Group__fit-framework,UNSAT,InterfacePolicy,,Interface Class732 has field Field1980
ModelEngine-Group__fit-framework,UNSAT,InterfacePolicy,,Interface Class845 has field Field2194
ModelEngine-Group__fit-framework,UNSAT,InterfacePolicy,,Interface Class990 has field Field2370
ModelEngine-Group__fit-framework,UNSAT,InterfacePolicy,,Interface Class995 has field Field2371
ModelEngine-Group__fit-framework,UNSAT,InterfacePolicy,,Interface Class1121 has field Field2654
ModelEngine-Group__fit-framework,UNSAT,InterfacePolicy,,Interface Class1121 has field Field2655
ModelEngine-Group__fit-framework,UNSAT,InterfacePolicy,,Interface Class1461 has field Field3236
ModelEngine-Group__fit-framework,UNSAT,InterfacePolicy,,Interface Class1468 has field Field3251
ModelEngine-Group__fit-framework,UNSAT,InterfacePolicy,,Interface Class1497 has field Field3275
ModelEngine-Group__fit-framework,UNSAT,InterfacePolicy,,Interface Class1529 has field Field3330
ModelEngine-Group__fit-framework,UNSAT,InterfacePolicy,,Interface Class1586 has field Field3450
ModelEngine-Group__fit-framework,UNSAT,InterfacePolicy,,Interface Class1588 has field Field3451
ModelEngine-Group__fit-framework,UNSAT,InterfacePolicy,,Interface Class1590 has field Field3452
ModelEngine-Group__fit-framework,UNSAT,InterfacePolicy,,Interface Class1590 has field Field3453
ModelEngine-Group__fit-framework,UNSAT,InterfacePolicy,,Interface Class1590 has field Field3454
ModelEngine-Group__fit-framework,UNSAT,InterfacePolicy,,Interface Class1590 has field Field3455
ModelEngine-Group__fit-framework,UNSAT,InterfacePolicy,,Interface Class1620 has field Field3512
ModelEngine-Group__fit-framework,UNSAT,InterfacePolicy,,Interface Class1622 has field Field3513
ModelEngine-Group__fit-framework,UNSAT,InterfacePolicy,,Interface Class1622 has field Field3514
ModelEngine-Group__fit-framework,UNSAT,InterfacePolicy,,Interface Class1731 has field Field3729
ModelEngine-Group__fit-framework,UNSAT,InterfacePolicy,,Interface Class1807 has field Field3836
ModelEngine-Group__fit-framework,UNSAT,LocalMethodNamespace,,"Duplicate method name 'getHttpClient' in class Class32: Method51, Method52"
moquette-io__moquette,UNSAT,InterfacePolicy,,Interface Class93 has field Field399
moquette-io__moquette,UNSAT,LocalMethodNamespace,,"Duplicate method name 'retain' in class Class9: Method49, Method50"
mrniko__netty-socketio,UNSAT,LocalMethodNamespace,,"Duplicate method name 'sendAckData' in class Class2: Method5, Method6"
Muddz__StyleableToast,UNSAT,LocalMethodNamespace,,"Duplicate method name 'makeText' in class Class0: Method8, Method9"
mybatis-flex__mybatis-flex,UNSAT,IdentifierIntegrity,,"Duplicate name 'com.mybatisflex.test.mapper.AccountMapper' used by: Class555, Class556"
mybatis-flex__mybatis-flex,UNSAT,IdentifierIntegrity,,"Duplicate name 'com.mybatisflex.test.alias.UserVO' used by: Class523, Class524"
mybatis-flex__mybatis-flex,UNSAT,IdentifierIntegrity,,"Duplicate name 'com.mybatisflex.test.mapper.TbClassMapper' used by: Class570, Class571"
mybatis-flex__mybatis-flex,UNSAT,IdentifierIntegrity,,"Duplicate name 'com.mybatisflex.test.model.UserRole' used by: Class650, Class651"
mybatis-flex__mybatis-flex,UNSAT,IdentifierIntegrity,,"Duplicate name 'com.mybatisflex.test.model.UserOrder' used by: Class648, Class649"
mybatis-flex__mybatis-flex,UNSAT,IdentifierIntegrity,,"Duplicate name 'com.mybatisflex.test.model.UserVO1' used by: Class654, Class655"
mybatis-flex__mybatis-flex,UNSAT,IdentifierIntegrity,,"Duplicate name 'com.mybatisflex.test.model.UserVO2' used by: Class656, Class657"
mybatis-flex__mybatis-flex,UNSAT,IdentifierIntegrity,,"Duplicate name 'com.mybatisflex.test.model.UserVO3' used by: Class658, Class659"
mybatis-flex__mybatis-flex,UNSAT,IdentifierIntegrity,,"Duplicate name 'com.mybatisflex.test.model.UserVO4' used by: Class660, Class661"
mybatis-flex__mybatis-flex,UNSAT,IdentifierIntegrity,,"Duplicate name 'com.mybatisflex.test.model.AccountMissingListenerTestModel' used by: Class579, Class580"
mybatis-flex__mybatis-flex,UNSAT,IdentifierIntegrity,,"Duplicate name 'com.mybatisflex.test.service.AccountService' used by: Class669, Class670"
mybatis-flex__mybatis-flex,UNSAT,IdentifierIntegrity,,"Duplicate name 'com.mybatisflex.test.alias.RoleVO' used by: Class515, Class516"
mybatis-flex__mybatis-flex,UNSAT,IdentifierIntegrity,,"Duplicate name 'com.mybatisflex.test.model.IdEntity' used by: Class612, Class613"
mybatis-flex__mybatis-flex,UNSAT,IdentifierIntegrity,,"Duplicate name 'com.mybatisflex.test.model.Sex' used by: Class634, Class635"
mybatis-flex__mybatis-flex,UNSAT,IdentifierIntegrity,,"Duplicate name 'com.mybatisflex.test.listener.missingListenerFix.LogicDeleteInsertListenerFlag' used by: Class553, Class554"
mybatis-flex__mybatis-flex,UNSAT,IdentifierIntegrity,,"Duplicate name 'com.mybatisflex.test.model.Patient' used by: Class620, Class621"
mybatis-flex__mybatis-flex,UNSAT,IdentifierIntegrity,,"Duplicate name 'com.mybatisflex.test.model.BaseEntity' used by: Class592, Class593"
mybatis-flex__mybatis-flex,UNSAT,IdentifierIntegrity,,"Duplicate name 'com.mybatisflex.test.alias.BaseEntity' used by: Class511, Class512"
mybatis-flex__mybatis-flex,UNSAT,IdentifierIntegrity,,"Duplicate name 'com.mybatisflex.test.entity.Outer' used by: Class538, Class539"
mybatis-flex__mybatis-flex,UNSAT,IdentifierIntegrity,,"Duplicate name 'com.mybatisflex.test.model.TbClass' used by: Class638, Class639"
mybatis-flex__mybatis-flex,UNSAT,IdentifierIntegrity,,"Duplicate name 'com.mybatisflex.test.model.RoleKey' used by: Class626, Class627"
mybatis-flex__mybatis-flex,UNSAT,IdentifierIntegrity,,"Duplicate name 'com.mybatisflex.test.mapper.MyAccountMapper' used by: Class563, Class564"
mybatis-flex__mybatis-flex,UNSAT,IdentifierIntegrity,,"Duplicate name 'com.mybatisflex.test.model.User' used by: Class644, Class645"
mybatis-flex__mybatis-flex,UNSAT,IdentifierIntegrity,,"Duplicate name 'com.mybatisflex.test.model.Account' used by: Class574, Class575, Class576"
mybatis-flex__mybatis-flex,UNSAT,IdentifierIntegrity,,"Duplicate name 'com.mybatisflex.test.model.AccountDto' used by: Class577, Class578"
mybatis-flex__mybatis-flex,UNSAT,IdentifierIntegrity,,"Duplicate name 'com.mybatisflex.test.model.PatientVO1' used by: Class622, Class623"
mybatis-flex__mybatis-flex,UNSAT,IdentifierIntegrity,,"Duplicate name 'com.mybatisflex.test.alias.SysDept' used by: Class517, Class518"
mybatis-flex__mybatis-flex,UNSAT,IdentifierIntegrity,,"Duplicate name 'com.mybatisflex.test.model.BaseEnum' used by: Class594, Class595"
mybatis-flex__mybatis-flex,UNSAT,IdentifierIntegrity,,"Duplicate name 'com.mybatisflex.test.mapper.MyBaseMapper' used by: Class565, Class566"
mybatis-flex__mybatis-flex,UNSAT,IdentifierIntegrity,,"Duplicate name 'com.mybatisflex.test.model.AccountVO' used by: Class584, Class585"
mybatis-flex__mybatis-flex,UNSAT,IdentifierIntegrity,,"Duplicate name 'com.mybatisflex.test.DataSourceInitListener' used by: Class471, Class472"
mybatis-flex__mybatis-flex,UNSAT,IdentifierIntegrity,,"Duplicate name 'com.mybatisflex.test.model.UnmappedBaseEntity' used by: Class640, Class641"
mybatis-flex__mybatis-flex,UNSAT,IdentifierIntegrity,,"Duplicate name 'com.mybatisflex.test.model.EnumTypeHandler' used by: Class598, Class599"
mybatis-flex__mybatis-flex,UNSAT,IdentifierIntegrity,,"Duplicate name 'com.mybatisflex.test.listener.missingListenerFix.AccountAgeInsertListener' used by: Class543, Class544"
mybatis-flex__mybatis-flex,UNSAT,IdentifierIntegrity,,"Duplicate name 'com.mybatisflex.test.model.Role' used by: Class624, Class625"
mybatis-flex__mybatis-flex,UNSAT,IdentifierIntegrity,,"Duplicate name 'com.mybatisflex.test.model.IdCard' used by: Class610, Class611"
mybatis-flex__mybatis-flex,UNSAT,IdentifierIntegrity,,"Duplicate name 'com.mybatisflex.test.model.AccountView' used by: Class588, Class589"
mybatis-flex__mybatis-flex,UNSAT,IdentifierIntegrity,,"Duplicate name 'com.mybatisflex.test.model.Good' used by: Class606, Class607"
mybatis-flex__mybatis-flex,UNSAT,IdentifierIntegrity,,"Duplicate name 'com.mybatisflex.test.model.OrderInfo' used by: Class618, Class619"
mybatis-flex__mybatis-flex,UNSAT,IdentifierIntegrity,,"Duplicate name 'com.mybatisflex.test.MyConfigurationCustomizer' used by: Class494, Class495"
mybatis-flex__mybatis-flex,UNSAT,IdentifierIntegrity,,"Duplicate name 'com.mybatisflex.test.model.UserVO' used by: Class652, Class653"
mybatis-flex__mybatis-flex,UNSAT,IdentifierIntegrity,,"Duplicate name 'com.mybatisflex.test.model.OrderGood' used by: Class616, Class617"
mybatis-flex__mybatis-flex,UNSAT,IdentifierIntegrity,,"Duplicate name 'com.mybatisflex.test.model.FieldMapping' used by: Class600, Class601"
mybatis-flex__mybatis-flex,UNSAT,IdentifierIntegrity,,"Duplicate name 'com.mybatisflex.test.entity.TestEntity' used by: Class541, Class542"
mybatis-flex__mybatis-flex,UNSAT,IdentifierIntegrity,,"Duplicate name 'com.mybatisflex.test.model.RoleVO3' used by: Class632, Class633"
mybatis-flex__mybatis-flex,UNSAT,IdentifierIntegrity,,"Duplicate name 'com.mybatisflex.test.model.RoleVO1' used by: Class628, Class629"
mybatis-flex__mybatis-flex,UNSAT,IdentifierIntegrity,,"Duplicate name 'com.mybatisflex.test.alias.DeptVO' used by: Class513, Class514"
mybatis-flex__mybatis-flex,UNSAT,IdentifierIntegrity,,"Duplicate name 'com.mybatisflex.test.model.RoleVO2' used by: Class630, Class631"
mybatis-flex__mybatis-flex,UNSAT,IdentifierIntegrity,,"Duplicate name 'com.mybatisflex.test.listener.missingListenerFix.AccountTableAnnoInsertListener' used by: Class547, Class548"
mybatis-flex__mybatis-flex,UNSAT,IdentifierIntegrity,,"Duplicate name 'com.mybatisflex.test.listener.missingListenerFix.AccountAgeInsertListenerFlag' used by: Class545, Class546"
mybatis-flex__mybatis-flex,UNSAT,IdentifierIntegrity,,"Duplicate name 'com.mybatisflex.test.alias.SysUser' used by: Class521, Class522"
mybatis-flex__mybatis-flex,UNSAT,IdentifierIntegrity,,"Duplicate name 'com.mybatisflex.test.service.ArticleService' used by: Class671, Class672"
mybatis-flex__mybatis-flex,UNSAT,IdentifierIntegrity,,"Duplicate name 'com.mybatisflex.test.controller.AccountController' used by: Class528, Class529, Class530"
mybatis-flex__mybatis-flex,UNSAT,IdentifierIntegrity,,"Duplicate name 'com.mybatisflex.test.model.Order' used by: Class614, Class615"
mybatis-flex__mybatis-flex,UNSAT,IdentifierIntegrity,,"Duplicate name 'com.mybatisflex.test.listener.missingListenerFix.LogicDeleteInsertListener' used by: Class551, Class552"
mybatis-flex__mybatis-flex,UNSAT,IdentifierIntegrity,,"Duplicate name 'com.mybatisflex.test.model.AccountVO2' used by: Class586, Class587"
mybatis-flex__mybatis-flex,UNSAT,IdentifierIntegrity,,"Duplicate name 'com.mybatisflex.test.model.Disease' used by: Class596, Class597"
mybatis-flex__mybatis-flex,UNSAT,IdentifierIntegrity,,"Duplicate name 'com.mybatisflex.test.listener.missingListenerFix.BaseLogicDelete' used by: Class549, Class550"
mybatis-flex__mybatis-flex,UNSAT,IdentifierIntegrity,,"Duplicate name 'com.mybatisflex.test.model.AccountOnSetListener' used by: Class581, Class582, Class583"
mybatis-flex__mybatis-flex,UNSAT,IdentifierIntegrity,,"Duplicate name 'com.mybatisflex.test.model.Gender' used by: Class604, Class605"
mybatis-flex__mybatis-flex,UNSAT,IdentifierIntegrity,,"Duplicate name 'com.mybatisflex.test.model.Article' used by: Class590, Class591"
mybatis-flex__mybatis-flex,UNSAT,IdentifierIntegrity,,"Duplicate name 'com.mybatisflex.test.model.UnmappedUser' used by: Class642, Class643"
mybatis-flex__mybatis-flex,UNSAT,IdentifierIntegrity,,"Duplicate name 'com.mybatisflex.test.service.impl.ArticleServiceImpl' used by: Class674, Class675"
mybatis-flex__mybatis-flex,UNSAT,IdentifierIntegrity,,"Duplicate name 'com.mybatisflex.test.model.GoodOnSetListener' used by: Class608, Class609"
mybatis-flex__mybatis-flex,UNSAT,IdentifierIntegrity,,"Duplicate name 'com.mybatisflex.test.alias.SysRole' used by: Class519, Class520"
mybatis-flex__mybatis-flex,UNSAT,IdentifierIntegrity,,"Duplicate name 'com.mybatisflex.test.model.Tag' used by: Class636, Class637"
mybatis-flex__mybatis-flex,UNSAT,IdentifierIntegrity,,"Duplicate name 'com.mybatisflex.test.unmapped.MyUnMappedColumnHandler' used by: Class676, Class677"
mybatis-flex__mybatis-flex,UNSAT,IdentifierIntegrity,,"Duplicate name 'com.mybatisflex.test.model.UserInfo' used by: Class646, Class647"
mybatis-flex__mybatis-flex,UNSAT,IdentifierIntegrity,,"Duplicate name 'com.mybatisflex.test.model.FieldMappingInner' used by: Class602, Class603"
mybatis-flex__mybatis-flex,UNSAT,IdentifierIntegrity,,"Duplicate name 'com.mybatisflex.test.entity.Inner' used by: Class535, Class536"
mybatis-flex__mybatis-flex,UNSAT,InterfacePolicy,,Interface Class9 contains non-abstract method Method24
mybatis-flex__mybatis-flex,UNSAT,InterfacePolicy,,Interface Class9 contains non-abstract method Method25
mybatis-flex__mybatis-flex,UNSAT,InterfacePolicy,,Interface Class60 contains non-abstract method Method722
mybatis-flex__mybatis-flex,UNSAT,InterfacePolicy,,Interface Class60 contains non-abstract method Method724
mybatis-flex__mybatis-flex,UNSAT,InterfacePolicy,,Interface Class60 contains non-abstract method Method725
mybatis-flex__mybatis-flex,UNSAT,InterfacePolicy,,Interface Class60 contains non-abstract method Method727
mybatis-flex__mybatis-flex,UNSAT,InterfacePolicy,,Interface Class60 contains non-abstract method Method729
mybatis-flex__mybatis-flex,UNSAT,InterfacePolicy,,Interface Class60 contains non-abstract method Method732
mybatis-flex__mybatis-flex,UNSAT,InterfacePolicy,,Interface Class60 contains non-abstract method Method733
mybatis-flex__mybatis-flex,UNSAT,InterfacePolicy,,Interface Class60 contains non-abstract method Method734
mybatis-flex__mybatis-flex,UNSAT,InterfacePolicy,,Interface Class60 contains non-abstract method Method735
mybatis-flex__mybatis-flex,UNSAT,InterfacePolicy,,Interface Class60 contains non-abstract method Method736
mybatis-flex__mybatis-flex,UNSAT,InterfacePolicy,,Interface Class60 contains non-abstract method Method737
mybatis-flex__mybatis-flex,UNSAT,InterfacePolicy,,Interface Class60 contains non-abstract method Method738
mybatis-flex__mybatis-flex,UNSAT,InterfacePolicy,,Interface Class60 contains non-abstract method Method739
mybatis-flex__mybatis-flex,UNSAT,InterfacePolicy,,Interface Class60 contains non-abstract method Method740
mybatis-flex__mybatis-flex,UNSAT,InterfacePolicy,,Interface Class60 contains non-abstract method Method742
mybatis-flex__mybatis-flex,UNSAT,InterfacePolicy,,Interface Class60 contains non-abstract method Method743
mybatis-flex__mybatis-flex,UNSAT,InterfacePolicy,,Interface Class60 contains non-abstract method Method744
mybatis-flex__mybatis-flex,UNSAT,InterfacePolicy,,Interface Class60 contains non-abstract method Method745
mybatis-flex__mybatis-flex,UNSAT,InterfacePolicy,,Interface Class60 contains non-abstract method Method746
mybatis-flex__mybatis-flex,UNSAT,InterfacePolicy,,Interface Class60 contains non-abstract method Method747
mybatis-flex__mybatis-flex,UNSAT,InterfacePolicy,,Interface Class60 contains non-abstract method Method748
mybatis-flex__mybatis-flex,UNSAT,InterfacePolicy,,Interface Class60 contains non-abstract method Method749
mybatis-flex__mybatis-flex,UNSAT,InterfacePolicy,,Interface Class60 contains non-abstract method Method750
mybatis-flex__mybatis-flex,UNSAT,InterfacePolicy,,Interface Class60 contains non-abstract method Method751
mybatis-flex__mybatis-flex,UNSAT,InterfacePolicy,,Interface Class60 contains non-abstract method Method752
mybatis-flex__mybatis-flex,UNSAT,InterfacePolicy,,Interface Class60 contains non-abstract method Method753
mybatis-flex__mybatis-flex,UNSAT,InterfacePolicy,,Interface Class60 contains non-abstract method Method754
mybatis-flex__mybatis-flex,UNSAT,InterfacePolicy,,Interface Class60 contains non-abstract method Method755
mybatis-flex__mybatis-flex,UNSAT,InterfacePolicy,,Interface Class60 contains non-abstract method Method756
mybatis-flex__mybatis-flex,UNSAT,InterfacePolicy,,Interface Class60 contains non-abstract method Method757
mybatis-flex__mybatis-flex,UNSAT,InterfacePolicy,,Interface Class60 contains non-abstract method Method758
mybatis-flex__mybatis-flex,UNSAT,InterfacePolicy,,Interface Class60 contains non-abstract method Method759
mybatis-flex__mybatis-flex,UNSAT,InterfacePolicy,,Interface Class60 contains non-abstract method Method760
mybatis-flex__mybatis-flex,UNSAT,InterfacePolicy,,Interface Class60 contains non-abstract method Method761
mybatis-flex__mybatis-flex,UNSAT,InterfacePolicy,,Interface Class60 contains non-abstract method Method762
mybatis-flex__mybatis-flex,UNSAT,InterfacePolicy,,Interface Class60 contains non-abstract method Method763
mybatis-flex__mybatis-flex,UNSAT,InterfacePolicy,,Interface Class60 contains non-abstract method Method764
mybatis-flex__mybatis-flex,UNSAT,InterfacePolicy,,Interface Class60 contains non-abstract method Method765
mybatis-flex__mybatis-flex,UNSAT,InterfacePolicy,,Interface Class60 contains non-abstract method Method767
mybatis-flex__mybatis-flex,UNSAT,InterfacePolicy,,Interface Class60 contains non-abstract method Method768
mybatis-flex__mybatis-flex,UNSAT,InterfacePolicy,,Interface Class60 contains non-abstract method Method769
mybatis-flex__mybatis-flex,UNSAT,InterfacePolicy,,Interface Class60 contains non-abstract method Method771
mybatis-flex__mybatis-flex,UNSAT,InterfacePolicy,,Interface Class60 contains non-abstract method Method772
mybatis-flex__mybatis-flex,UNSAT,InterfacePolicy,,Interface Class60 contains non-abstract method Method774
mybatis-flex__mybatis-flex,UNSAT,InterfacePolicy,,Interface Class60 contains non-abstract method Method775
mybatis-flex__mybatis-flex,UNSAT,InterfacePolicy,,Interface Class60 contains non-abstract method Method776
mybatis-flex__mybatis-flex,UNSAT,InterfacePolicy,,Interface Class60 contains non-abstract method Method777
mybatis-flex__mybatis-flex,UNSAT,InterfacePolicy,,Interface Class60 contains non-abstract method Method778
mybatis-flex__mybatis-flex,UNSAT,InterfacePolicy,,Interface Class60 contains non-abstract method Method779
mybatis-flex__mybatis-flex,UNSAT,InterfacePolicy,,Interface Class60 contains non-abstract method Method780
mybatis-flex__mybatis-flex,UNSAT,InterfacePolicy,,Interface Class60 contains non-abstract method Method781
mybatis-flex__mybatis-flex,UNSAT,InterfacePolicy,,Interface Class60 contains non-abstract method Method783
mybatis-flex__mybatis-flex,UNSAT,InterfacePolicy,,Interface Class60 contains non-abstract method Method784
mybatis-flex__mybatis-flex,UNSAT,InterfacePolicy,,Interface Class60 contains non-abstract method Method785
mybatis-flex__mybatis-flex,UNSAT,InterfacePolicy,,Interface Class60 contains non-abstract method Method787
mybatis-flex__mybatis-flex,UNSAT,InterfacePolicy,,Interface Class60 contains non-abstract method Method788
mybatis-flex__mybatis-flex,UNSAT,InterfacePolicy,,Interface Class60 contains non-abstract method Method789
mybatis-flex__mybatis-flex,UNSAT,InterfacePolicy,,Interface Class60 contains non-abstract method Method790
mybatis-flex__mybatis-flex,UNSAT,InterfacePolicy,,Interface Class60 contains non-abstract method Method791
mybatis-flex__mybatis-flex,UNSAT,InterfacePolicy,,Interface Class60 contains non-abstract method Method792
mybatis-flex__mybatis-flex,UNSAT,InterfacePolicy,,Interface Class60 contains non-abstract method Method793
mybatis-flex__mybatis-flex,UNSAT,InterfacePolicy,,Interface Class60 contains non-abstract method Method794
mybatis-flex__mybatis-flex,UNSAT,InterfacePolicy,,Interface Class60 contains non-abstract method Method795
mybatis-flex__mybatis-flex,UNSAT,InterfacePolicy,,Interface Class60 contains non-abstract method Method797
mybatis-flex__mybatis-flex,UNSAT,InterfacePolicy,,Interface Class60 contains non-abstract method Method799
mybatis-flex__mybatis-flex,UNSAT,InterfacePolicy,,Interface Class60 contains non-abstract method Method800
mybatis-flex__mybatis-flex,UNSAT,InterfacePolicy,,Interface Class60 contains non-abstract method Method801
mybatis-flex__mybatis-flex,UNSAT,InterfacePolicy,,Interface Class60 contains non-abstract method Method802
mybatis-flex__mybatis-flex,UNSAT,InterfacePolicy,,Interface Class60 contains non-abstract method Method804
mybatis-flex__mybatis-flex,UNSAT,InterfacePolicy,,Interface Class60 contains non-abstract method Method805
mybatis-flex__mybatis-flex,UNSAT,InterfacePolicy,,Interface Class60 contains non-abstract method Method806
mybatis-flex__mybatis-flex,UNSAT,InterfacePolicy,,Interface Class60 contains non-abstract method Method807
mybatis-flex__mybatis-flex,UNSAT,InterfacePolicy,,Interface Class60 contains non-abstract method Method808
mybatis-flex__mybatis-flex,UNSAT,InterfacePolicy,,Interface Class64 contains non-abstract method Method882
mybatis-flex__mybatis-flex,UNSAT,InterfacePolicy,,Interface Class64 contains non-abstract method Method883
mybatis-flex__mybatis-flex,UNSAT,InterfacePolicy,,Interface Class64 contains non-abstract method Method884
mybatis-flex__mybatis-flex,UNSAT,InterfacePolicy,,Interface Class64 contains non-abstract method Method885
mybatis-flex__mybatis-flex,UNSAT,InterfacePolicy,,Interface Class64 contains non-abstract method Method886
mybatis-flex__mybatis-flex,UNSAT,InterfacePolicy,,Interface Class64 contains non-abstract method Method887
mybatis-flex__mybatis-flex,UNSAT,InterfacePolicy,,Interface Class64 contains non-abstract method Method888
mybatis-flex__mybatis-flex,UNSAT,InterfacePolicy,,Interface Class64 contains non-abstract method Method889
mybatis-flex__mybatis-flex,UNSAT,InterfacePolicy,,Interface Class64 contains non-abstract method Method890
mybatis-flex__mybatis-flex,UNSAT,InterfacePolicy,,Interface Class64 contains non-abstract method Method891
mybatis-flex__mybatis-flex,UNSAT,InterfacePolicy,,Interface Class64 contains non-abstract method Method892
mybatis-flex__mybatis-flex,UNSAT,InterfacePolicy,,Interface Class64 contains non-abstract method Method893
mybatis-flex__mybatis-flex,UNSAT,InterfacePolicy,,Interface Class64 contains non-abstract method Method894
mybatis-flex__mybatis-flex,UNSAT,InterfacePolicy,,Interface Class64 contains non-abstract method Method895
mybatis-flex__mybatis-flex,UNSAT,InterfacePolicy,,Interface Class64 contains non-abstract method Method896
mybatis-flex__mybatis-flex,UNSAT,InterfacePolicy,,Interface Class64 contains non-abstract method Method897
mybatis-flex__mybatis-flex,UNSAT,InterfacePolicy,,Interface Class64 contains non-abstract method Method898
mybatis-flex__mybatis-flex,UNSAT,InterfacePolicy,,Interface Class64 contains non-abstract method Method899
mybatis-flex__mybatis-flex,UNSAT,InterfacePolicy,,Interface Class107 contains non-abstract method Method1290
mybatis-flex__mybatis-flex,UNSAT,InterfacePolicy,,Interface Class107 contains non-abstract method Method1313
mybatis-flex__mybatis-flex,UNSAT,InterfacePolicy,,Interface Class107 contains non-abstract method Method1314
mybatis-flex__mybatis-flex,UNSAT,InterfacePolicy,,Interface Class107 contains non-abstract method Method1315
mybatis-flex__mybatis-flex,UNSAT,InterfacePolicy,,Interface Class107 contains non-abstract method Method1316
mybatis-flex__mybatis-flex,UNSAT,InterfacePolicy,,Interface Class107 contains non-abstract method Method1317
mybatis-flex__mybatis-flex,UNSAT,InterfacePolicy,,Interface Class182 contains non-abstract method Method1705
mybatis-flex__mybatis-flex,UNSAT,InterfacePolicy,,Interface Class200 contains non-abstract method Method1934
mybatis-flex__mybatis-flex,UNSAT,InterfacePolicy,,Interface Class200 contains non-abstract method Method1935
mybatis-flex__mybatis-flex,UNSAT,InterfacePolicy,,Interface Class202 contains non-abstract method Method1968
mybatis-flex__mybatis-flex,UNSAT,InterfacePolicy,,Interface Class202 contains non-abstract method Method1970
mybatis-flex__mybatis-flex,UNSAT,InterfacePolicy,,Interface Class202 contains non-abstract method Method1971
mybatis-flex__mybatis-flex,UNSAT,InterfacePolicy,,Interface Class202 contains non-abstract method Method1973
mybatis-flex__mybatis-flex,UNSAT,InterfacePolicy,,Interface Class211 contains non-abstract method Method2083
mybatis-flex__mybatis-flex,UNSAT,InterfacePolicy,,Interface Class211 contains non-abstract method Method2084
mybatis-flex__mybatis-flex,UNSAT,InterfacePolicy,,Interface Class211 contains non-abstract method Method2085
mybatis-flex__mybatis-flex,UNSAT,InterfacePolicy,,Interface Class211 contains non-abstract method Method2086
mybatis-flex__mybatis-flex,UNSAT,InterfacePolicy,,Interface Class211 contains non-abstract method Method2087
mybatis-flex__mybatis-flex,UNSAT,InterfacePolicy,,Interface Class211 contains non-abstract method Method2088
mybatis-flex__mybatis-flex,UNSAT,InterfacePolicy,,Interface Class211 contains non-abstract method Method2089
mybatis-flex__mybatis-flex,UNSAT,InterfacePolicy,,Interface Class211 contains non-abstract method Method2090
mybatis-flex__mybatis-flex,UNSAT,InterfacePolicy,,Interface Class211 contains non-abstract method Method2091
mybatis-flex__mybatis-flex,UNSAT,InterfacePolicy,,Interface Class211 contains non-abstract method Method2092
mybatis-flex__mybatis-flex,UNSAT,InterfacePolicy,,Interface Class211 contains non-abstract method Method2093
mybatis-flex__mybatis-flex,UNSAT,InterfacePolicy,,Interface Class211 contains non-abstract method Method2094
mybatis-flex__mybatis-flex,UNSAT,InterfacePolicy,,Interface Class211 contains non-abstract method Method2095
mybatis-flex__mybatis-flex,UNSAT,InterfacePolicy,,Interface Class211 contains non-abstract method Method2096
mybatis-flex__mybatis-flex,UNSAT,InterfacePolicy,,Interface Class211 contains non-abstract method Method2098
mybatis-flex__mybatis-flex,UNSAT,InterfacePolicy,,Interface Class211 contains non-abstract method Method2099
mybatis-flex__mybatis-flex,UNSAT,InterfacePolicy,,Interface Class211 contains non-abstract method Method2100
mybatis-flex__mybatis-flex,UNSAT,InterfacePolicy,,Interface Class260 contains non-abstract method Method3739
mybatis-flex__mybatis-flex,UNSAT,InterfacePolicy,,Interface Class260 contains non-abstract method Method3746
mybatis-flex__mybatis-flex,UNSAT,InterfacePolicy,,Interface Class260 contains non-abstract method Method3747
mybatis-flex__mybatis-flex,UNSAT,InterfacePolicy,,Interface Class260 contains non-abstract method Method3748
mybatis-flex__mybatis-flex,UNSAT,InterfacePolicy,,Interface Class260 contains non-abstract method Method3749
mybatis-flex__mybatis-flex,UNSAT,InterfacePolicy,,Interface Class260 contains non-abstract method Method3755
mybatis-flex__mybatis-flex,UNSAT,InterfacePolicy,,Interface Class260 contains non-abstract method Method3758
mybatis-flex__mybatis-flex,UNSAT,InterfacePolicy,,Interface Class260 contains non-abstract method Method3760
mybatis-flex__mybatis-flex,UNSAT,InterfacePolicy,,Interface Class260 contains non-abstract method Method3761
mybatis-flex__mybatis-flex,UNSAT,InterfacePolicy,,Interface Class263 contains non-abstract method Method3813
mybatis-flex__mybatis-flex,UNSAT,InterfacePolicy,,Interface Class263 contains non-abstract method Method3814
mybatis-flex__mybatis-flex,UNSAT,InterfacePolicy,,Interface Class263 contains non-abstract method Method3815
mybatis-flex__mybatis-flex,UNSAT,InterfacePolicy,,Interface Class263 contains non-abstract method Method3816
mybatis-flex__mybatis-flex,UNSAT,InterfacePolicy,,Interface Class263 contains non-abstract method Method3817
mybatis-flex__mybatis-flex,UNSAT,InterfacePolicy,,Interface Class263 contains non-abstract method Method3818
mybatis-flex__mybatis-flex,UNSAT,InterfacePolicy,,Interface Class263 contains non-abstract method Method3819
mybatis-flex__mybatis-flex,UNSAT,InterfacePolicy,,Interface Class263 contains non-abstract method Method3820
mybatis-flex__mybatis-flex,UNSAT,InterfacePolicy,,Interface Class263 contains non-abstract method Method3822
mybatis-flex__mybatis-flex,UNSAT,InterfacePolicy,,Interface Class263 contains non-abstract method Method3823
mybatis-flex__mybatis-flex,UNSAT,InterfacePolicy,,Interface Class263 contains non-abstract method Method3824
mybatis-flex__mybatis-flex,UNSAT,InterfacePolicy,,Interface Class263 contains non-abstract method Method3825
mybatis-flex__mybatis-flex,UNSAT,InterfacePolicy,,Interface Class263 contains non-abstract method Method3826
mybatis-flex__mybatis-flex,UNSAT,InterfacePolicy,,Interface Class263 contains non-abstract method Method3827
mybatis-flex__mybatis-flex,UNSAT,InterfacePolicy,,Interface Class263 contains non-abstract method Method3828
mybatis-flex__mybatis-flex,UNSAT,InterfacePolicy,,Interface Class263 contains non-abstract method Method3829
mybatis-flex__mybatis-flex,UNSAT,InterfacePolicy,,Interface Class263 contains non-abstract method Method3830
mybatis-flex__mybatis-flex,UNSAT,InterfacePolicy,,Interface Class263 contains non-abstract method Method3831
mybatis-flex__mybatis-flex,UNSAT,InterfacePolicy,,Interface Class263 contains non-abstract method Method3832
mybatis-flex__mybatis-flex,UNSAT,InterfacePolicy,,Interface Class263 contains non-abstract method Method3833
mybatis-flex__mybatis-flex,UNSAT,InterfacePolicy,,Interface Class263 contains non-abstract method Method3834
mybatis-flex__mybatis-flex,UNSAT,InterfacePolicy,,Interface Class263 contains non-abstract method Method3835
mybatis-flex__mybatis-flex,UNSAT,InterfacePolicy,,Interface Class263 contains non-abstract method Method3836
mybatis-flex__mybatis-flex,UNSAT,InterfacePolicy,,Interface Class263 contains non-abstract method Method3837
mybatis-flex__mybatis-flex,UNSAT,InterfacePolicy,,Interface Class263 contains non-abstract method Method3838
mybatis-flex__mybatis-flex,UNSAT,InterfacePolicy,,Interface Class263 contains non-abstract method Method3839
mybatis-flex__mybatis-flex,UNSAT,InterfacePolicy,,Interface Class263 contains non-abstract method Method3840
mybatis-flex__mybatis-flex,UNSAT,InterfacePolicy,,Interface Class263 contains non-abstract method Method3841
mybatis-flex__mybatis-flex,UNSAT,InterfacePolicy,,Interface Class263 contains non-abstract method Method3842
mybatis-flex__mybatis-flex,UNSAT,InterfacePolicy,,Interface Class263 contains non-abstract method Method3843
mybatis-flex__mybatis-flex,UNSAT,InterfacePolicy,,Interface Class263 contains non-abstract method Method3844
mybatis-flex__mybatis-flex,UNSAT,InterfacePolicy,,Interface Class263 contains non-abstract method Method3845
mybatis-flex__mybatis-flex,UNSAT,InterfacePolicy,,Interface Class263 contains non-abstract method Method3846
mybatis-flex__mybatis-flex,UNSAT,InterfacePolicy,,Interface Class263 contains non-abstract method Method3847
mybatis-flex__mybatis-flex,UNSAT,InterfacePolicy,,Interface Class263 contains non-abstract method Method3848
mybatis-flex__mybatis-flex,UNSAT,InterfacePolicy,,Interface Class263 contains non-abstract method Method3849
mybatis-flex__mybatis-flex,UNSAT,InterfacePolicy,,Interface Class263 contains non-abstract method Method3850
mybatis-flex__mybatis-flex,UNSAT,InterfacePolicy,,Interface Class263 contains non-abstract method Method3851
mybatis-flex__mybatis-flex,UNSAT,InterfacePolicy,,Interface Class263 contains non-abstract method Method3852
mybatis-flex__mybatis-flex,UNSAT,InterfacePolicy,,Interface Class263 contains non-abstract method Method3853
mybatis-flex__mybatis-flex,UNSAT,InterfacePolicy,,Interface Class263 contains non-abstract method Method3854
mybatis-flex__mybatis-flex,UNSAT,InterfacePolicy,,Interface Class263 contains non-abstract method Method3855
mybatis-flex__mybatis-flex,UNSAT,InterfacePolicy,,Interface Class263 contains non-abstract method Method3856
mybatis-flex__mybatis-flex,UNSAT,InterfacePolicy,,Interface Class263 contains non-abstract method Method3857
mybatis-flex__mybatis-flex,UNSAT,InterfacePolicy,,Interface Class263 contains non-abstract method Method3858
mybatis-flex__mybatis-flex,UNSAT,InterfacePolicy,,Interface Class263 contains non-abstract method Method3859
mybatis-flex__mybatis-flex,UNSAT,InterfacePolicy,,Interface Class263 contains non-abstract method Method3860
mybatis-flex__mybatis-flex,UNSAT,InterfacePolicy,,Interface Class263 contains non-abstract method Method3861
mybatis-flex__mybatis-flex,UNSAT,InterfacePolicy,,Interface Class263 contains non-abstract method Method3862
mybatis-flex__mybatis-flex,UNSAT,InterfacePolicy,,Interface Class263 contains non-abstract method Method3863
mybatis-flex__mybatis-flex,UNSAT,InterfacePolicy,,Interface Class263 contains non-abstract method Method3864
mybatis-flex__mybatis-flex,UNSAT,InterfacePolicy,,Interface Class263 contains non-abstract method Method3865
mybatis-flex__mybatis-flex,UNSAT,InterfacePolicy,,Interface Class263 contains non-abstract method Method3866
mybatis-flex__mybatis-flex,UNSAT,InterfacePolicy,,Interface Class263 contains non-abstract method Method3867
mybatis-flex__mybatis-flex,UNSAT,InterfacePolicy,,Interface Class263 contains non-abstract method Method3868
mybatis-flex__mybatis-flex,UNSAT,InterfacePolicy,,Interface Class267 contains non-abstract method Method3895
mybatis-flex__mybatis-flex,UNSAT,InterfacePolicy,,Interface Class274 contains non-abstract method Method4035
mybatis-flex__mybatis-flex,UNSAT,InterfacePolicy,,Interface Class283 contains non-abstract method Method4064
mybatis-flex__mybatis-flex,UNSAT,InterfacePolicy,,Interface Class283 contains non-abstract method Method4066
mybatis-flex__mybatis-flex,UNSAT,InterfacePolicy,,Interface Class283 contains non-abstract method Method4067
mybatis-flex__mybatis-flex,UNSAT,InterfacePolicy,,Interface Class283 contains non-abstract method Method4068
mybatis-flex__mybatis-flex,UNSAT,InterfacePolicy,,Interface Class283 contains non-abstract method Method4070
mybatis-flex__mybatis-flex,UNSAT,InterfacePolicy,,Interface Class283 contains non-abstract method Method4071
mybatis-flex__mybatis-flex,UNSAT,InterfacePolicy,,Interface Class283 contains non-abstract method Method4072
mybatis-flex__mybatis-flex,UNSAT,InterfacePolicy,,Interface Class283 contains non-abstract method Method4074
mybatis-flex__mybatis-flex,UNSAT,InterfacePolicy,,Interface Class283 contains non-abstract method Method4075
mybatis-flex__mybatis-flex,UNSAT,InterfacePolicy,,Interface Class283 contains non-abstract method Method4076
mybatis-flex__mybatis-flex,UNSAT,InterfacePolicy,,Interface Class283 contains non-abstract method Method4078
mybatis-flex__mybatis-flex,UNSAT,InterfacePolicy,,Interface Class283 contains non-abstract method Method4079
mybatis-flex__mybatis-flex,UNSAT,InterfacePolicy,,Interface Class283 contains non-abstract method Method4080
mybatis-flex__mybatis-flex,UNSAT,InterfacePolicy,,Interface Class283 contains non-abstract method Method4082
mybatis-flex__mybatis-flex,UNSAT,InterfacePolicy,,Interface Class283 contains non-abstract method Method4083
mybatis-flex__mybatis-flex,UNSAT,InterfacePolicy,,Interface Class283 contains non-abstract method Method4084
mybatis-flex__mybatis-flex,UNSAT,InterfacePolicy,,Interface Class283 contains non-abstract method Method4086
mybatis-flex__mybatis-flex,UNSAT,InterfacePolicy,,Interface Class283 contains non-abstract method Method4087
mybatis-flex__mybatis-flex,UNSAT,InterfacePolicy,,Interface Class286 contains non-abstract method Method4105
mybatis-flex__mybatis-flex,UNSAT,InterfacePolicy,,Interface Class286 contains non-abstract method Method4106
mybatis-flex__mybatis-flex,UNSAT,InterfacePolicy,,Interface Class286 contains non-abstract method Method4107
mybatis-flex__mybatis-flex,UNSAT,InterfacePolicy,,Interface Class286 contains non-abstract method Method4108
mybatis-flex__mybatis-flex,UNSAT,InterfacePolicy,,Interface Class286 contains non-abstract method Method4109
mybatis-flex__mybatis-flex,UNSAT,InterfacePolicy,,Interface Class286 contains non-abstract method Method4110
mybatis-flex__mybatis-flex,UNSAT,InterfacePolicy,,Interface Class286 contains non-abstract method Method4111
mybatis-flex__mybatis-flex,UNSAT,InterfacePolicy,,Interface Class286 contains non-abstract method Method4112
mybatis-flex__mybatis-flex,UNSAT,InterfacePolicy,,Interface Class286 contains non-abstract method Method4113
mybatis-flex__mybatis-flex,UNSAT,InterfacePolicy,,Interface Class286 contains non-abstract method Method4114
mybatis-flex__mybatis-flex,UNSAT,InterfacePolicy,,Interface Class39 has field Field181
mybatis-flex__mybatis-flex,UNSAT,InterfacePolicy,,Interface Class39 has field Field182
mybatis-flex__mybatis-flex,UNSAT,InterfacePolicy,,Interface Class39 has field Field183
mybatis-flex__mybatis-flex,UNSAT,InterfacePolicy,,Interface Class39 has field Field184
mybatis-flex__mybatis-flex,UNSAT,InterfacePolicy,,Interface Class39 has field Field185
mybatis-flex__mybatis-flex,UNSAT,InterfacePolicy,,Interface Class60 has field Field222
mybatis-flex__mybatis-flex,UNSAT,InterfacePolicy,,Interface Class109 has field Field639
mybatis-flex__mybatis-flex,UNSAT,InterfacePolicy,,Interface Class109 has field Field640
mybatis-flex__mybatis-flex,UNSAT,InterfacePolicy,,Interface Class109 has field Field641
mybatis-flex__mybatis-flex,UNSAT,InterfacePolicy,,Interface Class109 has field Field642
mybatis-flex__mybatis-flex,UNSAT,InterfacePolicy,,Interface Class109 has field Field643
mybatis-flex__mybatis-flex,UNSAT,InterfacePolicy,,Interface Class109 has field Field644
mybatis-flex__mybatis-flex,UNSAT,InterfacePolicy,,Interface Class109 has field Field645
mybatis-flex__mybatis-flex,UNSAT,InterfacePolicy,,Interface Class109 has field Field646
mybatis-flex__mybatis-flex,UNSAT,InterfacePolicy,,Interface Class109 has field Field647
mybatis-flex__mybatis-flex,UNSAT,InterfacePolicy,,Interface Class109 has field Field648
mybatis-flex__mybatis-flex,UNSAT,InterfacePolicy,,Interface Class260 has field Field994
mybatis-flex__mybatis-flex,UNSAT,InterfacePolicy,,Interface Class263 has field Field998
mybatis-flex__mybatis-flex,UNSAT,LocalMethodNamespace,,"Duplicate method name 'generate' in class Class20: Method95, Method96"
mybatis__spring-boot-starter,SAT,,,All metamodel constraints hold
nayuki__Project-Euler-solutions,UNSAT,LocalMethodNamespace,,"Duplicate method name 'isPalindrome' in class Class3: Method217, Method218"
nayuki__QR-Code-generator,UNSAT,LocalMethodNamespace,,"Duplicate method name 'encodeSegments' in class Class2: Method14, Method15"
Netflix__maestro,UNSAT,InterfacePolicy,,Interface Class4 contains non-abstract method Method19
Netflix__maestro,UNSAT,InterfacePolicy,,Interface Class4 contains non-abstract method Method20
Netflix__maestro,UNSAT,InterfacePolicy,,Interface Class4 contains non-abstract method Method21
Netflix__maestro,UNSAT,InterfacePolicy,,Interface Class4 contains non-abstract method Method22
Netflix__maestro,UNSAT,InterfacePolicy,,Interface Class4 contains non-abstract method Method23
Netflix__maestro,UNSAT,InterfacePolicy,,Interface Class4 contains non-abstract method Method24
Netflix__maestro,UNSAT,InterfacePolicy,,Interface Class4 contains non-abstract method Method25
Netflix__maestro,UNSAT,InterfacePolicy,,Interface Class4 contains non-abstract method Method26
Netflix__maestro,UNSAT,InterfacePolicy,,Interface Class4 contains non-abstract method Method27
Netflix__maestro,UNSAT,InterfacePolicy,,Interface Class4 contains non-abstract method Method28
Netflix__maestro,UNSAT,InterfacePolicy,,Interface Class4 contains non-abstract method Method29
Netflix__maestro,UNSAT,InterfacePolicy,,Interface Class4 contains non-abstract method Method30
Netflix__maestro,UNSAT,InterfacePolicy,,Interface Class4 contains non-abstract method Method31
Netflix__maestro,UNSAT,InterfacePolicy,,Interface Class4 contains non-abstract method Method32
Netflix__maestro,UNSAT,InterfacePolicy,,Interface Class4 contains non-abstract method Method33
Netflix__maestro,UNSAT,InterfacePolicy,,Interface Class4 contains non-abstract method Method34
Netflix__maestro,UNSAT,InterfacePolicy,,Interface Class4 contains non-abstract method Method35
Netflix__maestro,UNSAT,InterfacePolicy,,Interface Class4 contains non-abstract method Method36
Netflix__maestro,UNSAT,InterfacePolicy,,Interface Class4 contains non-abstract method Method37
Netflix__maestro,UNSAT,InterfacePolicy,,Interface Class4 contains non-abstract method Method38
Netflix__maestro,UNSAT,InterfacePolicy,,Interface Class4 contains non-abstract method Method39
Netflix__maestro,UNSAT,InterfacePolicy,,Interface Class4 contains non-abstract method Method40
Netflix__maestro,UNSAT,InterfacePolicy,,Interface Class4 contains non-abstract method Method41
Netflix__maestro,UNSAT,InterfacePolicy,,Interface Class4 contains non-abstract method Method42
Netflix__maestro,UNSAT,InterfacePolicy,,Interface Class4 contains non-abstract method Method43
Netflix__maestro,UNSAT,InterfacePolicy,,Interface Class4 contains non-abstract method Method44
Netflix__maestro,UNSAT,InterfacePolicy,,Interface Class23 contains non-abstract method Method107
Netflix__maestro,UNSAT,InterfacePolicy,,Interface Class23 contains non-abstract method Method108
Netflix__maestro,UNSAT,InterfacePolicy,,Interface Class23 contains non-abstract method Method109
Netflix__maestro,UNSAT,InterfacePolicy,,Interface Class23 contains non-abstract method Method110
Netflix__maestro,UNSAT,InterfacePolicy,,Interface Class23 contains non-abstract method Method111
Netflix__maestro,UNSAT,InterfacePolicy,,Interface Class63 contains non-abstract method Method540
Netflix__maestro,UNSAT,InterfacePolicy,,Interface Class122 contains non-abstract method Method746
Netflix__maestro,UNSAT,InterfacePolicy,,Interface Class122 contains non-abstract method Method747
Netflix__maestro,UNSAT,InterfacePolicy,,Interface Class122 contains non-abstract method Method748
Netflix__maestro,UNSAT,InterfacePolicy,,Interface Class122 contains non-abstract method Method749
Netflix__maestro,UNSAT,InterfacePolicy,,Interface Class122 contains non-abstract method Method750
Netflix__maestro,UNSAT,InterfacePolicy,,Interface Class187 contains non-abstract method Method989
Netflix__maestro,UNSAT,InterfacePolicy,,Interface Class203 contains non-abstract method Method1139
Netflix__maestro,UNSAT,InterfacePolicy,,Interface Class203 contains non-abstract method Method1141
Netflix__maestro,UNSAT,InterfacePolicy,,Interface Class204 contains non-abstract method Method1143
Netflix__maestro,UNSAT,InterfacePolicy,,Interface Class204 contains non-abstract method Method1145
Netflix__maestro,UNSAT,InterfacePolicy,,Interface Class236 contains non-abstract method Method1171
Netflix__maestro,UNSAT,InterfacePolicy,,Interface Class236 contains non-abstract method Method1172
Netflix__maestro,UNSAT,InterfacePolicy,,Interface Class236 contains non-abstract method Method1173
Netflix__maestro,UNSAT,InterfacePolicy,,Interface Class236 contains non-abstract method Method1174
Netflix__maestro,UNSAT,InterfacePolicy,,Interface Class236 contains non-abstract method Method1175
Netflix__maestro,UNSAT,InterfacePolicy,,Interface Class236 contains non-abstract method Method1176
Netflix__maestro,UNSAT,InterfacePolicy,,Interface Class236 contains non-abstract method Method1177
Netflix__maestro,UNSAT,InterfacePolicy,,Interface Class236 contains non-abstract method Method1178
Netflix__maestro,UNSAT,InterfacePolicy,,Interface Class236 contains non-abstract method Method1179
Netflix__maestro,UNSAT,InterfacePolicy,,Interface Class236 contains non-abstract method Method1180
Netflix__maestro,UNSAT,InterfacePolicy,,Interface Class261 contains non-abstract method Method1253
Netflix__maestro,UNSAT,InterfacePolicy,,Interface Class290 contains non-abstract method Method1296
Netflix__maestro,UNSAT,InterfacePolicy,,Interface Class290 contains non-abstract method Method1299
Netflix__maestro,UNSAT,InterfacePolicy,,Interface Class334 contains non-abstract method Method1451
Netflix__maestro,UNSAT,InterfacePolicy,,Interface Class334 contains non-abstract method Method1452
Netflix__maestro,UNSAT,InterfacePolicy,,Interface Class334 contains non-abstract method Method1453
Netflix__maestro,UNSAT,InterfacePolicy,,Interface Class334 contains non-abstract method Method1454
Netflix__maestro,UNSAT,InterfacePolicy,,Interface Class334 contains non-abstract method Method1455
Netflix__maestro,UNSAT,InterfacePolicy,,Interface Class334 contains non-abstract method Method1456
Netflix__maestro,UNSAT,InterfacePolicy,,Interface Class334 contains non-abstract method Method1457
Netflix__maestro,UNSAT,InterfacePolicy,,Interface Class334 contains non-abstract method Method1458
Netflix__maestro,UNSAT,InterfacePolicy,,Interface Class334 contains non-abstract method Method1459
Netflix__maestro,UNSAT,InterfacePolicy,,Interface Class334 contains non-abstract method Method1460
Netflix__maestro,UNSAT,InterfacePolicy,,Interface Class334 contains non-abstract method Method1461
Netflix__maestro,UNSAT,InterfacePolicy,,Interface Class334 contains non-abstract method Method1462
Netflix__maestro,UNSAT,InterfacePolicy,,Interface Class334 contains non-abstract method Method1463
Netflix__maestro,UNSAT,InterfacePolicy,,Interface Class334 contains non-abstract method Method1464
Netflix__maestro,UNSAT,InterfacePolicy,,Interface Class334 contains non-abstract method Method1465
Netflix__maestro,UNSAT,InterfacePolicy,,Interface Class334 contains non-abstract method Method1466
Netflix__maestro,UNSAT,InterfacePolicy,,Interface Class334 contains non-abstract method Method1467
Netflix__maestro,UNSAT,InterfacePolicy,,Interface Class334 contains non-abstract method Method1468
Netflix__maestro,UNSAT,InterfacePolicy,,Interface Class334 contains non-abstract method Method1469
Netflix__maestro,UNSAT,InterfacePolicy,,Interface Class334 contains non-abstract method Method1479
Netflix__maestro,UNSAT,InterfacePolicy,,Interface Class334 contains non-abstract method Method1480
Netflix__maestro,UNSAT,InterfacePolicy,,Interface Class339 contains non-abstract method Method1488
Netflix__maestro,UNSAT,InterfacePolicy,,Interface Class339 contains non-abstract method Method1489
Netflix__maestro,UNSAT,InterfacePolicy,,Interface Class339 contains non-abstract method Method1490
Netflix__maestro,UNSAT,InterfacePolicy,,Interface Class339 contains non-abstract method Method1491
Netflix__maestro,UNSAT,InterfacePolicy,,Interface Class339 contains non-abstract method Method1492
Netflix__maestro,UNSAT,InterfacePolicy,,Interface Class339 contains non-abstract method Method1493
Netflix__maestro,UNSAT,InterfacePolicy,,Interface Class339 contains non-abstract method Method1494
Netflix__maestro,UNSAT,InterfacePolicy,,Interface Class339 contains non-abstract method Method1495
Netflix__maestro,UNSAT,InterfacePolicy,,Interface Class339 contains non-abstract method Method1496
Netflix__maestro,UNSAT,InterfacePolicy,,Interface Class339 contains non-abstract method Method1497
Netflix__maestro,UNSAT,InterfacePolicy,,Interface Class339 contains non-abstract method Method1498
Netflix__maestro,UNSAT,InterfacePolicy,,Interface Class339 contains non-abstract method Method1499
Netflix__maestro,UNSAT,InterfacePolicy,,Interface Class339 contains non-abstract method Method1500
Netflix__maestro,UNSAT,InterfacePolicy,,Interface Class339 contains non-abstract method Method1501
Netflix__maestro,UNSAT,InterfacePolicy,,Interface Class339 contains non-abstract method Method1502
Netflix__maestro,UNSAT,InterfacePolicy,,Interface Class339 contains non-abstract method Method1503
Netflix__maestro,UNSAT,InterfacePolicy,,Interface Class339 contains non-abstract method Method1504
Netflix__maestro,UNSAT,InterfacePolicy,,Interface Class339 contains non-abstract method Method1505
Netflix__maestro,UNSAT,InterfacePolicy,,Interface Class339 contains non-abstract method Method1506
Netflix__maestro,UNSAT,InterfacePolicy,,Interface Class339 contains non-abstract method Method1507
Netflix__maestro,UNSAT,InterfacePolicy,,Interface Class339 contains non-abstract method Method1512
Netflix__maestro,UNSAT,InterfacePolicy,,Interface Class339 contains non-abstract method Method1519
Netflix__maestro,UNSAT,InterfacePolicy,,Interface Class339 contains non-abstract method Method1520
Netflix__maestro,UNSAT,InterfacePolicy,,Interface Class339 contains non-abstract method Method1521
Netflix__maestro,UNSAT,InterfacePolicy,,Interface Class339 contains non-abstract method Method1526
Netflix__maestro,UNSAT,InterfacePolicy,,Interface Class366 contains non-abstract method Method1596
Netflix__maestro,UNSAT,InterfacePolicy,,Interface Class366 contains non-abstract method Method1597
Netflix__maestro,UNSAT,InterfacePolicy,,Interface Class366 contains non-abstract method Method1598
Netflix__maestro,UNSAT,InterfacePolicy,,Interface Class366 contains non-abstract method Method1599
Netflix__maestro,UNSAT,InterfacePolicy,,Interface Class366 contains non-abstract method Method1600
Netflix__maestro,UNSAT,InterfacePolicy,,Interface Class366 contains non-abstract method Method1601
Netflix__maestro,UNSAT,InterfacePolicy,,Interface Class382 contains non-abstract method Method1661
Netflix__maestro,UNSAT,InterfacePolicy,,Interface Class382 contains non-abstract method Method1662
Netflix__maestro,UNSAT,InterfacePolicy,,Interface Class570 contains non-abstract method Method2655
Netflix__maestro,UNSAT,InterfacePolicy,,Interface Class570 contains non-abstract method Method2656
Netflix__maestro,UNSAT,InterfacePolicy,,Interface Class570 contains non-abstract method Method2657
Netflix__maestro,UNSAT,InterfacePolicy,,Interface Class570 contains non-abstract method Method2658
Netflix__maestro,UNSAT,InterfacePolicy,,Interface Class570 contains non-abstract method Method2659
Netflix__maestro,UNSAT,InterfacePolicy,,Interface Class570 contains non-abstract method Method2660
Netflix__maestro,UNSAT,InterfacePolicy,,Interface Class570 contains non-abstract method Method2661
Netflix__maestro,UNSAT,InterfacePolicy,,Interface Class4 has field Field18
Netflix__maestro,UNSAT,InterfacePolicy,,Interface Class4 has field Field19
Netflix__maestro,UNSAT,InterfacePolicy,,Interface Class4 has field Field20
Netflix__maestro,UNSAT,InterfacePolicy,,Interface Class4 has field Field21
Netflix__maestro,UNSAT,InterfacePolicy,,Interface Class4 has field Field22
Netflix__maestro,UNSAT,InterfacePolicy,,Interface Class4 has field Field23
Netflix__maestro,UNSAT,InterfacePolicy,,Interface Class4 has field Field24
Netflix__maestro,UNSAT,InterfacePolicy,,Interface Class4 has field Field25
Netflix__maestro,UNSAT,InterfacePolicy,,Interface Class4 has field Field26
Netflix__maestro,UNSAT,InterfacePolicy,,Interface Class4 has field Field27
Netflix__maestro,UNSAT,InterfacePolicy,,Interface Class4 has field Field28
Netflix__maestro,UNSAT,InterfacePolicy,,Interface Class4 has field Field29
Netflix__maestro,UNSAT,InterfacePolicy,,Interface Class4 has field Field30
Netflix__maestro,UNSAT,InterfacePolicy,,Interface Class4 has field Field31
Netflix__maestro,UNSAT,InterfacePolicy,,Interface Class4 has field Field32
Netflix__maestro,UNSAT,InterfacePolicy,,Interface Class4 has field Field33
Netflix__maestro,UNSAT,InterfacePolicy,,Interface Class4 has field Field34
Netflix__maestro,UNSAT,InterfacePolicy,,Interface Class4 has field Field35
Netflix__maestro,UNSAT,InterfacePolicy,,Interface Class4 has field Field36
Netflix__maestro,UNSAT,InterfacePolicy,,Interface Class4 has field Field37
Netflix__maestro,UNSAT,InterfacePolicy,,Interface Class4 has field Field38
Netflix__maestro,UNSAT,InterfacePolicy,,Interface Class4 has field Field39
Netflix__maestro,UNSAT,InterfacePolicy,,Interface Class4 has field Field40
Netflix__maestro,UNSAT,InterfacePolicy,,Interface Class4 has field Field41
Netflix__maestro,UNSAT,InterfacePolicy,,Interface Class4 has field Field42
Netflix__maestro,UNSAT,InterfacePolicy,,Interface Class4 has field Field43
Netflix__maestro,UNSAT,InterfacePolicy,,Interface Class4 has field Field44
Netflix__maestro,UNSAT,InterfacePolicy,,Interface Class4 has field Field45
Netflix__maestro,UNSAT,InterfacePolicy,,Interface Class4 has field Field46
Netflix__maestro,UNSAT,InterfacePolicy,,Interface Class4 has field Field47
Netflix__maestro,UNSAT,InterfacePolicy,,Interface Class4 has field Field48
Netflix__maestro,UNSAT,InterfacePolicy,,Interface Class4 has field Field49
Netflix__maestro,UNSAT,InterfacePolicy,,Interface Class4 has field Field50
Netflix__maestro,UNSAT,InterfacePolicy,,Interface Class4 has field Field51
Netflix__maestro,UNSAT,InterfacePolicy,,Interface Class4 has field Field52
Netflix__maestro,UNSAT,InterfacePolicy,,Interface Class4 has field Field53
Netflix__maestro,UNSAT,InterfacePolicy,,Interface Class4 has field Field54
Netflix__maestro,UNSAT,InterfacePolicy,,Interface Class4 has field Field55
Netflix__maestro,UNSAT,InterfacePolicy,,Interface Class4 has field Field56
Netflix__maestro,UNSAT,InterfacePolicy,,Interface Class4 has field Field57
Netflix__maestro,UNSAT,InterfacePolicy,,Interface Class4 has field Field58
Netflix__maestro,UNSAT,InterfacePolicy,,Interface Class4 has field Field59
Netflix__maestro,UNSAT,InterfacePolicy,,Interface Class4 has field Field60
Netflix__maestro,UNSAT,InterfacePolicy,,Interface Class23 has field Field125
Netflix__maestro,UNSAT,InterfacePolicy,,Interface Class26 has field Field136
Netflix__maestro,UNSAT,InterfacePolicy,,Interface Class122 has field Field838
Netflix__maestro,UNSAT,InterfacePolicy,,Interface Class136 has field Field911
Netflix__maestro,UNSAT,InterfacePolicy,,Interface Class136 has field Field912
Netflix__maestro,UNSAT,InterfacePolicy,,Interface Class186 has field Field1062
Netflix__maestro,UNSAT,InterfacePolicy,,Interface Class186 has field Field1063
Netflix__maestro,UNSAT,InterfacePolicy,,Interface Class186 has field Field1064
Netflix__maestro,UNSAT,InterfacePolicy,,Interface Class186 has field Field1065
Netflix__maestro,UNSAT,InterfacePolicy,,Interface Class186 has field Field1066
Netflix__maestro,UNSAT,InterfacePolicy,,Interface Class186 has field Field1067
Netflix__maestro,UNSAT,InterfacePolicy,,Interface Class186 has field Field1068
Netflix__maestro,UNSAT,InterfacePolicy,,Interface Class186 has field Field1069
Netflix__maestro,UNSAT,InterfacePolicy,,Interface Class186 has field Field1070
Netflix__maestro,UNSAT,InterfacePolicy,,Interface Class186 has field Field1071
Netflix__maestro,UNSAT,InterfacePolicy,,Interface Class186 has field Field1072
Netflix__maestro,UNSAT,InterfacePolicy,,Interface Class186 has field Field1073
Netflix__maestro,UNSAT,InterfacePolicy,,Interface Class186 has field Field1074
Netflix__maestro,UNSAT,InterfacePolicy,,Interface Class186 has field Field1075
Netflix__maestro,UNSAT,InterfacePolicy,,Interface Class186 has field Field1076
Netflix__maestro,UNSAT,InterfacePolicy,,Interface Class186 has field Field1077
Netflix__maestro,UNSAT,InterfacePolicy,,Interface Class186 has field Field1078
Netflix__maestro,UNSAT,InterfacePolicy,,Interface Class375 has field Field2066
Netflix__maestro,UNSAT,InterfacePolicy,,Interface Class468 has field Field2367
Netflix__maestro,UNSAT,InterfacePolicy,,Interface Class539 has field Field2435
Netflix__maestro,UNSAT,InterfacePolicy,,Interface Class539 has field Field2436
Netflix__maestro,UNSAT,InterfacePolicy,,Interface Class539 has field Field2437
Netflix__maestro,UNSAT,InterfacePolicy,,Interface Class539 has field Field2438
Netflix__maestro,UNSAT,InterfacePolicy,,Interface Class539 has field Field2439
Netflix__maestro,UNSAT,InterfacePolicy,,Interface Class539 has field Field2440
Netflix__maestro,UNSAT,InterfacePolicy,,Interface Class539 has field Field2441
Netflix__maestro,UNSAT,InterfacePolicy,,Interface Class539 has field Field2442
Netflix__maestro,UNSAT,InterfacePolicy,,Interface Class539 has field Field2443
Netflix__maestro,UNSAT,InterfacePolicy,,Interface Class539 has field Field2444
Netflix__maestro,UNSAT,InterfacePolicy,,Interface Class539 has field Field2445
Netflix__maestro,UNSAT,InterfacePolicy,,Interface Class539 has field Field2446
Netflix__maestro,UNSAT,InterfacePolicy,,Interface Class539 has field Field2447
Netflix__maestro,UNSAT,InterfacePolicy,,Interface Class539 has field Field2448
Netflix__maestro,UNSAT,InterfacePolicy,,Interface Class539 has field Field2449
Netflix__maestro,UNSAT,InterfacePolicy,,Interface Class539 has field Field2450
Netflix__maestro,UNSAT,InterfacePolicy,,Interface Class539 has field Field2451
Netflix__maestro,UNSAT,InterfacePolicy,,Interface Class539 has field Field2452
Netflix__maestro,UNSAT,InterfacePolicy,,Interface Class539 has field Field2453
Netflix__maestro,UNSAT,InterfacePolicy,,Interface Class539 has field Field2454
Netflix__maestro,UNSAT,InterfacePolicy,,Interface Class539 has field Field2455
Netflix__maestro,UNSAT,InterfacePolicy,,Interface Class539 has field Field2456
Netflix__maestro,UNSAT,InterfacePolicy,,Interface Class539 has field Field2457
Netflix__maestro,UNSAT,InterfacePolicy,,Interface Class539 has field Field2458
Netflix__maestro,UNSAT,InterfacePolicy,,Interface Class539 has field Field2459
Netflix__maestro,UNSAT,InterfacePolicy,,Interface Class539 has field Field2460
Netflix__maestro,UNSAT,InterfacePolicy,,Interface Class539 has field Field2461
Netflix__maestro,UNSAT,InterfacePolicy,,Interface Class539 has field Field2462
Netflix__maestro,UNSAT,InterfacePolicy,,Interface Class539 has field Field2463
Netflix__maestro,UNSAT,InterfacePolicy,,Interface Class539 has field Field2464
Netflix__maestro,UNSAT,InterfacePolicy,,Interface Class539 has field Field2465
Netflix__maestro,UNSAT,InterfacePolicy,,Interface Class539 has field Field2466
Netflix__maestro,UNSAT,InterfacePolicy,,Interface Class539 has field Field2467
Netflix__maestro,UNSAT,InterfacePolicy,,Interface Class539 has field Field2468
Netflix__maestro,UNSAT,InterfacePolicy,,Interface Class539 has field Field2469
Netflix__maestro,UNSAT,InterfacePolicy,,Interface Class539 has field Field2470
Netflix__maestro,UNSAT,InterfacePolicy,,Interface Class539 has field Field2471
Netflix__maestro,UNSAT,InterfacePolicy,,Interface Class539 has field Field2472
Netflix__maestro,UNSAT,InterfacePolicy,,Interface Class539 has field Field2473
Netflix__maestro,UNSAT,InterfacePolicy,,Interface Class539 has field Field2474
Netflix__maestro,UNSAT,InterfacePolicy,,Interface Class539 has field Field2475
Netflix__maestro,UNSAT,InterfacePolicy,,Interface Class539 has field Field2476
Netflix__maestro,UNSAT,InterfacePolicy,,Interface Class539 has field Field2477
Netflix__maestro,UNSAT,InterfacePolicy,,Interface Class539 has field Field2478
Netflix__maestro,UNSAT,InterfacePolicy,,Interface Class539 has field Field2479
Netflix__maestro,UNSAT,InterfacePolicy,,Interface Class539 has field Field2480
Netflix__maestro,UNSAT,InterfacePolicy,,Interface Class539 has field Field2481
Netflix__maestro,UNSAT,InterfacePolicy,,Interface Class539 has field Field2482
Netflix__maestro,UNSAT,InterfacePolicy,,Interface Class539 has field Field2483
Netflix__maestro,UNSAT,InterfacePolicy,,Interface Class539 has field Field2484
Netflix__maestro,UNSAT,InterfacePolicy,,Interface Class539 has field Field2485
Netflix__maestro,UNSAT,InterfacePolicy,,Interface Class539 has field Field2486
Netflix__maestro,UNSAT,InterfacePolicy,,Interface Class539 has field Field2487
Netflix__maestro,UNSAT,InterfacePolicy,,Interface Class539 has field Field2488
Netflix__maestro,UNSAT,InterfacePolicy,,Interface Class539 has field Field2489
Netflix__maestro,UNSAT,InterfacePolicy,,Interface Class539 has field Field2490
Netflix__maestro,UNSAT,InterfacePolicy,,Interface Class539 has field Field2491
Netflix__maestro,UNSAT,InterfacePolicy,,Interface Class539 has field Field2492
Netflix__maestro,UNSAT,InterfacePolicy,,Interface Class539 has field Field2493
Netflix__maestro,UNSAT,InterfacePolicy,,Interface Class539 has field Field2494
Netflix__maestro,UNSAT,InterfacePolicy,,Interface Class539 has field Field2495
Netflix__maestro,UNSAT,InterfacePolicy,,Interface Class539 has field Field2496
Netflix__maestro,UNSAT,InterfacePolicy,,Interface Class539 has field Field2497
Netflix__maestro,UNSAT,InterfacePolicy,,Interface Class539 has field Field2498
Netflix__maestro,UNSAT,InterfacePolicy,,Interface Class539 has field Field2499
Netflix__maestro,UNSAT,InterfacePolicy,,Interface Class539 has field Field2500
Netflix__maestro,UNSAT,InterfacePolicy,,Interface Class539 has field Field2501
Netflix__maestro,UNSAT,InterfacePolicy,,Interface Class539 has field Field2502
Netflix__maestro,UNSAT,InterfacePolicy,,Interface Class539 has field Field2503
Netflix__maestro,UNSAT,InterfacePolicy,,Interface Class539 has field Field2504
Netflix__maestro,UNSAT,InterfacePolicy,,Interface Class539 has field Field2505
Netflix__maestro,UNSAT,InterfacePolicy,,Interface Class539 has field Field2506
Netflix__maestro,UNSAT,InterfacePolicy,,Interface Class539 has field Field2507
Netflix__maestro,UNSAT,InterfacePolicy,,Interface Class539 has field Field2508
Netflix__maestro,UNSAT,InterfacePolicy,,Interface Class539 has field Field2509
Netflix__maestro,UNSAT,InterfacePolicy,,Interface Class539 has field Field2510
Netflix__maestro,UNSAT,InterfacePolicy,,Interface Class539 has field Field2511
Netflix__maestro,UNSAT,InterfacePolicy,,Interface Class539 has field Field2512
Netflix__maestro,UNSAT,InterfacePolicy,,Interface Class539 has field Field2513
Netflix__maestro,UNSAT,InterfacePolicy,,Interface Class539 has field Field2514
Netflix__maestro,UNSAT,InterfacePolicy,,Interface Class539 has field Field2515
Netflix__maestro,UNSAT,InterfacePolicy,,Interface Class539 has field Field2516
Netflix__maestro,UNSAT,InterfacePolicy,,Interface Class539 has field Field2517
Netflix__maestro,UNSAT,InterfacePolicy,,Interface Class539 has field Field2518
Netflix__maestro,UNSAT,InterfacePolicy,,Interface Class539 has field Field2519
Netflix__maestro,UNSAT,InterfacePolicy,,Interface Class539 has field Field2520
Netflix__maestro,UNSAT,InterfacePolicy,,Interface Class539 has field Field2521
Netflix__maestro,UNSAT,InterfacePolicy,,Interface Class539 has field Field2522
Netflix__maestro,UNSAT,InterfacePolicy,,Interface Class539 has field Field2523
Netflix__maestro,UNSAT,InterfacePolicy,,Interface Class539 has field Field2524
Netflix__maestro,UNSAT,InterfacePolicy,,Interface Class539 has field Field2525
Netflix__maestro,UNSAT,InterfacePolicy,,Interface Class539 has field Field2526
Netflix__maestro,UNSAT,InterfacePolicy,,Interface Class539 has field Field2527
Netflix__maestro,UNSAT,InterfacePolicy,,Interface Class539 has field Field2528
Netflix__maestro,UNSAT,InterfacePolicy,,Interface Class539 has field Field2529
Netflix__maestro,UNSAT,InterfacePolicy,,Interface Class539 has field Field2530
Netflix__maestro,UNSAT,InterfacePolicy,,Interface Class539 has field Field2531
Netflix__maestro,UNSAT,InterfacePolicy,,Interface Class539 has field Field2532
Netflix__maestro,UNSAT,InterfacePolicy,,Interface Class539 has field Field2533
Netflix__maestro,UNSAT,InterfacePolicy,,Interface Class539 has field Field2534
Netflix__maestro,UNSAT,InterfacePolicy,,Interface Class539 has field Field2535
Netflix__maestro,UNSAT,InterfacePolicy,,Interface Class539 has field Field2536
Netflix__maestro,UNSAT,InterfacePolicy,,Interface Class539 has field Field2537
Netflix__maestro,UNSAT,InterfacePolicy,,Interface Class539 has field Field2538
Netflix__maestro,UNSAT,InterfacePolicy,,Interface Class539 has field Field2539
Netflix__maestro,UNSAT,InterfacePolicy,,Interface Class539 has field Field2540
Netflix__maestro,UNSAT,InterfacePolicy,,Interface Class539 has field Field2541
Netflix__maestro,UNSAT,InterfacePolicy,,Interface Class539 has field Field2542
Netflix__maestro,UNSAT,InterfacePolicy,,Interface Class539 has field Field2543
Netflix__maestro,UNSAT,InterfacePolicy,,Interface Class539 has field Field2544
Netflix__maestro,UNSAT,InterfacePolicy,,Interface Class539 has field Field2545
Netflix__maestro,UNSAT,InterfacePolicy,,Interface Class539 has field Field2546
Netflix__maestro,UNSAT,InterfacePolicy,,Interface Class539 has field Field2547
Netflix__maestro,UNSAT,InterfacePolicy,,Interface Class539 has field Field2548
Netflix__maestro,UNSAT,InterfacePolicy,,Interface Class539 has field Field2549
Netflix__maestro,UNSAT,InterfacePolicy,,Interface Class539 has field Field2550
Netflix__maestro,UNSAT,InterfacePolicy,,Interface Class542 has field Field2582
Netflix__maestro,UNSAT,InterfacePolicy,,Interface Class542 has field Field2583
Netflix__maestro,UNSAT,InterfacePolicy,,Interface Class542 has field Field2584
Netflix__maestro,UNSAT,InterfacePolicy,,Interface Class542 has field Field2585
Netflix__maestro,UNSAT,InterfacePolicy,,Interface Class542 has field Field2586
Netflix__maestro,UNSAT,InterfacePolicy,,Interface Class542 has field Field2587
Netflix__maestro,UNSAT,InterfacePolicy,,Interface Class542 has field Field2588
Netflix__maestro,UNSAT,InterfacePolicy,,Interface Class542 has field Field2589
Netflix__maestro,UNSAT,InterfacePolicy,,Interface Class542 has field Field2590
Netflix__maestro,UNSAT,InterfacePolicy,,Interface Class542 has field Field2591
Netflix__maestro,UNSAT,InterfacePolicy,,Interface Class542 has field Field2592
Netflix__maestro,UNSAT,InterfacePolicy,,Interface Class542 has field Field2593
Netflix__maestro,UNSAT,InterfacePolicy,,Interface Class542 has field Field2594
Netflix__maestro,UNSAT,InterfacePolicy,,Interface Class542 has field Field2595
Netflix__maestro,UNSAT,InterfacePolicy,,Interface Class542 has field Field2596
Netflix__maestro,UNSAT,InterfacePolicy,,Interface Class542 has field Field2597
Netflix__maestro,UNSAT,InterfacePolicy,,Interface Class542 has field Field2598
Netflix__maestro,UNSAT,InterfacePolicy,,Interface Class542 has field Field2599
Netflix__maestro,UNSAT,InterfacePolicy,,Interface Class542 has field Field2600
Netflix__maestro,UNSAT,InterfacePolicy,,Interface Class542 has field Field2601
Netflix__maestro,UNSAT,InterfacePolicy,,Interface Class542 has field Field2602
Netflix__maestro,UNSAT,InterfacePolicy,,Interface Class542 has field Field2603
Netflix__maestro,UNSAT,InterfacePolicy,,Interface Class542 has field Field2604
Netflix__maestro,UNSAT,InterfacePolicy,,Interface Class542 has field Field2605
Netflix__maestro,UNSAT,InterfacePolicy,,Interface Class542 has field Field2606
Netflix__maestro,UNSAT,InterfacePolicy,,Interface Class542 has field Field2607
Netflix__maestro,UNSAT,InterfacePolicy,,Interface Class542 has field Field2608
Netflix__maestro,UNSAT,InterfacePolicy,,Interface Class542 has field Field2609
Netflix__maestro,UNSAT,InterfacePolicy,,Interface Class542 has field Field2610
Netflix__maestro,UNSAT,InterfacePolicy,,Interface Class542 has field Field2611
Netflix__maestro,UNSAT,InterfacePolicy,,Interface Class542 has field Field2612
Netflix__maestro,UNSAT,InterfacePolicy,,Interface Class542 has field Field2613
Netflix__maestro,UNSAT,InterfacePolicy,,Interface Class542 has field Field2614
Netflix__maestro,UNSAT,InterfacePolicy,,Interface Class542 has field Field2615
Netflix__maestro,UNSAT,InterfacePolicy,,Interface Class542 has field Field2616
Netflix__maestro,UNSAT,InterfacePolicy,,Interface Class542 has field Field2617
Netflix__maestro,UNSAT,InterfacePolicy,,Interface Class542 has field Field2618
Netflix__maestro,UNSAT,InterfacePolicy,,Interface Class542 has field Field2619
Netflix__maestro,UNSAT,InterfacePolicy,,Interface Class570 has field Field2679
Netflix__maestro,UNSAT,InterfacePolicy,,Interface Class570 has field Field2680
Netflix__maestro,UNSAT,LocalMethodNamespace,,"Duplicate method name 'toJson' in class Class3: Method11, Method12"
networknt__light-4j,UNSAT,IdentifierIntegrity,,"Duplicate name 'com.networknt.httpstring.AttachmentConstants' used by: Class238, Class239"
networknt__light-4j,UNSAT,InterfacePolicy,,Interface Class7 contains non-abstract method Method78
networknt__light-4j,UNSAT,InterfacePolicy,,Interface Class21 contains non-abstract method Method169
networknt__light-4j,UNSAT,InterfacePolicy,,Interface Class146 contains non-abstract method Method1164
networknt__light-4j,UNSAT,InterfacePolicy,,Interface Class193 contains non-abstract method Method1415
networknt__light-4j,UNSAT,InterfacePolicy,,Interface Class193 contains non-abstract method Method1416
networknt__light-4j,UNSAT,InterfacePolicy,,Interface Class193 contains non-abstract method Method1417
networknt__light-4j,UNSAT,InterfacePolicy,,Interface Class193 contains non-abstract method Method1418
networknt__light-4j,UNSAT,InterfacePolicy,,Interface Class193 contains non-abstract method Method1419
networknt__light-4j,UNSAT,InterfacePolicy,,Interface Class193 contains non-abstract method Method1420
networknt__light-4j,UNSAT,InterfacePolicy,,Interface Class193 contains non-abstract method Method1421
networknt__light-4j,UNSAT,InterfacePolicy,,Interface Class194 contains non-abstract method Method1422
networknt__light-4j,UNSAT,InterfacePolicy,,Interface Class194 contains non-abstract method Method1423
networknt__light-4j,UNSAT,InterfacePolicy,,Interface Class194 contains non-abstract method Method1424
networknt__light-4j,UNSAT,InterfacePolicy,,Interface Class195 contains non-abstract method Method1425
networknt__light-4j,UNSAT,InterfacePolicy,,Interface Class202 contains non-abstract method Method1477
networknt__light-4j,UNSAT,InterfacePolicy,,Interface Class202 contains non-abstract method Method1478
networknt__light-4j,UNSAT,InterfacePolicy,,Interface Class278 contains non-abstract method Method1994
networknt__light-4j,UNSAT,InterfacePolicy,,Interface Class293 contains non-abstract method Method2131
networknt__light-4j,UNSAT,InterfacePolicy,,Interface Class293 contains non-abstract method Method2132
networknt__light-4j,UNSAT,InterfacePolicy,,Interface Class293 contains non-abstract method Method2135
networknt__light-4j,UNSAT,InterfacePolicy,,Interface Class293 contains non-abstract method Method2136
networknt__light-4j,UNSAT,InterfacePolicy,,Interface Class293 contains non-abstract method Method2137
networknt__light-4j,UNSAT,InterfacePolicy,,Interface Class293 contains non-abstract method Method2139
networknt__light-4j,UNSAT,InterfacePolicy,,Interface Class293 contains non-abstract method Method2140
networknt__light-4j,UNSAT,InterfacePolicy,,Interface Class303 contains non-abstract method Method2251
networknt__light-4j,UNSAT,InterfacePolicy,,Interface Class303 contains non-abstract method Method2252
networknt__light-4j,UNSAT,InterfacePolicy,,Interface Class303 contains non-abstract method Method2255
networknt__light-4j,UNSAT,InterfacePolicy,,Interface Class303 contains non-abstract method Method2256
networknt__light-4j,UNSAT,InterfacePolicy,,Interface Class303 contains non-abstract method Method2257
networknt__light-4j,UNSAT,InterfacePolicy,,Interface Class303 contains non-abstract method Method2259
networknt__light-4j,UNSAT,InterfacePolicy,,Interface Class303 contains non-abstract method Method2260
networknt__light-4j,UNSAT,InterfacePolicy,,Interface Class323 contains non-abstract method Method2495
networknt__light-4j,UNSAT,InterfacePolicy,,Interface Class21 has field Field165
networknt__light-4j,UNSAT,InterfacePolicy,,Interface Class146 has field Field929
networknt__light-4j,UNSAT,InterfacePolicy,,Interface Class154 has field Field975
networknt__light-4j,UNSAT,InterfacePolicy,,Interface Class193 has field Field1123
networknt__light-4j,UNSAT,InterfacePolicy,,Interface Class193 has field Field1124
networknt__light-4j,UNSAT,InterfacePolicy,,Interface Class193 has field Field1125
networknt__light-4j,UNSAT,InterfacePolicy,,Interface Class194 has field Field1126
networknt__light-4j,UNSAT,InterfacePolicy,,Interface Class194 has field Field1127
networknt__light-4j,UNSAT,InterfacePolicy,,Interface Class194 has field Field1128
networknt__light-4j,UNSAT,InterfacePolicy,,Interface Class194 has field Field1129
networknt__light-4j,UNSAT,InterfacePolicy,,Interface Class194 has field Field1130
networknt__light-4j,UNSAT,InterfacePolicy,,Interface Class202 has field Field1186
networknt__light-4j,UNSAT,InterfacePolicy,,Interface Class202 has field Field1187
networknt__light-4j,UNSAT,InterfacePolicy,,Interface Class202 has field Field1188
networknt__light-4j,UNSAT,InterfacePolicy,,Interface Class202 has field Field1189
networknt__light-4j,UNSAT,InterfacePolicy,,Interface Class202 has field Field1190
networknt__light-4j,UNSAT,InterfacePolicy,,Interface Class202 has field Field1191
networknt__light-4j,UNSAT,InterfacePolicy,,Interface Class202 has field Field1192
networknt__light-4j,UNSAT,InterfacePolicy,,Interface Class202 has field Field1193
networknt__light-4j,UNSAT,InterfacePolicy,,Interface Class202 has field Field1194
networknt__light-4j,UNSAT,InterfacePolicy,,Interface Class202 has field Field1195
networknt__light-4j,UNSAT,InterfacePolicy,,Interface Class202 has field Field1196
networknt__light-4j,UNSAT,InterfacePolicy,,Interface Class202 has field Field1197
networknt__light-4j,UNSAT,InterfacePolicy,,Interface Class202 has field Field1198
networknt__light-4j,UNSAT,InterfacePolicy,,Interface Class202 has field Field1199
networknt__light-4j,UNSAT,InterfacePolicy,,Interface Class202 has field Field1200
networknt__light-4j,UNSAT,InterfacePolicy,,Interface Class202 has field Field1201
networknt__light-4j,UNSAT,InterfacePolicy,,Interface Class202 has field Field1202
networknt__light-4j,UNSAT,InterfacePolicy,,Interface Class202 has field Field1203
networknt__light-4j,UNSAT,InterfacePolicy,,Interface Class202 has field Field1204
networknt__light-4j,UNSAT,InterfacePolicy,,Interface Class516 has field Field3598
networknt__light-4j,UNSAT,LocalMethodNamespace,,"Duplicate method name 'load' in class Class0: Method5, Method6"
nfcgate__nfcgate,UNSAT,LocalMethodNamespace,,"Duplicate method name 'setValue' in class Class24: Method103, Method104"
nikita36078__J2ME-Loader,UNSAT,InterfacePolicy,,Interface Class75 has field Field519
nikita36078__J2ME-Loader,UNSAT,InterfacePolicy,,Interface Class75 has field Field520
nikita36078__J2ME-Loader,UNSAT,InterfacePolicy,,Interface Class75 has field Field521
nikita36078__J2ME-Loader,UNSAT,InterfacePolicy,,Interface Class75 has field Field522
nikita36078__J2ME-Loader,UNSAT,InterfacePolicy,,Interface Class75 has field Field523
nikita36078__J2ME-Loader,UNSAT,InterfacePolicy,,Interface Class75 has field Field524
nikita36078__J2ME-Loader,UNSAT,InterfacePolicy,,Interface Class75 has field Field525
nikita36078__J2ME-Loader,UNSAT,InterfacePolicy,,Interface Class75 has field Field526
nikita36078__J2ME-Loader,UNSAT,InterfacePolicy,,Interface Class75 has field Field527
nikita36078__J2ME-Loader,UNSAT,InterfacePolicy,,Interface Class75 has field Field528
nikita36078__J2ME-Loader,UNSAT,InterfacePolicy,,Interface Class75 has field Field529
nikita36078__J2ME-Loader,UNSAT,InterfacePolicy,,Interface Class75 has field Field530
nikita36078__J2ME-Loader,UNSAT,InterfacePolicy,,Interface Class75 has field Field531
nikita36078__J2ME-Loader,UNSAT,InterfacePolicy,,Interface Class75 has field Field532
nikita36078__J2ME-Loader,UNSAT,InterfacePolicy,,Interface Class180 has field Field1026
nikita36078__J2ME-Loader,UNSAT,InterfacePolicy,,Interface Class180 has field Field1027
nikita36078__J2ME-Loader,UNSAT,InterfacePolicy,,Interface Class180 has field Field1028
nikita36078__J2ME-Loader,UNSAT,InterfacePolicy,,Interface Class180 has field Field1029
nikita36078__J2ME-Loader,UNSAT,InterfacePolicy,,Interface Class180 has field Field1030
nikita36078__J2ME-Loader,UNSAT,InterfacePolicy,,Interface Class180 has field Field1031
nikita36078__J2ME-Loader,UNSAT,InterfacePolicy,,Interface Class180 has field Field1032
nikita36078__J2ME-Loader,UNSAT,InterfacePolicy,,Interface Class180 has field Field1033
nikita36078__J2ME-Loader,UNSAT,InterfacePolicy,,Interface Class180 has field Field1034
nikita36078__J2ME-Loader,UNSAT,InterfacePolicy,,Interface Class180 has field Field1035
nikita36078__J2ME-Loader,UNSAT,InterfacePolicy,,Interface Class180 has field Field1036
nikita36078__J2ME-Loader,UNSAT,InterfacePolicy,,Interface Class180 has field Field1037
nikita36078__J2ME-Loader,UNSAT,InterfacePolicy,,Interface Class180 has field Field1038
nikita36078__J2ME-Loader,UNSAT,InterfacePolicy,,Interface Class415 has field Field2683
nikita36078__J2ME-Loader,UNSAT,InterfacePolicy,,Interface Class415 has field Field2684
nikita36078__J2ME-Loader,UNSAT,InterfacePolicy,,Interface Class415 has field Field2685
nikita36078__J2ME-Loader,UNSAT,InterfacePolicy,,Interface Class415 has field Field2686
nikita36078__J2ME-Loader,UNSAT,InterfacePolicy,,Interface Class415 has field Field2687
nikita36078__J2ME-Loader,UNSAT,InterfacePolicy,,Interface Class415 has field Field2688
nikita36078__J2ME-Loader,UNSAT,InterfacePolicy,,Interface Class415 has field Field2689
nikita36078__J2ME-Loader,UNSAT,InterfacePolicy,,Interface Class415 has field Field2690
nikita36078__J2ME-Loader,UNSAT,InterfacePolicy,,Interface Class415 has field Field2691
nikita36078__J2ME-Loader,UNSAT,InterfacePolicy,,Interface Class415 has field Field2692
nikita36078__J2ME-Loader,UNSAT,InterfacePolicy,,Interface Class415 has field Field2693
nikita36078__J2ME-Loader,UNSAT,InterfacePolicy,,Interface Class415 has field Field2694
nikita36078__J2ME-Loader,UNSAT,InterfacePolicy,,Interface Class415 has field Field2695
nikita36078__J2ME-Loader,UNSAT,InterfacePolicy,,Interface Class415 has field Field2696
nikita36078__J2ME-Loader,UNSAT,InterfacePolicy,,Interface Class415 has field Field2697
nikita36078__J2ME-Loader,UNSAT,InterfacePolicy,,Interface Class415 has field Field2698
nikita36078__J2ME-Loader,UNSAT,InterfacePolicy,,Interface Class415 has field Field2699
nikita36078__J2ME-Loader,UNSAT,InterfacePolicy,,Interface Class415 has field Field2700
nikita36078__J2ME-Loader,UNSAT,InterfacePolicy,,Interface Class415 has field Field2701
nikita36078__J2ME-Loader,UNSAT,InterfacePolicy,,Interface Class415 has field Field2702
nikita36078__J2ME-Loader,UNSAT,InterfacePolicy,,Interface Class415 has field Field2703
nikita36078__J2ME-Loader,UNSAT,InterfacePolicy,,Interface Class415 has field Field2704
nikita36078__J2ME-Loader,UNSAT,InterfacePolicy,,Interface Class415 has field Field2705
nikita36078__J2ME-Loader,UNSAT,InterfacePolicy,,Interface Class415 has field Field2706
nikita36078__J2ME-Loader,UNSAT,InterfacePolicy,,Interface Class415 has field Field2707
nikita36078__J2ME-Loader,UNSAT,InterfacePolicy,,Interface Class415 has field Field2708
nikita36078__J2ME-Loader,UNSAT,InterfacePolicy,,Interface Class415 has field Field2709
nikita36078__J2ME-Loader,UNSAT,InterfacePolicy,,Interface Class415 has field Field2710
nikita36078__J2ME-Loader,UNSAT,InterfacePolicy,,Interface Class415 has field Field2711
nikita36078__J2ME-Loader,UNSAT,InterfacePolicy,,Interface Class415 has field Field2712
nikita36078__J2ME-Loader,UNSAT,InterfacePolicy,,Interface Class415 has field Field2713
nikita36078__J2ME-Loader,UNSAT,InterfacePolicy,,Interface Class415 has field Field2714
nikita36078__J2ME-Loader,UNSAT,InterfacePolicy,,Interface Class415 has field Field2715
nikita36078__J2ME-Loader,UNSAT,InterfacePolicy,,Interface Class415 has field Field2716
nikita36078__J2ME-Loader,UNSAT,InterfacePolicy,,Interface Class415 has field Field2717
nikita36078__J2ME-Loader,UNSAT,InterfacePolicy,,Interface Class415 has field Field2718
nikita36078__J2ME-Loader,UNSAT,InterfacePolicy,,Interface Class415 has field Field2719
nikita36078__J2ME-Loader,UNSAT,InterfacePolicy,,Interface Class415 has field Field2720
nikita36078__J2ME-Loader,UNSAT,InterfacePolicy,,Interface Class424 has field Field2753
nikita36078__J2ME-Loader,UNSAT,InterfacePolicy,,Interface Class424 has field Field2754
nikita36078__J2ME-Loader,UNSAT,InterfacePolicy,,Interface Class424 has field Field2755
nikita36078__J2ME-Loader,UNSAT,InterfacePolicy,,Interface Class424 has field Field2756
nikita36078__J2ME-Loader,UNSAT,InterfacePolicy,,Interface Class424 has field Field2757
nikita36078__J2ME-Loader,UNSAT,InterfacePolicy,,Interface Class424 has field Field2758
nikita36078__J2ME-Loader,UNSAT,InterfacePolicy,,Interface Class424 has field Field2759
nikita36078__J2ME-Loader,UNSAT,InterfacePolicy,,Interface Class424 has field Field2760
nikita36078__J2ME-Loader,UNSAT,InterfacePolicy,,Interface Class424 has field Field2761
nikita36078__J2ME-Loader,UNSAT,InterfacePolicy,,Interface Class424 has field Field2762
nikita36078__J2ME-Loader,UNSAT,InterfacePolicy,,Interface Class424 has field Field2763
nikita36078__J2ME-Loader,UNSAT,InterfacePolicy,,Interface Class424 has field Field2764
nikita36078__J2ME-Loader,UNSAT,InterfacePolicy,,Interface Class424 has field Field2765
nikita36078__J2ME-Loader,UNSAT,InterfacePolicy,,Interface Class424 has field Field2766
nikita36078__J2ME-Loader,UNSAT,InterfacePolicy,,Interface Class424 has field Field2767
nikita36078__J2ME-Loader,UNSAT,InterfacePolicy,,Interface Class424 has field Field2768
nikita36078__J2ME-Loader,UNSAT,InterfacePolicy,,Interface Class424 has field Field2769
nikita36078__J2ME-Loader,UNSAT,InterfacePolicy,,Interface Class424 has field Field2770
nikita36078__J2ME-Loader,UNSAT,InterfacePolicy,,Interface Class471 has field Field2980
nikita36078__J2ME-Loader,UNSAT,InterfacePolicy,,Interface Class471 has field Field2981
nikita36078__J2ME-Loader,UNSAT,InterfacePolicy,,Interface Class471 has field Field2982
nikita36078__J2ME-Loader,UNSAT,InterfacePolicy,,Interface Class471 has field Field2983
nikita36078__J2ME-Loader,UNSAT,InterfacePolicy,,Interface Class471 has field Field2984
nikita36078__J2ME-Loader,UNSAT,InterfacePolicy,,Interface Class471 has field Field2985
nikita36078__J2ME-Loader,UNSAT,InterfacePolicy,,Interface Class472 has field Field2986
nikita36078__J2ME-Loader,UNSAT,InterfacePolicy,,Interface Class472 has field Field2987
nikita36078__J2ME-Loader,UNSAT,InterfacePolicy,,Interface Class472 has field Field2988
nikita36078__J2ME-Loader,UNSAT,InterfacePolicy,,Interface Class472 has field Field2989
nikita36078__J2ME-Loader,UNSAT,InterfacePolicy,,Interface Class472 has field Field2990
nikita36078__J2ME-Loader,UNSAT,InterfacePolicy,,Interface Class472 has field Field2991
nikita36078__J2ME-Loader,UNSAT,InterfacePolicy,,Interface Class472 has field Field2992
nikita36078__J2ME-Loader,UNSAT,InterfacePolicy,,Interface Class472 has field Field2993
nikita36078__J2ME-Loader,UNSAT,InterfacePolicy,,Interface Class472 has field Field2994
nikita36078__J2ME-Loader,UNSAT,InterfacePolicy,,Interface Class472 has field Field2995
nikita36078__J2ME-Loader,UNSAT,InterfacePolicy,,Interface Class472 has field Field2996
nikita36078__J2ME-Loader,UNSAT,InterfacePolicy,,Interface Class472 has field Field2997
nikita36078__J2ME-Loader,UNSAT,InterfacePolicy,,Interface Class472 has field Field2998
nikita36078__J2ME-Loader,UNSAT,InterfacePolicy,,Interface Class472 has field Field2999
nikita36078__J2ME-Loader,UNSAT,InterfacePolicy,,Interface Class472 has field Field3000
nikita36078__J2ME-Loader,UNSAT,InterfacePolicy,,Interface Class472 has field Field3001
nikita36078__J2ME-Loader,UNSAT,InterfacePolicy,,Interface Class494 has field Field3020
nikita36078__J2ME-Loader,UNSAT,InterfacePolicy,,Interface Class494 has field Field3021
nikita36078__J2ME-Loader,UNSAT,InterfacePolicy,,Interface Class494 has field Field3022
nikita36078__J2ME-Loader,UNSAT,InterfacePolicy,,Interface Class494 has field Field3023
nikita36078__J2ME-Loader,UNSAT,InterfacePolicy,,Interface Class494 has field Field3024
nikita36078__J2ME-Loader,UNSAT,InterfacePolicy,,Interface Class494 has field Field3025
nikita36078__J2ME-Loader,UNSAT,InterfacePolicy,,Interface Class494 has field Field3026
nikita36078__J2ME-Loader,UNSAT,InterfacePolicy,,Interface Class494 has field Field3027
nikita36078__J2ME-Loader,UNSAT,InterfacePolicy,,Interface Class494 has field Field3028
nikita36078__J2ME-Loader,UNSAT,InterfacePolicy,,Interface Class494 has field Field3029
nikita36078__J2ME-Loader,UNSAT,InterfacePolicy,,Interface Class494 has field Field3030
nikita36078__J2ME-Loader,UNSAT,InterfacePolicy,,Interface Class494 has field Field3031
nikita36078__J2ME-Loader,UNSAT,InterfacePolicy,,Interface Class494 has field Field3032
nikita36078__J2ME-Loader,UNSAT,InterfacePolicy,,Interface Class494 has field Field3033
nikita36078__J2ME-Loader,UNSAT,InterfacePolicy,,Interface Class494 has field Field3034
nikita36078__J2ME-Loader,UNSAT,InterfacePolicy,,Interface Class494 has field Field3035
nikita36078__J2ME-Loader,UNSAT,InterfacePolicy,,Interface Class494 has field Field3036
nikita36078__J2ME-Loader,UNSAT,InterfacePolicy,,Interface Class494 has field Field3037
nikita36078__J2ME-Loader,UNSAT,InterfacePolicy,,Interface Class494 has field Field3038
nikita36078__J2ME-Loader,UNSAT,InterfacePolicy,,Interface Class499 has field Field3058
nikita36078__J2ME-Loader,UNSAT,InterfacePolicy,,Interface Class499 has field Field3059
nikita36078__J2ME-Loader,UNSAT,InterfacePolicy,,Interface Class499 has field Field3060
nikita36078__J2ME-Loader,UNSAT,InterfacePolicy,,Interface Class499 has field Field3061
nikita36078__J2ME-Loader,UNSAT,InterfacePolicy,,Interface Class504 has field Field3067
nikita36078__J2ME-Loader,UNSAT,InterfacePolicy,,Interface Class504 has field Field3068
nikita36078__J2ME-Loader,UNSAT,InterfacePolicy,,Interface Class504 has field Field3069
nikita36078__J2ME-Loader,UNSAT,InterfacePolicy,,Interface Class512 has field Field3113
nikita36078__J2ME-Loader,UNSAT,InterfacePolicy,,Interface Class512 has field Field3114
nikita36078__J2ME-Loader,UNSAT,InterfacePolicy,,Interface Class512 has field Field3115
nikita36078__J2ME-Loader,UNSAT,InterfacePolicy,,Interface Class512 has field Field3116
nikita36078__J2ME-Loader,UNSAT,InterfacePolicy,,Interface Class512 has field Field3117
nikita36078__J2ME-Loader,UNSAT,InterfacePolicy,,Interface Class512 has field Field3118
nikita36078__J2ME-Loader,UNSAT,InterfacePolicy,,Interface Class512 has field Field3119
nikita36078__J2ME-Loader,UNSAT,InterfacePolicy,,Interface Class512 has field Field3120
nikita36078__J2ME-Loader,UNSAT,InterfacePolicy,,Interface Class514 has field Field3132
nikita36078__J2ME-Loader,UNSAT,InterfacePolicy,,Interface Class514 has field Field3133
nikita36078__J2ME-Loader,UNSAT,InterfacePolicy,,Interface Class518 has field Field3141
nikita36078__J2ME-Loader,UNSAT,InterfacePolicy,,Interface Class518 has field Field3142
nikita36078__J2ME-Loader,UNSAT,InterfacePolicy,,Interface Class518 has field Field3143
nikita36078__J2ME-Loader,UNSAT,InterfacePolicy,,Interface Class525 has field Field3150
nikita36078__J2ME-Loader,UNSAT,InterfacePolicy,,Interface Class525 has field Field3151
nikita36078__J2ME-Loader,UNSAT,InterfacePolicy,,Interface Class525 has field Field3152
nikita36078__J2ME-Loader,UNSAT,InterfacePolicy,,Interface Class525 has field Field3153
nikita36078__J2ME-Loader,UNSAT,InterfacePolicy,,Interface Class525 has field Field3154
nikita36078__J2ME-Loader,UNSAT,InterfacePolicy,,Interface Class526 has field Field3155
nikita36078__J2ME-Loader,UNSAT,InterfacePolicy,,Interface Class526 has field Field3156
nikita36078__J2ME-Loader,UNSAT,InterfacePolicy,,Interface Class526 has field Field3157
nikita36078__J2ME-Loader,UNSAT,InterfacePolicy,,Interface Class526 has field Field3158
nikita36078__J2ME-Loader,UNSAT,InterfacePolicy,,Interface Class526 has field Field3159
nikita36078__J2ME-Loader,UNSAT,InterfacePolicy,,Interface Class526 has field Field3160
nikita36078__J2ME-Loader,UNSAT,InterfacePolicy,,Interface Class533 has field Field3161
nikita36078__J2ME-Loader,UNSAT,InterfacePolicy,,Interface Class533 has field Field3162
nikita36078__J2ME-Loader,UNSAT,InterfacePolicy,,Interface Class533 has field Field3163
nikita36078__J2ME-Loader,UNSAT,InterfacePolicy,,Interface Class535 has field Field3164
nikita36078__J2ME-Loader,UNSAT,InterfacePolicy,,Interface Class535 has field Field3165
nikita36078__J2ME-Loader,UNSAT,InterfacePolicy,,Interface Class535 has field Field3166
nikita36078__J2ME-Loader,UNSAT,InterfacePolicy,,Interface Class535 has field Field3167
nikita36078__J2ME-Loader,UNSAT,InterfacePolicy,,Interface Class535 has field Field3168
nikita36078__J2ME-Loader,UNSAT,InterfacePolicy,,Interface Class535 has field Field3169
nikita36078__J2ME-Loader,UNSAT,InterfacePolicy,,Interface Class535 has field Field3170
nikita36078__J2ME-Loader,UNSAT,InterfacePolicy,,Interface Class535 has field Field3171
nikita36078__J2ME-Loader,UNSAT,InterfacePolicy,,Interface Class535 has field Field3172
nikita36078__J2ME-Loader,UNSAT,InterfacePolicy,,Interface Class553 has field Field3173
nikita36078__J2ME-Loader,UNSAT,InterfacePolicy,,Interface Class554 has field Field3174
nikita36078__J2ME-Loader,UNSAT,InterfacePolicy,,Interface Class554 has field Field3175
nikita36078__J2ME-Loader,UNSAT,InterfacePolicy,,Interface Class554 has field Field3176
nikita36078__J2ME-Loader,UNSAT,InterfacePolicy,,Interface Class554 has field Field3177
nikita36078__J2ME-Loader,UNSAT,InterfacePolicy,,Interface Class556 has field Field3178
nikita36078__J2ME-Loader,UNSAT,InterfacePolicy,,Interface Class556 has field Field3179
nikita36078__J2ME-Loader,UNSAT,InterfacePolicy,,Interface Class556 has field Field3180
nikita36078__J2ME-Loader,UNSAT,InterfacePolicy,,Interface Class556 has field Field3181
nikita36078__J2ME-Loader,UNSAT,InterfacePolicy,,Interface Class556 has field Field3182
nikita36078__J2ME-Loader,UNSAT,InterfacePolicy,,Interface Class556 has field Field3183
nikita36078__J2ME-Loader,UNSAT,InterfacePolicy,,Interface Class557 has field Field3184
nikita36078__J2ME-Loader,UNSAT,InterfacePolicy,,Interface Class557 has field Field3185
nikita36078__J2ME-Loader,UNSAT,InterfacePolicy,,Interface Class557 has field Field3186
nikita36078__J2ME-Loader,UNSAT,InterfacePolicy,,Interface Class557 has field Field3187
nikita36078__J2ME-Loader,UNSAT,InterfacePolicy,,Interface Class557 has field Field3188
nikita36078__J2ME-Loader,UNSAT,InterfacePolicy,,Interface Class558 has field Field3189
nikita36078__J2ME-Loader,UNSAT,InterfacePolicy,,Interface Class558 has field Field3190
nikita36078__J2ME-Loader,UNSAT,InterfacePolicy,,Interface Class558 has field Field3191
nikita36078__J2ME-Loader,UNSAT,InterfacePolicy,,Interface Class558 has field Field3192
nikita36078__J2ME-Loader,UNSAT,InterfacePolicy,,Interface Class558 has field Field3193
nikita36078__J2ME-Loader,UNSAT,InterfacePolicy,,Interface Class559 has field Field3194
nikita36078__J2ME-Loader,UNSAT,InterfacePolicy,,Interface Class559 has field Field3195
nikita36078__J2ME-Loader,UNSAT,InterfacePolicy,,Interface Class559 has field Field3196
nikita36078__J2ME-Loader,UNSAT,InterfacePolicy,,Interface Class561 has field Field3197
nikita36078__J2ME-Loader,UNSAT,InterfacePolicy,,Interface Class561 has field Field3198
nikita36078__J2ME-Loader,UNSAT,InterfacePolicy,,Interface Class561 has field Field3199
nikita36078__J2ME-Loader,UNSAT,InterfacePolicy,,Interface Class564 has field Field3200
nikita36078__J2ME-Loader,UNSAT,InterfacePolicy,,Interface Class564 has field Field3201
nikita36078__J2ME-Loader,UNSAT,InterfacePolicy,,Interface Class564 has field Field3202
nikita36078__J2ME-Loader,UNSAT,InterfacePolicy,,Interface Class564 has field Field3203
nikita36078__J2ME-Loader,UNSAT,InterfacePolicy,,Interface Class565 has field Field3204
nikita36078__J2ME-Loader,UNSAT,InterfacePolicy,,Interface Class565 has field Field3205
nikita36078__J2ME-Loader,UNSAT,InterfacePolicy,,Interface Class565 has field Field3206
nikita36078__J2ME-Loader,UNSAT,InterfacePolicy,,Interface Class566 has field Field3207
nikita36078__J2ME-Loader,UNSAT,InterfacePolicy,,Interface Class566 has field Field3208
nikita36078__J2ME-Loader,UNSAT,InterfacePolicy,,Interface Class566 has field Field3209
nikita36078__J2ME-Loader,UNSAT,InterfacePolicy,,Interface Class566 has field Field3210
nikita36078__J2ME-Loader,UNSAT,InterfacePolicy,,Interface Class566 has field Field3211
nikita36078__J2ME-Loader,UNSAT,InterfacePolicy,,Interface Class574 has field Field3216
nikita36078__J2ME-Loader,UNSAT,InterfacePolicy,,Interface Class574 has field Field3217
nikita36078__J2ME-Loader,UNSAT,InterfacePolicy,,Interface Class574 has field Field3218
nikita36078__J2ME-Loader,UNSAT,InterfacePolicy,,Interface Class574 has field Field3219
nikita36078__J2ME-Loader,UNSAT,InterfacePolicy,,Interface Class574 has field Field3220
nikita36078__J2ME-Loader,UNSAT,InterfacePolicy,,Interface Class574 has field Field3221
nikita36078__J2ME-Loader,UNSAT,InterfacePolicy,,Interface Class574 has field Field3222
nikita36078__J2ME-Loader,UNSAT,InterfacePolicy,,Interface Class574 has field Field3223
nikita36078__J2ME-Loader,UNSAT,InterfacePolicy,,Interface Class574 has field Field3224
nikita36078__J2ME-Loader,UNSAT,InterfacePolicy,,Interface Class574 has field Field3225
nikita36078__J2ME-Loader,UNSAT,InterfacePolicy,,Interface Class574 has field Field3226
nikita36078__J2ME-Loader,UNSAT,InterfacePolicy,,Interface Class574 has field Field3227
nikita36078__J2ME-Loader,UNSAT,InterfacePolicy,,Interface Class574 has field Field3228
nikita36078__J2ME-Loader,UNSAT,InterfacePolicy,,Interface Class574 has field Field3229
nikita36078__J2ME-Loader,UNSAT,InterfacePolicy,,Interface Class574 has field Field3230
nikita36078__J2ME-Loader,UNSAT,InterfacePolicy,,Interface Class574 has field Field3231
nikita36078__J2ME-Loader,UNSAT,InterfacePolicy,,Interface Class574 has field Field3232
nikita36078__J2ME-Loader,UNSAT,InterfacePolicy,,Interface Class574 has field Field3233
nikita36078__J2ME-Loader,UNSAT,InterfacePolicy,,Interface Class574 has field Field3234
nikita36078__J2ME-Loader,UNSAT,InterfacePolicy,,Interface Class574 has field Field3235
nikita36078__J2ME-Loader,UNSAT,InterfacePolicy,,Interface Class574 has field Field3236
nikita36078__J2ME-Loader,UNSAT,InterfacePolicy,,Interface Class574 has field Field3237
nikita36078__J2ME-Loader,UNSAT,InterfacePolicy,,Interface Class574 has field Field3238
nikita36078__J2ME-Loader,UNSAT,InterfacePolicy,,Interface Class574 has field Field3239
nikita36078__J2ME-Loader,UNSAT,InterfacePolicy,,Interface Class574 has field Field3240
nikita36078__J2ME-Loader,UNSAT,InterfacePolicy,,Interface Class574 has field Field3241
nikita36078__J2ME-Loader,UNSAT,InterfacePolicy,,Interface Class574 has field Field3242
nikita36078__J2ME-Loader,UNSAT,InterfacePolicy,,Interface Class574 has field Field3243
nikita36078__J2ME-Loader,UNSAT,InterfacePolicy,,Interface Class574 has field Field3244
nikita36078__J2ME-Loader,UNSAT,InterfacePolicy,,Interface Class574 has field Field3245
nikita36078__J2ME-Loader,UNSAT,InterfacePolicy,,Interface Class574 has field Field3246
nikita36078__J2ME-Loader,UNSAT,InterfacePolicy,,Interface Class574 has field Field3247
nikita36078__J2ME-Loader,UNSAT,InterfacePolicy,,Interface Class574 has field Field3248
nikita36078__J2ME-Loader,UNSAT,InterfacePolicy,,Interface Class574 has field Field3249
nikita36078__J2ME-Loader,UNSAT,InterfacePolicy,,Interface Class574 has field Field3250
nikita36078__J2ME-Loader,UNSAT,InterfacePolicy,,Interface Class574 has field Field3251
nikita36078__J2ME-Loader,UNSAT,InterfacePolicy,,Interface Class574 has field Field3252
nikita36078__J2ME-Loader,UNSAT,InterfacePolicy,,Interface Class574 has field Field3253
nikita36078__J2ME-Loader,UNSAT,InterfacePolicy,,Interface Class574 has field Field3254
nikita36078__J2ME-Loader,UNSAT,InterfacePolicy,,Interface Class574 has field Field3255
nikita36078__J2ME-Loader,UNSAT,InterfacePolicy,,Interface Class574 has field Field3256
nikita36078__J2ME-Loader,UNSAT,InterfacePolicy,,Interface Class582 has field Field3258
nikita36078__J2ME-Loader,UNSAT,InterfacePolicy,,Interface Class582 has field Field3259
nikita36078__J2ME-Loader,UNSAT,InterfacePolicy,,Interface Class582 has field Field3260
nikita36078__J2ME-Loader,UNSAT,InterfacePolicy,,Interface Class582 has field Field3261
nikita36078__J2ME-Loader,UNSAT,InterfacePolicy,,Interface Class582 has field Field3262
nikita36078__J2ME-Loader,UNSAT,InterfacePolicy,,Interface Class588 has field Field3264
nikita36078__J2ME-Loader,UNSAT,InterfacePolicy,,Interface Class588 has field Field3265
nikita36078__J2ME-Loader,UNSAT,InterfacePolicy,,Interface Class594 has field Field3367
nikita36078__J2ME-Loader,UNSAT,InterfacePolicy,,Interface Class594 has field Field3368
nikita36078__J2ME-Loader,UNSAT,InterfacePolicy,,Interface Class594 has field Field3369
nikita36078__J2ME-Loader,UNSAT,InterfacePolicy,,Interface Class594 has field Field3370
nikita36078__J2ME-Loader,UNSAT,InterfacePolicy,,Interface Class594 has field Field3371
nikita36078__J2ME-Loader,UNSAT,InterfacePolicy,,Interface Class594 has field Field3372
nikita36078__J2ME-Loader,UNSAT,InterfacePolicy,,Interface Class594 has field Field3373
nikita36078__J2ME-Loader,UNSAT,InterfacePolicy,,Interface Class716 has field Field4290
nikita36078__J2ME-Loader,UNSAT,InterfacePolicy,,Interface Class716 has field Field4291
nikita36078__J2ME-Loader,UNSAT,InterfacePolicy,,Interface Class716 has field Field4292
nikita36078__J2ME-Loader,UNSAT,InterfacePolicy,,Interface Class716 has field Field4293
nikita36078__J2ME-Loader,UNSAT,InterfacePolicy,,Interface Class716 has field Field4294
nikita36078__J2ME-Loader,UNSAT,InterfacePolicy,,Interface Class716 has field Field4295
nikita36078__J2ME-Loader,UNSAT,InterfacePolicy,,Interface Class717 has field Field4296
nikita36078__J2ME-Loader,UNSAT,InterfacePolicy,,Interface Class717 has field Field4297
nikita36078__J2ME-Loader,UNSAT,InterfacePolicy,,Interface Class717 has field Field4298
nikita36078__J2ME-Loader,UNSAT,InterfacePolicy,,Interface Class717 has field Field4299
nikita36078__J2ME-Loader,UNSAT,InterfacePolicy,,Interface Class717 has field Field4300
nikita36078__J2ME-Loader,UNSAT,InterfacePolicy,,Interface Class717 has field Field4301
nikita36078__J2ME-Loader,UNSAT,InterfacePolicy,,Interface Class717 has field Field4302
nikita36078__J2ME-Loader,UNSAT,InterfacePolicy,,Interface Class717 has field Field4303
nikita36078__J2ME-Loader,UNSAT,InterfacePolicy,,Interface Class717 has field Field4304
nikita36078__J2ME-Loader,UNSAT,InterfacePolicy,,Interface Class722 has field Field4317
nikita36078__J2ME-Loader,UNSAT,InterfacePolicy,,Interface Class723 has field Field4318
nikita36078__J2ME-Loader,UNSAT,InterfacePolicy,,Interface Class723 has field Field4319
nikita36078__J2ME-Loader,UNSAT,InterfacePolicy,,Interface Class724 has field Field4320
nikita36078__J2ME-Loader,UNSAT,InterfacePolicy,,Interface Class724 has field Field4321
nikita36078__J2ME-Loader,UNSAT,InterfacePolicy,,Interface Class724 has field Field4322
nikita36078__J2ME-Loader,UNSAT,InterfacePolicy,,Interface Class724 has field Field4323
nikita36078__J2ME-Loader,UNSAT,InterfacePolicy,,Interface Class724 has field Field4324
nikita36078__J2ME-Loader,UNSAT,InterfacePolicy,,Interface Class724 has field Field4325
nikita36078__J2ME-Loader,UNSAT,InterfacePolicy,,Interface Class724 has field Field4326
nikita36078__J2ME-Loader,UNSAT,InterfacePolicy,,Interface Class724 has field Field4327
nikita36078__J2ME-Loader,UNSAT,InterfacePolicy,,Interface Class724 has field Field4328
nikita36078__J2ME-Loader,UNSAT,InterfacePolicy,,Interface Class724 has field Field4329
nikita36078__J2ME-Loader,UNSAT,InterfacePolicy,,Interface Class724 has field Field4330
nikita36078__J2ME-Loader,UNSAT,InterfacePolicy,,Interface Class724 has field Field4331
nikita36078__J2ME-Loader,UNSAT,InterfacePolicy,,Interface Class724 has field Field4332
nikita36078__J2ME-Loader,UNSAT,InterfacePolicy,,Interface Class724 has field Field4333
nikita36078__J2ME-Loader,UNSAT,InterfacePolicy,,Interface Class724 has field Field4334
nikita36078__J2ME-Loader,UNSAT,InterfacePolicy,,Interface Class724 has field Field4335
nikita36078__J2ME-Loader,UNSAT,InterfacePolicy,,Interface Class724 has field Field4336
nikita36078__J2ME-Loader,UNSAT,InterfacePolicy,,Interface Class728 has field Field4337
nikita36078__J2ME-Loader,UNSAT,InterfacePolicy,,Interface Class730 has field Field4338
nikita36078__J2ME-Loader,UNSAT,InterfacePolicy,,Interface Class730 has field Field4339
nikita36078__J2ME-Loader,UNSAT,InterfacePolicy,,Interface Class730 has field Field4340
nikita36078__J2ME-Loader,UNSAT,InterfacePolicy,,Interface Class730 has field Field4341
nikita36078__J2ME-Loader,UNSAT,InterfacePolicy,,Interface Class730 has field Field4342
nikita36078__J2ME-Loader,UNSAT,InterfacePolicy,,Interface Class730 has field Field4343
nikita36078__J2ME-Loader,UNSAT,InterfacePolicy,,Interface Class730 has field Field4344
nikita36078__J2ME-Loader,UNSAT,InterfacePolicy,,Interface Class730 has field Field4345
nikita36078__J2ME-Loader,UNSAT,InterfacePolicy,,Interface Class730 has field Field4346
nikita36078__J2ME-Loader,UNSAT,InterfacePolicy,,Interface Class730 has field Field4347
nikita36078__J2ME-Loader,UNSAT,InterfacePolicy,,Interface Class731 has field Field4348
nikita36078__J2ME-Loader,UNSAT,InterfacePolicy,,Interface Class735 has field Field4351
nikita36078__J2ME-Loader,UNSAT,InterfacePolicy,,Interface Class735 has field Field4352
nikita36078__J2ME-Loader,UNSAT,InterfacePolicy,,Interface Class735 has field Field4353
nikita36078__J2ME-Loader,UNSAT,InterfacePolicy,,Interface Class751 has field Field4422
nikita36078__J2ME-Loader,UNSAT,InterfacePolicy,,Interface Class751 has field Field4423
nikita36078__J2ME-Loader,UNSAT,InterfacePolicy,,Interface Class751 has field Field4424
nikita36078__J2ME-Loader,UNSAT,InterfacePolicy,,Interface Class751 has field Field4425
nikita36078__J2ME-Loader,UNSAT,InterfacePolicy,,Interface Class751 has field Field4426
nikita36078__J2ME-Loader,UNSAT,InterfacePolicy,,Interface Class751 has field Field4427
nikita36078__J2ME-Loader,UNSAT,InterfacePolicy,,Interface Class751 has field Field4428
nikita36078__J2ME-Loader,UNSAT,InterfacePolicy,,Interface Class751 has field Field4429
nikita36078__J2ME-Loader,UNSAT,InterfacePolicy,,Interface Class751 has field Field4430
nikita36078__J2ME-Loader,UNSAT,InterfacePolicy,,Interface Class751 has field Field4431
nikita36078__J2ME-Loader,UNSAT,InterfacePolicy,,Interface Class751 has field Field4432
nikita36078__J2ME-Loader,UNSAT,InterfacePolicy,,Interface Class751 has field Field4433
nikita36078__J2ME-Loader,UNSAT,InterfacePolicy,,Interface Class751 has field Field4434
nikita36078__J2ME-Loader,UNSAT,InterfacePolicy,,Interface Class751 has field Field4435
nikita36078__J2ME-Loader,UNSAT,InterfacePolicy,,Interface Class751 has field Field4436
nikita36078__J2ME-Loader,UNSAT,InterfacePolicy,,Interface Class751 has field Field4437
nikita36078__J2ME-Loader,UNSAT,InterfacePolicy,,Interface Class751 has field Field4438
nikita36078__J2ME-Loader,UNSAT,InterfacePolicy,,Interface Class751 has field Field4439
nikita36078__J2ME-Loader,UNSAT,InterfacePolicy,,Interface Class751 has field Field4440
nikita36078__J2ME-Loader,UNSAT,InterfacePolicy,,Interface Class751 has field Field4441
nikita36078__J2ME-Loader,UNSAT,InterfacePolicy,,Interface Class751 has field Field4442
nikita36078__J2ME-Loader,UNSAT,InterfacePolicy,,Interface Class751 has field Field4443
nikita36078__J2ME-Loader,UNSAT,InterfacePolicy,,Interface Class751 has field Field4444
nikita36078__J2ME-Loader,UNSAT,InterfacePolicy,,Interface Class751 has field Field4445
nikita36078__J2ME-Loader,UNSAT,InterfacePolicy,,Interface Class751 has field Field4446
nikita36078__J2ME-Loader,UNSAT,InterfacePolicy,,Interface Class751 has field Field4447
nikita36078__J2ME-Loader,UNSAT,InterfacePolicy,,Interface Class751 has field Field4448
nikita36078__J2ME-Loader,UNSAT,InterfacePolicy,,Interface Class751 has field Field4449
nikita36078__J2ME-Loader,UNSAT,InterfacePolicy,,Interface Class751 has field Field4450
nikita36078__J2ME-Loader,UNSAT,InterfacePolicy,,Interface Class751 has field Field4451
nikita36078__J2ME-Loader,UNSAT,InterfacePolicy,,Interface Class751 has field Field4452
nikita36078__J2ME-Loader,UNSAT,InterfacePolicy,,Interface Class751 has field Field4453
nikita36078__J2ME-Loader,UNSAT,InterfacePolicy,,Interface Class751 has field Field4454
nikita36078__J2ME-Loader,UNSAT,InterfacePolicy,,Interface Class751 has field Field4455
nikita36078__J2ME-Loader,UNSAT,InterfacePolicy,,Interface Class751 has field Field4456
nikita36078__J2ME-Loader,UNSAT,InterfacePolicy,,Interface Class751 has field Field4457
nikita36078__J2ME-Loader,UNSAT,InterfacePolicy,,Interface Class751 has field Field4458
nikita36078__J2ME-Loader,UNSAT,InterfacePolicy,,Interface Class751 has field Field4459
nikita36078__J2ME-Loader,UNSAT,InterfacePolicy,,Interface Class751 has field Field4460
nikita36078__J2ME-Loader,UNSAT,InterfacePolicy,,Interface Class751 has field Field4461
nikita36078__J2ME-Loader,UNSAT,InterfacePolicy,,Interface Class751 has field Field4462
nikita36078__J2ME-Loader,UNSAT,InterfacePolicy,,Interface Class751 has field Field4463
nikita36078__J2ME-Loader,UNSAT,InterfacePolicy,,Interface Class751 has field Field4464
nikita36078__J2ME-Loader,UNSAT,InterfacePolicy,,Interface Class751 has field Field4465
nikita36078__J2ME-Loader,UNSAT,InterfacePolicy,,Interface Class753 has field Field4466
nikita36078__J2ME-Loader,UNSAT,InterfacePolicy,,Interface Class753 has field Field4467
nikita36078__J2ME-Loader,UNSAT,InterfacePolicy,,Interface Class753 has field Field4468
nikita36078__J2ME-Loader,UNSAT,InterfacePolicy,,Interface Class753 has field Field4469
nikita36078__J2ME-Loader,UNSAT,InterfacePolicy,,Interface Class753 has field Field4470
nikita36078__J2ME-Loader,UNSAT,InterfacePolicy,,Interface Class753 has field Field4471
nikita36078__J2ME-Loader,UNSAT,InterfacePolicy,,Interface Class753 has field Field4472
nikita36078__J2ME-Loader,UNSAT,InterfacePolicy,,Interface Class753 has field Field4473
nikita36078__J2ME-Loader,UNSAT,InterfacePolicy,,Interface Class753 has field Field4474
nikita36078__J2ME-Loader,UNSAT,InterfacePolicy,,Interface Class753 has field Field4475
nikita36078__J2ME-Loader,UNSAT,InterfacePolicy,,Interface Class753 has field Field4476
nikita36078__J2ME-Loader,UNSAT,InterfacePolicy,,Interface Class753 has field Field4477
nikita36078__J2ME-Loader,UNSAT,InterfacePolicy,,Interface Class754 has field Field4478
nikita36078__J2ME-Loader,UNSAT,InterfacePolicy,,Interface Class754 has field Field4479
nikita36078__J2ME-Loader,UNSAT,InterfacePolicy,,Interface Class754 has field Field4480
nikita36078__J2ME-Loader,UNSAT,InterfacePolicy,,Interface Class759 has field Field4497
nikita36078__J2ME-Loader,UNSAT,InterfacePolicy,,Interface Class759 has field Field4498
nikita36078__J2ME-Loader,UNSAT,InterfacePolicy,,Interface Class759 has field Field4499
nikita36078__J2ME-Loader,UNSAT,InterfacePolicy,,Interface Class759 has field Field4500
nikita36078__J2ME-Loader,UNSAT,InterfacePolicy,,Interface Class759 has field Field4501
nikita36078__J2ME-Loader,UNSAT,InterfacePolicy,,Interface Class759 has field Field4502
nikita36078__J2ME-Loader,UNSAT,InterfacePolicy,,Interface Class759 has field Field4503
nikita36078__J2ME-Loader,UNSAT,InterfacePolicy,,Interface Class759 has field Field4504
nikita36078__J2ME-Loader,UNSAT,InterfacePolicy,,Interface Class759 has field Field4505
nikita36078__J2ME-Loader,UNSAT,InterfacePolicy,,Interface Class760 has field Field4506
nikita36078__J2ME-Loader,UNSAT,InterfacePolicy,,Interface Class762 has field Field4549
nikita36078__J2ME-Loader,UNSAT,InterfacePolicy,,Interface Class762 has field Field4550
nikita36078__J2ME-Loader,UNSAT,InterfacePolicy,,Interface Class762 has field Field4551
nikita36078__J2ME-Loader,UNSAT,InterfacePolicy,,Interface Class762 has field Field4552
nikita36078__J2ME-Loader,UNSAT,InterfacePolicy,,Interface Class762 has field Field4553
nikita36078__J2ME-Loader,UNSAT,InterfacePolicy,,Interface Class762 has field Field4554
nikita36078__J2ME-Loader,UNSAT,InterfacePolicy,,Interface Class762 has field Field4555
nikita36078__J2ME-Loader,UNSAT,InterfacePolicy,,Interface Class762 has field Field4556
nikita36078__J2ME-Loader,UNSAT,InterfacePolicy,,Interface Class762 has field Field4557
nikita36078__J2ME-Loader,UNSAT,InterfacePolicy,,Interface Class762 has field Field4558
nikita36078__J2ME-Loader,UNSAT,InterfacePolicy,,Interface Class762 has field Field4559
nikita36078__J2ME-Loader,UNSAT,InterfacePolicy,,Interface Class762 has field Field4560
nikita36078__J2ME-Loader,UNSAT,InterfacePolicy,,Interface Class768 has field Field4579
nikita36078__J2ME-Loader,UNSAT,InterfacePolicy,,Interface Class768 has field Field4580
nikita36078__J2ME-Loader,UNSAT,InterfacePolicy,,Interface Class768 has field Field4581
nikita36078__J2ME-Loader,UNSAT,InterfacePolicy,,Interface Class778 has field Field4590
nikita36078__J2ME-Loader,UNSAT,InterfacePolicy,,Interface Class778 has field Field4591
nikita36078__J2ME-Loader,UNSAT,InterfacePolicy,,Interface Class778 has field Field4592
nikita36078__J2ME-Loader,UNSAT,InterfacePolicy,,Interface Class778 has field Field4593
nikita36078__J2ME-Loader,UNSAT,InterfacePolicy,,Interface Class785 has field Field4615
nikita36078__J2ME-Loader,UNSAT,InterfacePolicy,,Interface Class785 has field Field4616
nikita36078__J2ME-Loader,UNSAT,InterfacePolicy,,Interface Class785 has field Field4617
nikita36078__J2ME-Loader,UNSAT,InterfacePolicy,,Interface Class787 has field Field4624
nikita36078__J2ME-Loader,UNSAT,InterfacePolicy,,Interface Class787 has field Field4625
nikita36078__J2ME-Loader,UNSAT,InterfacePolicy,,Interface Class787 has field Field4626
nikita36078__J2ME-Loader,UNSAT,InterfacePolicy,,Interface Class787 has field Field4627
nikita36078__J2ME-Loader,UNSAT,InterfacePolicy,,Interface Class787 has field Field4628
nikita36078__J2ME-Loader,UNSAT,InterfacePolicy,,Interface Class797 has field Field4637
nikita36078__J2ME-Loader,UNSAT,InterfacePolicy,,Interface Class797 has field Field4638
nikita36078__J2ME-Loader,UNSAT,InterfacePolicy,,Interface Class797 has field Field4639
nikita36078__J2ME-Loader,UNSAT,InterfacePolicy,,Interface Class798 has field Field4640
nikita36078__J2ME-Loader,UNSAT,InterfacePolicy,,Interface Class798 has field Field4641
nikita36078__J2ME-Loader,UNSAT,InterfacePolicy,,Interface Class798 has field Field4642
nikita36078__J2ME-Loader,UNSAT,InterfacePolicy,,Interface Class798 has field Field4643
nikita36078__J2ME-Loader,UNSAT,InterfacePolicy,,Interface Class798 has field Field4644
nikita36078__J2ME-Loader,UNSAT,InterfacePolicy,,Interface Class798 has field Field4645
nikita36078__J2ME-Loader,UNSAT,InterfacePolicy,,Interface Class798 has field Field4646
nikita36078__J2ME-Loader,UNSAT,InterfacePolicy,,Interface Class798 has field Field4647
nikita36078__J2ME-Loader,UNSAT,InterfacePolicy,,Interface Class798 has field Field4648
nikita36078__J2ME-Loader,UNSAT,InterfacePolicy,,Interface Class798 has field Field4649
nikita36078__J2ME-Loader,UNSAT,InterfacePolicy,,Interface Class798 has field Field4650
nikita36078__J2ME-Loader,UNSAT,InterfacePolicy,,Interface Class798 has field Field4651
nikita36078__J2ME-Loader,UNSAT,InterfacePolicy,,Interface Class798 has field Field4652
nikita36078__J2ME-Loader,UNSAT,InterfacePolicy,,Interface Class798 has field Field4653
nikita36078__J2ME-Loader,UNSAT,InterfacePolicy,,Interface Class798 has field Field4654
nikita36078__J2ME-Loader,UNSAT,InterfacePolicy,,Interface Class798 has field Field4655
nikita36078__J2ME-Loader,UNSAT,InterfacePolicy,,Interface Class817 has field Field4745
nikita36078__J2ME-Loader,UNSAT,InterfacePolicy,,Interface Class817 has field Field4746
nikita36078__J2ME-Loader,UNSAT,InterfacePolicy,,Interface Class817 has field Field4747
nikita36078__J2ME-Loader,UNSAT,InterfacePolicy,,Interface Class817 has field Field4748
nikita36078__J2ME-Loader,UNSAT,InterfacePolicy,,Interface Class817 has field Field4749
nikita36078__J2ME-Loader,UNSAT,InterfacePolicy,,Interface Class817 has field Field4750
nikita36078__J2ME-Loader,UNSAT,InterfacePolicy,,Interface Class817 has field Field4751
nikita36078__J2ME-Loader,UNSAT,InterfacePolicy,,Interface Class817 has field Field4752
nikita36078__J2ME-Loader,UNSAT,InterfacePolicy,,Interface Class817 has field Field4753
nikita36078__J2ME-Loader,UNSAT,InterfacePolicy,,Interface Class817 has field Field4754
nikita36078__J2ME-Loader,UNSAT,InterfacePolicy,,Interface Class817 has field Field4755
nikita36078__J2ME-Loader,UNSAT,InterfacePolicy,,Interface Class817 has field Field4756
nikita36078__J2ME-Loader,UNSAT,InterfacePolicy,,Interface Class825 has field Field4795
nikita36078__J2ME-Loader,UNSAT,InterfacePolicy,,Interface Class825 has field Field4796
nikita36078__J2ME-Loader,UNSAT,InterfacePolicy,,Interface Class825 has field Field4797
nikita36078__J2ME-Loader,UNSAT,LocalMethodNamespace,,"Duplicate method name 'writeTo' in class Class4: Method44, Method45"
noties__Markwon,UNSAT,InterfacePolicy,,Interface Class226 has field Field233
noties__Markwon,UNSAT,LocalMethodNamespace,,"Duplicate method name 'setSpansForNode' in class Class12: Method82, Method83"
oasisfeng__island,UNSAT,IdentifierIntegrity,,"Duplicate name 'android.content.pm.PackageManager' used by: Class7, Class8"
oasisfeng__island,UNSAT,LocalMethodNamespace,,"Duplicate method name 'cancel' in class Class2: Method1, Method2"
objectbox__objectbox-java,UNSAT,InterfacePolicy,,Interface Class78 contains non-abstract method Method670
objectbox__objectbox-java,UNSAT,LocalMethodNamespace,,"Duplicate method name 'remove' in class Class0: Method44, Method45, Method46, Method47, Method48"
oinone__oinone-pamirs,UNSAT,IdentifierIntegrity,,"Duplicate name 'pro.shushi.pamirs.resource.api.constants.DefaultResourceConstants' used by: Class4002, Class4003"
oinone__oinone-pamirs,UNSAT,IdentifierIntegrity,,"Duplicate name 'pro.shushi.pamirs.meta.enmu.MetaExpEnumerate' used by: Class3755, Class3756"
oinone__oinone-pamirs,UNSAT,IdentifierIntegrity,,"Duplicate name 'pro.shushi.pamirs.meta.constant.SqlConstants' used by: Class3599, Class3600"
oinone__oinone-pamirs,UNSAT,IdentifierIntegrity,,"Duplicate name 'pro.shushi.pamirs.meta.common.constants.CharacterConstants' used by: Class3515, Class3516"
oinone__oinone-pamirs,UNSAT,IdentifierIntegrity,,"Duplicate name 'pro.shushi.pamirs.meta.common.util.TypeReferences' used by: Class3575, Class3576"
oinone__oinone-pamirs,UNSAT,IdentifierIntegrity,,"Duplicate name 'pro.shushi.pamirs.boot.base.api.module.BaseModule' used by: Class230, Class231"
oinone__oinone-pamirs,UNSAT,InterfacePolicy,,Interface Class108 contains non-abstract method Method694
oinone__oinone-pamirs,UNSAT,InterfacePolicy,,Interface Class108 contains non-abstract method Method695
oinone__oinone-pamirs,UNSAT,InterfacePolicy,,Interface Class158 contains non-abstract method Method917
oinone__oinone-pamirs,UNSAT,InterfacePolicy,,Interface Class158 contains non-abstract method Method918
oinone__oinone-pamirs,UNSAT,InterfacePolicy,,Interface Class158 contains non-abstract method Method919
oinone__oinone-pamirs,UNSAT,InterfacePolicy,,Interface Class158 contains non-abstract method Method920
oinone__oinone-pamirs,UNSAT,InterfacePolicy,,Interface Class158 contains non-abstract method Method921
oinone__oinone-pamirs,UNSAT,InterfacePolicy,,Interface Class159 contains non-abstract method Method922
oinone__oinone-pamirs,UNSAT,InterfacePolicy,,Interface Class159 contains non-abstract method Method923
oinone__oinone-pamirs,UNSAT,InterfacePolicy,,Interface Class159 contains non-abstract method Method924
oinone__oinone-pamirs,UNSAT,InterfacePolicy,,Interface Class159 contains non-abstract method Method925
oinone__oinone-pamirs,UNSAT,InterfacePolicy,,Interface Class160 contains non-abstract method Method926
oinone__oinone-pamirs,UNSAT,InterfacePolicy,,Interface Class160 contains non-abstract method Method927
oinone__oinone-pamirs,UNSAT,InterfacePolicy,,Interface Class160 contains non-abstract method Method928
oinone__oinone-pamirs,UNSAT,InterfacePolicy,,Interface Class160 contains non-abstract method Method929
oinone__oinone-pamirs,UNSAT,InterfacePolicy,,Interface Class170 contains non-abstract method Method1023
oinone__oinone-pamirs,UNSAT,InterfacePolicy,,Interface Class213 contains non-abstract method Method1338
oinone__oinone-pamirs,UNSAT,InterfacePolicy,,Interface Class213 contains non-abstract method Method1339
oinone__oinone-pamirs,UNSAT,InterfacePolicy,,Interface Class213 contains non-abstract method Method1342
oinone__oinone-pamirs,UNSAT,InterfacePolicy,,Interface Class213 contains non-abstract method Method1345
oinone__oinone-pamirs,UNSAT,InterfacePolicy,,Interface Class367 contains non-abstract method Method1817
oinone__oinone-pamirs,UNSAT,InterfacePolicy,,Interface Class400 contains non-abstract method Method1859
oinone__oinone-pamirs,UNSAT,InterfacePolicy,,Interface Class400 contains non-abstract method Method1860
oinone__oinone-pamirs,UNSAT,InterfacePolicy,,Interface Class400 contains non-abstract method Method1861
oinone__oinone-pamirs,UNSAT,InterfacePolicy,,Interface Class400 contains non-abstract method Method1862
oinone__oinone-pamirs,UNSAT,InterfacePolicy,,Interface Class400 contains non-abstract method Method1863
oinone__oinone-pamirs,UNSAT,InterfacePolicy,,Interface Class400 contains non-abstract method Method1864
oinone__oinone-pamirs,UNSAT,InterfacePolicy,,Interface Class400 contains non-abstract method Method1865
oinone__oinone-pamirs,UNSAT,InterfacePolicy,,Interface Class401 contains non-abstract method Method1866
oinone__oinone-pamirs,UNSAT,InterfacePolicy,,Interface Class403 contains non-abstract method Method1868
oinone__oinone-pamirs,UNSAT,InterfacePolicy,,Interface Class403 contains non-abstract method Method1869
oinone__oinone-pamirs,UNSAT,InterfacePolicy,,Interface Class408 contains non-abstract method Method1874
oinone__oinone-pamirs,UNSAT,InterfacePolicy,,Interface Class408 contains non-abstract method Method1875
oinone__oinone-pamirs,UNSAT,InterfacePolicy,,Interface Class408 contains non-abstract method Method1876
oinone__oinone-pamirs,UNSAT,InterfacePolicy,,Interface Class408 contains non-abstract method Method1877
oinone__oinone-pamirs,UNSAT,InterfacePolicy,,Interface Class409 contains non-abstract method Method1878
oinone__oinone-pamirs,UNSAT,InterfacePolicy,,Interface Class410 contains non-abstract method Method1879
oinone__oinone-pamirs,UNSAT,InterfacePolicy,,Interface Class415 contains non-abstract method Method1884
oinone__oinone-pamirs,UNSAT,InterfacePolicy,,Interface Class416 contains non-abstract method Method1885
oinone__oinone-pamirs,UNSAT,InterfacePolicy,,Interface Class417 contains non-abstract method Method1886
oinone__oinone-pamirs,UNSAT,InterfacePolicy,,Interface Class419 contains non-abstract method Method1888
oinone__oinone-pamirs,UNSAT,InterfacePolicy,,Interface Class419 contains non-abstract method Method1889
oinone__oinone-pamirs,UNSAT,InterfacePolicy,,Interface Class423 contains non-abstract method Method1893
oinone__oinone-pamirs,UNSAT,InterfacePolicy,,Interface Class424 contains non-abstract method Method1894
oinone__oinone-pamirs,UNSAT,InterfacePolicy,,Interface Class424 contains non-abstract method Method1897
oinone__oinone-pamirs,UNSAT,InterfacePolicy,,Interface Class424 contains non-abstract method Method1898
oinone__oinone-pamirs,UNSAT,InterfacePolicy,,Interface Class425 contains non-abstract method Method1899
oinone__oinone-pamirs,UNSAT,InterfacePolicy,,Interface Class428 contains non-abstract method Method1903
oinone__oinone-pamirs,UNSAT,InterfacePolicy,,Interface Class429 contains non-abstract method Method1904
oinone__oinone-pamirs,UNSAT,InterfacePolicy,,Interface Class485 contains non-abstract method Method2062
oinone__oinone-pamirs,UNSAT,InterfacePolicy,,Interface Class485 contains non-abstract method Method2063
oinone__oinone-pamirs,UNSAT,InterfacePolicy,,Interface Class485 contains non-abstract method Method2064
oinone__oinone-pamirs,UNSAT,InterfacePolicy,,Interface Class485 contains non-abstract method Method2065
oinone__oinone-pamirs,UNSAT,InterfacePolicy,,Interface Class485 contains non-abstract method Method2066
oinone__oinone-pamirs,UNSAT,InterfacePolicy,,Interface Class485 contains non-abstract method Method2067
oinone__oinone-pamirs,UNSAT,InterfacePolicy,,Interface Class485 contains non-abstract method Method2068
oinone__oinone-pamirs,UNSAT,InterfacePolicy,,Interface Class485 contains non-abstract method Method2069
oinone__oinone-pamirs,UNSAT,InterfacePolicy,,Interface Class485 contains non-abstract method Method2070
oinone__oinone-pamirs,UNSAT,InterfacePolicy,,Interface Class485 contains non-abstract method Method2072
oinone__oinone-pamirs,UNSAT,InterfacePolicy,,Interface Class485 contains non-abstract method Method2073
oinone__oinone-pamirs,UNSAT,InterfacePolicy,,Interface Class485 contains non-abstract method Method2076
oinone__oinone-pamirs,UNSAT,InterfacePolicy,,Interface Class485 contains non-abstract method Method2077
oinone__oinone-pamirs,UNSAT,InterfacePolicy,,Interface Class513 contains non-abstract method Method2346
oinone__oinone-pamirs,UNSAT,InterfacePolicy,,Interface Class565 contains non-abstract method Method2555
oinone__oinone-pamirs,UNSAT,InterfacePolicy,,Interface Class628 contains non-abstract method Method2850
oinone__oinone-pamirs,UNSAT,InterfacePolicy,,Interface Class628 contains non-abstract method Method2852
oinone__oinone-pamirs,UNSAT,InterfacePolicy,,Interface Class628 contains non-abstract method Method2853
oinone__oinone-pamirs,UNSAT,InterfacePolicy,,Interface Class628 contains non-abstract method Method2854
oinone__oinone-pamirs,UNSAT,InterfacePolicy,,Interface Class628 contains non-abstract method Method2855
oinone__oinone-pamirs,UNSAT,InterfacePolicy,,Interface Class628 contains non-abstract method Method2856
oinone__oinone-pamirs,UNSAT,InterfacePolicy,,Interface Class628 contains non-abstract method Method2857
oinone__oinone-pamirs,UNSAT,InterfacePolicy,,Interface Class628 contains non-abstract method Method2858
oinone__oinone-pamirs,UNSAT,InterfacePolicy,,Interface Class628 contains non-abstract method Method2859
oinone__oinone-pamirs,UNSAT,InterfacePolicy,,Interface Class628 contains non-abstract method Method2860
oinone__oinone-pamirs,UNSAT,InterfacePolicy,,Interface Class628 contains non-abstract method Method2861
oinone__oinone-pamirs,UNSAT,InterfacePolicy,,Interface Class628 contains non-abstract method Method2862
oinone__oinone-pamirs,UNSAT,InterfacePolicy,,Interface Class628 contains non-abstract method Method2863
oinone__oinone-pamirs,UNSAT,InterfacePolicy,,Interface Class628 contains non-abstract method Method2864
oinone__oinone-pamirs,UNSAT,InterfacePolicy,,Interface Class628 contains non-abstract method Method2865
oinone__oinone-pamirs,UNSAT,InterfacePolicy,,Interface Class628 contains non-abstract method Method2866
oinone__oinone-pamirs,UNSAT,InterfacePolicy,,Interface Class628 contains non-abstract method Method2867
oinone__oinone-pamirs,UNSAT,InterfacePolicy,,Interface Class628 contains non-abstract method Method2868
oinone__oinone-pamirs,UNSAT,InterfacePolicy,,Interface Class628 contains non-abstract method Method2869
oinone__oinone-pamirs,UNSAT,InterfacePolicy,,Interface Class628 contains non-abstract method Method2870
oinone__oinone-pamirs,UNSAT,InterfacePolicy,,Interface Class628 contains non-abstract method Method2871
oinone__oinone-pamirs,UNSAT,InterfacePolicy,,Interface Class628 contains non-abstract method Method2872
oinone__oinone-pamirs,UNSAT,InterfacePolicy,,Interface Class628 contains non-abstract method Method2873
oinone__oinone-pamirs,UNSAT,InterfacePolicy,,Interface Class628 contains non-abstract method Method2874
oinone__oinone-pamirs,UNSAT,InterfacePolicy,,Interface Class628 contains non-abstract method Method2875
oinone__oinone-pamirs,UNSAT,InterfacePolicy,,Interface Class628 contains non-abstract method Method2876
oinone__oinone-pamirs,UNSAT,InterfacePolicy,,Interface Class628 contains non-abstract method Method2877
oinone__oinone-pamirs,UNSAT,InterfacePolicy,,Interface Class628 contains non-abstract method Method2878
oinone__oinone-pamirs,UNSAT,InterfacePolicy,,Interface Class628 contains non-abstract method Method2879
oinone__oinone-pamirs,UNSAT,InterfacePolicy,,Interface Class628 contains non-abstract method Method2880
oinone__oinone-pamirs,UNSAT,InterfacePolicy,,Interface Class628 contains non-abstract method Method2881
oinone__oinone-pamirs,UNSAT,InterfacePolicy,,Interface Class628 contains non-abstract method Method2882
oinone__oinone-pamirs,UNSAT,InterfacePolicy,,Interface Class628 contains non-abstract method Method2883
oinone__oinone-pamirs,UNSAT,InterfacePolicy,,Interface Class628 contains non-abstract method Method2884
oinone__oinone-pamirs,UNSAT,InterfacePolicy,,Interface Class628 contains non-abstract method Method2885
oinone__oinone-pamirs,UNSAT,InterfacePolicy,,Interface Class628 contains non-abstract method Method2886
oinone__oinone-pamirs,UNSAT,InterfacePolicy,,Interface Class628 contains non-abstract method Method2887
oinone__oinone-pamirs,UNSAT,InterfacePolicy,,Interface Class628 contains non-abstract method Method2888
oinone__oinone-pamirs,UNSAT,InterfacePolicy,,Interface Class628 contains non-abstract method Method2889
oinone__oinone-pamirs,UNSAT,InterfacePolicy,,Interface Class628 contains non-abstract method Method2890
oinone__oinone-pamirs,UNSAT,InterfacePolicy,,Interface Class628 contains non-abstract method Method2891
oinone__oinone-pamirs,UNSAT,InterfacePolicy,,Interface Class629 contains non-abstract method Method2892
oinone__oinone-pamirs,UNSAT,InterfacePolicy,,Interface Class733 contains non-abstract method Method3333
oinone__oinone-pamirs,UNSAT,InterfacePolicy,,Interface Class734 contains non-abstract method Method3338
oinone__oinone-pamirs,UNSAT,InterfacePolicy,,Interface Class735 contains non-abstract method Method3343
oinone__oinone-pamirs,UNSAT,InterfacePolicy,,Interface Class919 contains non-abstract method Method4510
oinone__oinone-pamirs,UNSAT,InterfacePolicy,,Interface Class919 contains non-abstract method Method4511
oinone__oinone-pamirs,UNSAT,InterfacePolicy,,Interface Class980 contains non-abstract method Method4679
oinone__oinone-pamirs,UNSAT,InterfacePolicy,,Interface Class1011 contains non-abstract method Method4813
oinone__oinone-pamirs,UNSAT,InterfacePolicy,,Interface Class1011 contains non-abstract method Method4815
oinone__oinone-pamirs,UNSAT,InterfacePolicy,,Interface Class1012 contains non-abstract method Method4817
oinone__oinone-pamirs,UNSAT,InterfacePolicy,,Interface Class1028 contains non-abstract method Method4898
oinone__oinone-pamirs,UNSAT,InterfacePolicy,,Interface Class1028 contains non-abstract method Method4899
oinone__oinone-pamirs,UNSAT,InterfacePolicy,,Interface Class1068 contains non-abstract method Method5138
oinone__oinone-pamirs,UNSAT,InterfacePolicy,,Interface Class1095 contains non-abstract method Method5179
oinone__oinone-pamirs,UNSAT,InterfacePolicy,,Interface Class1110 contains non-abstract method Method5226
oinone__oinone-pamirs,UNSAT,InterfacePolicy,,Interface Class1113 contains non-abstract method Method5234
oinone__oinone-pamirs,UNSAT,InterfacePolicy,,Interface Class1113 contains non-abstract method Method5235
oinone__oinone-pamirs,UNSAT,InterfacePolicy,,Interface Class1113 contains non-abstract method Method5236
oinone__oinone-pamirs,UNSAT,InterfacePolicy,,Interface Class1113 contains non-abstract method Method5238
oinone__oinone-pamirs,UNSAT,InterfacePolicy,,Interface Class1114 contains non-abstract method Method5247
oinone__oinone-pamirs,UNSAT,InterfacePolicy,,Interface Class1115 contains non-abstract method Method5260
oinone__oinone-pamirs,UNSAT,InterfacePolicy,,Interface Class1121 contains non-abstract method Method5270
oinone__oinone-pamirs,UNSAT,InterfacePolicy,,Interface Class1127 contains non-abstract method Method5285
oinone__oinone-pamirs,UNSAT,InterfacePolicy,,Interface Class1127 contains non-abstract method Method5286
oinone__oinone-pamirs,UNSAT,InterfacePolicy,,Interface Class1127 contains non-abstract method Method5287
oinone__oinone-pamirs,UNSAT,InterfacePolicy,,Interface Class1127 contains non-abstract method Method5288
oinone__oinone-pamirs,UNSAT,InterfacePolicy,,Interface Class1127 contains non-abstract method Method5289
oinone__oinone-pamirs,UNSAT,InterfacePolicy,,Interface Class1127 contains non-abstract method Method5290
oinone__oinone-pamirs,UNSAT,InterfacePolicy,,Interface Class1129 contains non-abstract method Method5292
oinone__oinone-pamirs,UNSAT,InterfacePolicy,,Interface Class1129 contains non-abstract method Method5294
oinone__oinone-pamirs,UNSAT,InterfacePolicy,,Interface Class1129 contains non-abstract method Method5295
oinone__oinone-pamirs,UNSAT,InterfacePolicy,,Interface Class1133 contains non-abstract method Method5312
oinone__oinone-pamirs,UNSAT,InterfacePolicy,,Interface Class1289 contains non-abstract method Method6021
oinone__oinone-pamirs,UNSAT,InterfacePolicy,,Interface Class1409 contains non-abstract method Method6274
oinone__oinone-pamirs,UNSAT,InterfacePolicy,,Interface Class1435 contains non-abstract method Method6412
oinone__oinone-pamirs,UNSAT,InterfacePolicy,,Interface Class1589 contains non-abstract method Method7149
oinone__oinone-pamirs,UNSAT,InterfacePolicy,,Interface Class1589 contains non-abstract method Method7150
oinone__oinone-pamirs,UNSAT,InterfacePolicy,,Interface Class1695 contains non-abstract method Method7642
oinone__oinone-pamirs,UNSAT,InterfacePolicy,,Interface Class1834 contains non-abstract method Method8241
oinone__oinone-pamirs,UNSAT,InterfacePolicy,,Interface Class1838 contains non-abstract method Method8247
oinone__oinone-pamirs,UNSAT,InterfacePolicy,,Interface Class1838 contains non-abstract method Method8248
oinone__oinone-pamirs,UNSAT,InterfacePolicy,,Interface Class1838 contains non-abstract method Method8249
oinone__oinone-pamirs,UNSAT,InterfacePolicy,,Interface Class1838 contains non-abstract method Method8250
oinone__oinone-pamirs,UNSAT,InterfacePolicy,,Interface Class1838 contains non-abstract method Method8252
oinone__oinone-pamirs,UNSAT,InterfacePolicy,,Interface Class1866 contains non-abstract method Method8328
oinone__oinone-pamirs,UNSAT,InterfacePolicy,,Interface Class1868 contains non-abstract method Method8330
oinone__oinone-pamirs,UNSAT,InterfacePolicy,,Interface Class1876 contains non-abstract method Method8340
oinone__oinone-pamirs,UNSAT,InterfacePolicy,,Interface Class1876 contains non-abstract method Method8341
oinone__oinone-pamirs,UNSAT,InterfacePolicy,,Interface Class1876 contains non-abstract method Method8342
oinone__oinone-pamirs,UNSAT,InterfacePolicy,,Interface Class2105 contains non-abstract method Method8982
oinone__oinone-pamirs,UNSAT,InterfacePolicy,,Interface Class2129 contains non-abstract method Method9132
oinone__oinone-pamirs,UNSAT,InterfacePolicy,,Interface Class2129 contains non-abstract method Method9133
oinone__oinone-pamirs,UNSAT,InterfacePolicy,,Interface Class2129 contains non-abstract method Method9134
oinone__oinone-pamirs,UNSAT,InterfacePolicy,,Interface Class2129 contains non-abstract method Method9135
oinone__oinone-pamirs,UNSAT,InterfacePolicy,,Interface Class2129 contains non-abstract method Method9136
oinone__oinone-pamirs,UNSAT,InterfacePolicy,,Interface Class2129 contains non-abstract method Method9137
oinone__oinone-pamirs,UNSAT,InterfacePolicy,,Interface Class2129 contains non-abstract method Method9138
oinone__oinone-pamirs,UNSAT,InterfacePolicy,,Interface Class2129 contains non-abstract method Method9139
oinone__oinone-pamirs,UNSAT,InterfacePolicy,,Interface Class2129 contains non-abstract method Method9140
oinone__oinone-pamirs,UNSAT,InterfacePolicy,,Interface Class2129 contains non-abstract method Method9141
oinone__oinone-pamirs,UNSAT,InterfacePolicy,,Interface Class2129 contains non-abstract method Method9142
oinone__oinone-pamirs,UNSAT,InterfacePolicy,,Interface Class2129 contains non-abstract method Method9143
oinone__oinone-pamirs,UNSAT,InterfacePolicy,,Interface Class2129 contains non-abstract method Method9144
oinone__oinone-pamirs,UNSAT,InterfacePolicy,,Interface Class2192 contains non-abstract method Method9308
oinone__oinone-pamirs,UNSAT,InterfacePolicy,,Interface Class2194 contains non-abstract method Method9320
oinone__oinone-pamirs,UNSAT,InterfacePolicy,,Interface Class2194 contains non-abstract method Method9321
oinone__oinone-pamirs,UNSAT,InterfacePolicy,,Interface Class2280 contains non-abstract method Method9711
oinone__oinone-pamirs,UNSAT,InterfacePolicy,,Interface Class2280 contains non-abstract method Method9712
oinone__oinone-pamirs,UNSAT,InterfacePolicy,,Interface Class2280 contains non-abstract method Method9713
oinone__oinone-pamirs,UNSAT,InterfacePolicy,,Interface Class2280 contains non-abstract method Method9714
oinone__oinone-pamirs,UNSAT,InterfacePolicy,,Interface Class2280 contains non-abstract method Method9715
oinone__oinone-pamirs,UNSAT,InterfacePolicy,,Interface Class2280 contains non-abstract method Method9716
oinone__oinone-pamirs,UNSAT,InterfacePolicy,,Interface Class2280 contains non-abstract method Method9717
oinone__oinone-pamirs,UNSAT,InterfacePolicy,,Interface Class2280 contains non-abstract method Method9718
oinone__oinone-pamirs,UNSAT,InterfacePolicy,,Interface Class2280 contains non-abstract method Method9719
oinone__oinone-pamirs,UNSAT,InterfacePolicy,,Interface Class2280 contains non-abstract method Method9720
oinone__oinone-pamirs,UNSAT,InterfacePolicy,,Interface Class2280 contains non-abstract method Method9721
oinone__oinone-pamirs,UNSAT,InterfacePolicy,,Interface Class2280 contains non-abstract method Method9722
oinone__oinone-pamirs,UNSAT,InterfacePolicy,,Interface Class2280 contains non-abstract method Method9723
oinone__oinone-pamirs,UNSAT,InterfacePolicy,,Interface Class2280 contains non-abstract method Method9724
oinone__oinone-pamirs,UNSAT,InterfacePolicy,,Interface Class2280 contains non-abstract method Method9725
oinone__oinone-pamirs,UNSAT,InterfacePolicy,,Interface Class2280 contains non-abstract method Method9726
oinone__oinone-pamirs,UNSAT,InterfacePolicy,,Interface Class2280 contains non-abstract method Method9727
oinone__oinone-pamirs,UNSAT,InterfacePolicy,,Interface Class2280 contains non-abstract method Method9728
oinone__oinone-pamirs,UNSAT,InterfacePolicy,,Interface Class2280 contains non-abstract method Method9729
oinone__oinone-pamirs,UNSAT,InterfacePolicy,,Interface Class2280 contains non-abstract method Method9730
oinone__oinone-pamirs,UNSAT,InterfacePolicy,,Interface Class2280 contains non-abstract method Method9731
oinone__oinone-pamirs,UNSAT,InterfacePolicy,,Interface Class2281 contains non-abstract method Method9732
oinone__oinone-pamirs,UNSAT,InterfacePolicy,,Interface Class2281 contains non-abstract method Method9733
oinone__oinone-pamirs,UNSAT,InterfacePolicy,,Interface Class2281 contains non-abstract method Method9734
oinone__oinone-pamirs,UNSAT,InterfacePolicy,,Interface Class2281 contains non-abstract method Method9735
oinone__oinone-pamirs,UNSAT,InterfacePolicy,,Interface Class2281 contains non-abstract method Method9736
oinone__oinone-pamirs,UNSAT,InterfacePolicy,,Interface Class2281 contains non-abstract method Method9737
oinone__oinone-pamirs,UNSAT,InterfacePolicy,,Interface Class2281 contains non-abstract method Method9738
oinone__oinone-pamirs,UNSAT,InterfacePolicy,,Interface Class2281 contains non-abstract method Method9739
oinone__oinone-pamirs,UNSAT,InterfacePolicy,,Interface Class2281 contains non-abstract method Method9740
oinone__oinone-pamirs,UNSAT,InterfacePolicy,,Interface Class2281 contains non-abstract method Method9741
oinone__oinone-pamirs,UNSAT,InterfacePolicy,,Interface Class2281 contains non-abstract method Method9742
oinone__oinone-pamirs,UNSAT,InterfacePolicy,,Interface Class2281 contains non-abstract method Method9743
oinone__oinone-pamirs,UNSAT,InterfacePolicy,,Interface Class2281 contains non-abstract method Method9744
oinone__oinone-pamirs,UNSAT,InterfacePolicy,,Interface Class2281 contains non-abstract method Method9745
oinone__oinone-pamirs,UNSAT,InterfacePolicy,,Interface Class2281 contains non-abstract method Method9746
oinone__oinone-pamirs,UNSAT,InterfacePolicy,,Interface Class2282 contains non-abstract method Method9747
oinone__oinone-pamirs,UNSAT,InterfacePolicy,,Interface Class2282 contains non-abstract method Method9748
oinone__oinone-pamirs,UNSAT,InterfacePolicy,,Interface Class2282 contains non-abstract method Method9749
oinone__oinone-pamirs,UNSAT,InterfacePolicy,,Interface Class2282 contains non-abstract method Method9750
oinone__oinone-pamirs,UNSAT,InterfacePolicy,,Interface Class2282 contains non-abstract method Method9751
oinone__oinone-pamirs,UNSAT,InterfacePolicy,,Interface Class2282 contains non-abstract method Method9752
oinone__oinone-pamirs,UNSAT,InterfacePolicy,,Interface Class2282 contains non-abstract method Method9753
oinone__oinone-pamirs,UNSAT,InterfacePolicy,,Interface Class2282 contains non-abstract method Method9754
oinone__oinone-pamirs,UNSAT,InterfacePolicy,,Interface Class2282 contains non-abstract method Method9755
oinone__oinone-pamirs,UNSAT,InterfacePolicy,,Interface Class2282 contains non-abstract method Method9756
oinone__oinone-pamirs,UNSAT,InterfacePolicy,,Interface Class2282 contains non-abstract method Method9757
oinone__oinone-pamirs,UNSAT,InterfacePolicy,,Interface Class2282 contains non-abstract method Method9758
oinone__oinone-pamirs,UNSAT,InterfacePolicy,,Interface Class2282 contains non-abstract method Method9759
oinone__oinone-pamirs,UNSAT,InterfacePolicy,,Interface Class2282 contains non-abstract method Method9760
oinone__oinone-pamirs,UNSAT,InterfacePolicy,,Interface Class2282 contains non-abstract method Method9761
oinone__oinone-pamirs,UNSAT,InterfacePolicy,,Interface Class2282 contains non-abstract method Method9762
oinone__oinone-pamirs,UNSAT,InterfacePolicy,,Interface Class2282 contains non-abstract method Method9763
oinone__oinone-pamirs,UNSAT,InterfacePolicy,,Interface Class2282 contains non-abstract method Method9764
oinone__oinone-pamirs,UNSAT,InterfacePolicy,,Interface Class2310 contains non-abstract method Method9894
oinone__oinone-pamirs,UNSAT,InterfacePolicy,,Interface Class2315 contains non-abstract method Method9910
oinone__oinone-pamirs,UNSAT,InterfacePolicy,,Interface Class2316 contains non-abstract method Method9912
oinone__oinone-pamirs,UNSAT,InterfacePolicy,,Interface Class2317 contains non-abstract method Method9914
oinone__oinone-pamirs,UNSAT,InterfacePolicy,,Interface Class2319 contains non-abstract method Method9917
oinone__oinone-pamirs,UNSAT,InterfacePolicy,,Interface Class2319 contains non-abstract method Method9918
oinone__oinone-pamirs,UNSAT,InterfacePolicy,,Interface Class2321 contains non-abstract method Method9924
oinone__oinone-pamirs,UNSAT,InterfacePolicy,,Interface Class2366 contains non-abstract method Method10106
oinone__oinone-pamirs,UNSAT,InterfacePolicy,,Interface Class2366 contains non-abstract method Method10107
oinone__oinone-pamirs,UNSAT,InterfacePolicy,,Interface Class2366 contains non-abstract method Method10108
oinone__oinone-pamirs,UNSAT,InterfacePolicy,,Interface Class2366 contains non-abstract method Method10109
oinone__oinone-pamirs,UNSAT,InterfacePolicy,,Interface Class2385 contains non-abstract method Method10188
oinone__oinone-pamirs,UNSAT,InterfacePolicy,,Interface Class2385 contains non-abstract method Method10190
oinone__oinone-pamirs,UNSAT,InterfacePolicy,,Interface Class2385 contains non-abstract method Method10191
oinone__oinone-pamirs,UNSAT,InterfacePolicy,,Interface Class2408 contains non-abstract method Method10275
oinone__oinone-pamirs,UNSAT,InterfacePolicy,,Interface Class2408 contains non-abstract method Method10276
oinone__oinone-pamirs,UNSAT,InterfacePolicy,,Interface Class2408 contains non-abstract method Method10277
oinone__oinone-pamirs,UNSAT,InterfacePolicy,,Interface Class2408 contains non-abstract method Method10279
oinone__oinone-pamirs,UNSAT,InterfacePolicy,,Interface Class2408 contains non-abstract method Method10280
oinone__oinone-pamirs,UNSAT,InterfacePolicy,,Interface Class2408 contains non-abstract method Method10282
oinone__oinone-pamirs,UNSAT,InterfacePolicy,,Interface Class2408 contains non-abstract method Method10284
oinone__oinone-pamirs,UNSAT,InterfacePolicy,,Interface Class2408 contains non-abstract method Method10285
oinone__oinone-pamirs,UNSAT,InterfacePolicy,,Interface Class2408 contains non-abstract method Method10297
oinone__oinone-pamirs,UNSAT,InterfacePolicy,,Interface Class2408 contains non-abstract method Method10299
oinone__oinone-pamirs,UNSAT,InterfacePolicy,,Interface Class2408 contains non-abstract method Method10300
oinone__oinone-pamirs,UNSAT,InterfacePolicy,,Interface Class2408 contains non-abstract method Method10301
oinone__oinone-pamirs,UNSAT,InterfacePolicy,,Interface Class2408 contains non-abstract method Method10303
oinone__oinone-pamirs,UNSAT,InterfacePolicy,,Interface Class2408 contains non-abstract method Method10304
oinone__oinone-pamirs,UNSAT,InterfacePolicy,,Interface Class2417 contains non-abstract method Method10332
oinone__oinone-pamirs,UNSAT,InterfacePolicy,,Interface Class2417 contains non-abstract method Method10333
oinone__oinone-pamirs,UNSAT,InterfacePolicy,,Interface Class2420 contains non-abstract method Method10365
oinone__oinone-pamirs,UNSAT,InterfacePolicy,,Interface Class2420 contains non-abstract method Method10366
oinone__oinone-pamirs,UNSAT,InterfacePolicy,,Interface Class2420 contains non-abstract method Method10367
oinone__oinone-pamirs,UNSAT,InterfacePolicy,,Interface Class2420 contains non-abstract method Method10368
oinone__oinone-pamirs,UNSAT,InterfacePolicy,,Interface Class2465 contains non-abstract method Method10709
oinone__oinone-pamirs,UNSAT,InterfacePolicy,,Interface Class2465 contains non-abstract method Method10710
oinone__oinone-pamirs,UNSAT,InterfacePolicy,,Interface Class2465 contains non-abstract method Method10711
oinone__oinone-pamirs,UNSAT,InterfacePolicy,,Interface Class2465 contains non-abstract method Method10712
oinone__oinone-pamirs,UNSAT,InterfacePolicy,,Interface Class2465 contains non-abstract method Method10714
oinone__oinone-pamirs,UNSAT,InterfacePolicy,,Interface Class2465 contains non-abstract method Method10717
oinone__oinone-pamirs,UNSAT,InterfacePolicy,,Interface Class2465 contains non-abstract method Method10718
oinone__oinone-pamirs,UNSAT,InterfacePolicy,,Interface Class2465 contains non-abstract method Method10720
oinone__oinone-pamirs,UNSAT,InterfacePolicy,,Interface Class2465 contains non-abstract method Method10722
oinone__oinone-pamirs,UNSAT,InterfacePolicy,,Interface Class2465 contains non-abstract method Method10724
oinone__oinone-pamirs,UNSAT,InterfacePolicy,,Interface Class2465 contains non-abstract method Method10726
oinone__oinone-pamirs,UNSAT,InterfacePolicy,,Interface Class2465 contains non-abstract method Method10728
oinone__oinone-pamirs,UNSAT,InterfacePolicy,,Interface Class2465 contains non-abstract method Method10730
oinone__oinone-pamirs,UNSAT,InterfacePolicy,,Interface Class2465 contains non-abstract method Method10732
oinone__oinone-pamirs,UNSAT,InterfacePolicy,,Interface Class2465 contains non-abstract method Method10734
oinone__oinone-pamirs,UNSAT,InterfacePolicy,,Interface Class2465 contains non-abstract method Method10736
oinone__oinone-pamirs,UNSAT,InterfacePolicy,,Interface Class2465 contains non-abstract method Method10738
oinone__oinone-pamirs,UNSAT,InterfacePolicy,,Interface Class2466 contains non-abstract method Method10740
oinone__oinone-pamirs,UNSAT,InterfacePolicy,,Interface Class2466 contains non-abstract method Method10741
oinone__oinone-pamirs,UNSAT,InterfacePolicy,,Interface Class2466 contains non-abstract method Method10743
oinone__oinone-pamirs,UNSAT,InterfacePolicy,,Interface Class2466 contains non-abstract method Method10744
oinone__oinone-pamirs,UNSAT,InterfacePolicy,,Interface Class2466 contains non-abstract method Method10747
oinone__oinone-pamirs,UNSAT,InterfacePolicy,,Interface Class2466 contains non-abstract method Method10748
oinone__oinone-pamirs,UNSAT,InterfacePolicy,,Interface Class2466 contains non-abstract method Method10749
oinone__oinone-pamirs,UNSAT,InterfacePolicy,,Interface Class2466 contains non-abstract method Method10751
oinone__oinone-pamirs,UNSAT,InterfacePolicy,,Interface Class2466 contains non-abstract method Method10753
oinone__oinone-pamirs,UNSAT,InterfacePolicy,,Interface Class2466 contains non-abstract method Method10755
oinone__oinone-pamirs,UNSAT,InterfacePolicy,,Interface Class2466 contains non-abstract method Method10756
oinone__oinone-pamirs,UNSAT,InterfacePolicy,,Interface Class2466 contains non-abstract method Method10758
oinone__oinone-pamirs,UNSAT,InterfacePolicy,,Interface Class2466 contains non-abstract method Method10759
oinone__oinone-pamirs,UNSAT,InterfacePolicy,,Interface Class2466 contains non-abstract method Method10761
oinone__oinone-pamirs,UNSAT,InterfacePolicy,,Interface Class2466 contains non-abstract method Method10763
oinone__oinone-pamirs,UNSAT,InterfacePolicy,,Interface Class2466 contains non-abstract method Method10764
oinone__oinone-pamirs,UNSAT,InterfacePolicy,,Interface Class2466 contains non-abstract method Method10765
oinone__oinone-pamirs,UNSAT,InterfacePolicy,,Interface Class2466 contains non-abstract method Method10766
oinone__oinone-pamirs,UNSAT,InterfacePolicy,,Interface Class2466 contains non-abstract method Method10767
oinone__oinone-pamirs,UNSAT,InterfacePolicy,,Interface Class2466 contains non-abstract method Method10768
oinone__oinone-pamirs,UNSAT,InterfacePolicy,,Interface Class2466 contains non-abstract method Method10769
oinone__oinone-pamirs,UNSAT,InterfacePolicy,,Interface Class2466 contains non-abstract method Method10771
oinone__oinone-pamirs,UNSAT,InterfacePolicy,,Interface Class2467 contains non-abstract method Method10773
oinone__oinone-pamirs,UNSAT,InterfacePolicy,,Interface Class2467 contains non-abstract method Method10775
oinone__oinone-pamirs,UNSAT,InterfacePolicy,,Interface Class2467 contains non-abstract method Method10777
oinone__oinone-pamirs,UNSAT,InterfacePolicy,,Interface Class2467 contains non-abstract method Method10779
oinone__oinone-pamirs,UNSAT,InterfacePolicy,,Interface Class2467 contains non-abstract method Method10781
oinone__oinone-pamirs,UNSAT,InterfacePolicy,,Interface Class2467 contains non-abstract method Method10782
oinone__oinone-pamirs,UNSAT,InterfacePolicy,,Interface Class2468 contains non-abstract method Method10785
oinone__oinone-pamirs,UNSAT,InterfacePolicy,,Interface Class2468 contains non-abstract method Method10787
oinone__oinone-pamirs,UNSAT,InterfacePolicy,,Interface Class2468 contains non-abstract method Method10789
oinone__oinone-pamirs,UNSAT,InterfacePolicy,,Interface Class2489 contains non-abstract method Method10864
oinone__oinone-pamirs,UNSAT,InterfacePolicy,,Interface Class2489 contains non-abstract method Method10866
oinone__oinone-pamirs,UNSAT,InterfacePolicy,,Interface Class2517 contains non-abstract method Method10979
oinone__oinone-pamirs,UNSAT,InterfacePolicy,,Interface Class2518 contains non-abstract method Method10981
oinone__oinone-pamirs,UNSAT,InterfacePolicy,,Interface Class2525 contains non-abstract method Method10999
oinone__oinone-pamirs,UNSAT,InterfacePolicy,,Interface Class2528 contains non-abstract method Method11004
oinone__oinone-pamirs,UNSAT,InterfacePolicy,,Interface Class2635 contains non-abstract method Method11673
oinone__oinone-pamirs,UNSAT,InterfacePolicy,,Interface Class2640 contains non-abstract method Method11685
oinone__oinone-pamirs,UNSAT,InterfacePolicy,,Interface Class2640 contains non-abstract method Method11686
oinone__oinone-pamirs,UNSAT,InterfacePolicy,,Interface Class2640 contains non-abstract method Method11687
oinone__oinone-pamirs,UNSAT,InterfacePolicy,,Interface Class2640 contains non-abstract method Method11688
oinone__oinone-pamirs,UNSAT,InterfacePolicy,,Interface Class2640 contains non-abstract method Method11689
oinone__oinone-pamirs,UNSAT,InterfacePolicy,,Interface Class2640 contains non-abstract method Method11690
oinone__oinone-pamirs,UNSAT,InterfacePolicy,,Interface Class2643 contains non-abstract method Method11695
oinone__oinone-pamirs,UNSAT,InterfacePolicy,,Interface Class2643 contains non-abstract method Method11696
oinone__oinone-pamirs,UNSAT,InterfacePolicy,,Interface Class2643 contains non-abstract method Method11697
oinone__oinone-pamirs,UNSAT,InterfacePolicy,,Interface Class2703 contains non-abstract method Method11870
oinone__oinone-pamirs,UNSAT,InterfacePolicy,,Interface Class2760 contains non-abstract method Method12080
oinone__oinone-pamirs,UNSAT,InterfacePolicy,,Interface Class2761 contains non-abstract method Method12081
oinone__oinone-pamirs,UNSAT,InterfacePolicy,,Interface Class2764 contains non-abstract method Method12086
oinone__oinone-pamirs,UNSAT,InterfacePolicy,,Interface Class2789 contains non-abstract method Method12214
oinone__oinone-pamirs,UNSAT,InterfacePolicy,,Interface Class2789 contains non-abstract method Method12216
oinone__oinone-pamirs,UNSAT,InterfacePolicy,,Interface Class2912 contains non-abstract method Method12643
oinone__oinone-pamirs,UNSAT,InterfacePolicy,,Interface Class3006 contains non-abstract method Method12971
oinone__oinone-pamirs,UNSAT,InterfacePolicy,,Interface Class3006 contains non-abstract method Method12972
oinone__oinone-pamirs,UNSAT,InterfacePolicy,,Interface Class3007 contains non-abstract method Method12976
oinone__oinone-pamirs,UNSAT,InterfacePolicy,,Interface Class3128 contains non-abstract method Method13307
oinone__oinone-pamirs,UNSAT,InterfacePolicy,,Interface Class3128 contains non-abstract method Method13308
oinone__oinone-pamirs,UNSAT,InterfacePolicy,,Interface Class3128 contains non-abstract method Method13311
oinone__oinone-pamirs,UNSAT,InterfacePolicy,,Interface Class3128 contains non-abstract method Method13314
oinone__oinone-pamirs,UNSAT,InterfacePolicy,,Interface Class3128 contains non-abstract method Method13315
oinone__oinone-pamirs,UNSAT,InterfacePolicy,,Interface Class3145 contains non-abstract method Method13350
oinone__oinone-pamirs,UNSAT,InterfacePolicy,,Interface Class3145 contains non-abstract method Method13351
oinone__oinone-pamirs,UNSAT,InterfacePolicy,,Interface Class3145 contains non-abstract method Method13352
oinone__oinone-pamirs,UNSAT,InterfacePolicy,,Interface Class3151 contains non-abstract method Method13368
oinone__oinone-pamirs,UNSAT,InterfacePolicy,,Interface Class3151 contains non-abstract method Method13369
oinone__oinone-pamirs,UNSAT,InterfacePolicy,,Interface Class3151 contains non-abstract method Method13370
oinone__oinone-pamirs,UNSAT,InterfacePolicy,,Interface Class3151 contains non-abstract method Method13371
oinone__oinone-pamirs,UNSAT,InterfacePolicy,,Interface Class3151 contains non-abstract method Method13372
oinone__oinone-pamirs,UNSAT,InterfacePolicy,,Interface Class3167 contains non-abstract method Method13440
oinone__oinone-pamirs,UNSAT,InterfacePolicy,,Interface Class3167 contains non-abstract method Method13441
oinone__oinone-pamirs,UNSAT,InterfacePolicy,,Interface Class3167 contains non-abstract method Method13442
oinone__oinone-pamirs,UNSAT,InterfacePolicy,,Interface Class3167 contains non-abstract method Method13443
oinone__oinone-pamirs,UNSAT,InterfacePolicy,,Interface Class3173 contains non-abstract method Method13449
oinone__oinone-pamirs,UNSAT,InterfacePolicy,,Interface Class3173 contains non-abstract method Method13450
oinone__oinone-pamirs,UNSAT,InterfacePolicy,,Interface Class3177 contains non-abstract method Method13452
oinone__oinone-pamirs,UNSAT,InterfacePolicy,,Interface Class3178 contains non-abstract method Method13453
oinone__oinone-pamirs,UNSAT,InterfacePolicy,,Interface Class3178 contains non-abstract method Method13454
oinone__oinone-pamirs,UNSAT,InterfacePolicy,,Interface Class3178 contains non-abstract method Method13455
oinone__oinone-pamirs,UNSAT,InterfacePolicy,,Interface Class3188 contains non-abstract method Method13482
oinone__oinone-pamirs,UNSAT,InterfacePolicy,,Interface Class3188 contains non-abstract method Method13483
oinone__oinone-pamirs,UNSAT,InterfacePolicy,,Interface Class3188 contains non-abstract method Method13484
oinone__oinone-pamirs,UNSAT,InterfacePolicy,,Interface Class3188 contains non-abstract method Method13485
oinone__oinone-pamirs,UNSAT,InterfacePolicy,,Interface Class3188 contains non-abstract method Method13486
oinone__oinone-pamirs,UNSAT,InterfacePolicy,,Interface Class3188 contains non-abstract method Method13487
oinone__oinone-pamirs,UNSAT,InterfacePolicy,,Interface Class3188 contains non-abstract method Method13488
oinone__oinone-pamirs,UNSAT,InterfacePolicy,,Interface Class3188 contains non-abstract method Method13489
oinone__oinone-pamirs,UNSAT,InterfacePolicy,,Interface Class3188 contains non-abstract method Method13490
oinone__oinone-pamirs,UNSAT,InterfacePolicy,,Interface Class3189 contains non-abstract method Method13491
oinone__oinone-pamirs,UNSAT,InterfacePolicy,,Interface Class3189 contains non-abstract method Method13492
oinone__oinone-pamirs,UNSAT,InterfacePolicy,,Interface Class3191 contains non-abstract method Method13495
oinone__oinone-pamirs,UNSAT,InterfacePolicy,,Interface Class3191 contains non-abstract method Method13499
oinone__oinone-pamirs,UNSAT,InterfacePolicy,,Interface Class3191 contains non-abstract method Method13500
oinone__oinone-pamirs,UNSAT,InterfacePolicy,,Interface Class3191 contains non-abstract method Method13504
oinone__oinone-pamirs,UNSAT,InterfacePolicy,,Interface Class3191 contains non-abstract method Method13505
oinone__oinone-pamirs,UNSAT,InterfacePolicy,,Interface Class3191 contains non-abstract method Method13506
oinone__oinone-pamirs,UNSAT,InterfacePolicy,,Interface Class3201 contains non-abstract method Method13546
oinone__oinone-pamirs,UNSAT,InterfacePolicy,,Interface Class3201 contains non-abstract method Method13547
oinone__oinone-pamirs,UNSAT,InterfacePolicy,,Interface Class3213 contains non-abstract method Method13610
oinone__oinone-pamirs,UNSAT,InterfacePolicy,,Interface Class3213 contains non-abstract method Method13611
oinone__oinone-pamirs,UNSAT,InterfacePolicy,,Interface Class3213 contains non-abstract method Method13612
oinone__oinone-pamirs,UNSAT,InterfacePolicy,,Interface Class3213 contains non-abstract method Method13613
oinone__oinone-pamirs,UNSAT,InterfacePolicy,,Interface Class3213 contains non-abstract method Method13614
oinone__oinone-pamirs,UNSAT,InterfacePolicy,,Interface Class3218 contains non-abstract method Method13622
oinone__oinone-pamirs,UNSAT,InterfacePolicy,,Interface Class3218 contains non-abstract method Method13623
oinone__oinone-pamirs,UNSAT,InterfacePolicy,,Interface Class3218 contains non-abstract method Method13624
oinone__oinone-pamirs,UNSAT,InterfacePolicy,,Interface Class3218 contains non-abstract method Method13625
oinone__oinone-pamirs,UNSAT,InterfacePolicy,,Interface Class3239 contains non-abstract method Method13721
oinone__oinone-pamirs,UNSAT,InterfacePolicy,,Interface Class3239 contains non-abstract method Method13722
oinone__oinone-pamirs,UNSAT,InterfacePolicy,,Interface Class3239 contains non-abstract method Method13723
oinone__oinone-pamirs,UNSAT,InterfacePolicy,,Interface Class3239 contains non-abstract method Method13724
oinone__oinone-pamirs,UNSAT,InterfacePolicy,,Interface Class3239 contains non-abstract method Method13725
oinone__oinone-pamirs,UNSAT,InterfacePolicy,,Interface Class3239 contains non-abstract method Method13726
oinone__oinone-pamirs,UNSAT,InterfacePolicy,,Interface Class3239 contains non-abstract method Method13727
oinone__oinone-pamirs,UNSAT,InterfacePolicy,,Interface Class3239 contains non-abstract method Method13728
oinone__oinone-pamirs,UNSAT,InterfacePolicy,,Interface Class3240 contains non-abstract method Method13729
oinone__oinone-pamirs,UNSAT,InterfacePolicy,,Interface Class3240 contains non-abstract method Method13730
oinone__oinone-pamirs,UNSAT,InterfacePolicy,,Interface Class3240 contains non-abstract method Method13731
oinone__oinone-pamirs,UNSAT,InterfacePolicy,,Interface Class3240 contains non-abstract method Method13732
oinone__oinone-pamirs,UNSAT,InterfacePolicy,,Interface Class3240 contains non-abstract method Method13733
oinone__oinone-pamirs,UNSAT,InterfacePolicy,,Interface Class3240 contains non-abstract method Method13734
oinone__oinone-pamirs,UNSAT,InterfacePolicy,,Interface Class3240 contains non-abstract method Method13735
oinone__oinone-pamirs,UNSAT,InterfacePolicy,,Interface Class3240 contains non-abstract method Method13736
oinone__oinone-pamirs,UNSAT,InterfacePolicy,,Interface Class3241 contains non-abstract method Method13737
oinone__oinone-pamirs,UNSAT,InterfacePolicy,,Interface Class3241 contains non-abstract method Method13738
oinone__oinone-pamirs,UNSAT,InterfacePolicy,,Interface Class3241 contains non-abstract method Method13739
oinone__oinone-pamirs,UNSAT,InterfacePolicy,,Interface Class3241 contains non-abstract method Method13740
oinone__oinone-pamirs,UNSAT,InterfacePolicy,,Interface Class3241 contains non-abstract method Method13741
oinone__oinone-pamirs,UNSAT,InterfacePolicy,,Interface Class3241 contains non-abstract method Method13742
oinone__oinone-pamirs,UNSAT,InterfacePolicy,,Interface Class3241 contains non-abstract method Method13743
oinone__oinone-pamirs,UNSAT,InterfacePolicy,,Interface Class3241 contains non-abstract method Method13744
oinone__oinone-pamirs,UNSAT,InterfacePolicy,,Interface Class3241 contains non-abstract method Method13745
oinone__oinone-pamirs,UNSAT,InterfacePolicy,,Interface Class3241 contains non-abstract method Method13746
oinone__oinone-pamirs,UNSAT,InterfacePolicy,,Interface Class3241 contains non-abstract method Method13747
oinone__oinone-pamirs,UNSAT,InterfacePolicy,,Interface Class3241 contains non-abstract method Method13748
oinone__oinone-pamirs,UNSAT,InterfacePolicy,,Interface Class3241 contains non-abstract method Method13749
oinone__oinone-pamirs,UNSAT,InterfacePolicy,,Interface Class3241 contains non-abstract method Method13750
oinone__oinone-pamirs,UNSAT,InterfacePolicy,,Interface Class3241 contains non-abstract method Method13751
oinone__oinone-pamirs,UNSAT,InterfacePolicy,,Interface Class3241 contains non-abstract method Method13752
oinone__oinone-pamirs,UNSAT,InterfacePolicy,,Interface Class3241 contains non-abstract method Method13753
oinone__oinone-pamirs,UNSAT,InterfacePolicy,,Interface Class3241 contains non-abstract method Method13754
oinone__oinone-pamirs,UNSAT,InterfacePolicy,,Interface Class3241 contains non-abstract method Method13755
oinone__oinone-pamirs,UNSAT,InterfacePolicy,,Interface Class3241 contains non-abstract method Method13756
oinone__oinone-pamirs,UNSAT,InterfacePolicy,,Interface Class3241 contains non-abstract method Method13757
oinone__oinone-pamirs,UNSAT,InterfacePolicy,,Interface Class3241 contains non-abstract method Method13758
oinone__oinone-pamirs,UNSAT,InterfacePolicy,,Interface Class3241 contains non-abstract method Method13759
oinone__oinone-pamirs,UNSAT,InterfacePolicy,,Interface Class3241 contains non-abstract method Method13760
oinone__oinone-pamirs,UNSAT,InterfacePolicy,,Interface Class3241 contains non-abstract method Method13761
oinone__oinone-pamirs,UNSAT,InterfacePolicy,,Interface Class3241 contains non-abstract method Method13762
oinone__oinone-pamirs,UNSAT,InterfacePolicy,,Interface Class3242 contains non-abstract method Method13764
oinone__oinone-pamirs,UNSAT,InterfacePolicy,,Interface Class3242 contains non-abstract method Method13765
oinone__oinone-pamirs,UNSAT,InterfacePolicy,,Interface Class3244 contains non-abstract method Method13856
oinone__oinone-pamirs,UNSAT,InterfacePolicy,,Interface Class3244 contains non-abstract method Method13857
oinone__oinone-pamirs,UNSAT,InterfacePolicy,,Interface Class3244 contains non-abstract method Method13858
oinone__oinone-pamirs,UNSAT,InterfacePolicy,,Interface Class3244 contains non-abstract method Method13859
oinone__oinone-pamirs,UNSAT,InterfacePolicy,,Interface Class3244 contains non-abstract method Method13860
oinone__oinone-pamirs,UNSAT,InterfacePolicy,,Interface Class3244 contains non-abstract method Method13861
oinone__oinone-pamirs,UNSAT,InterfacePolicy,,Interface Class3244 contains non-abstract method Method13862
oinone__oinone-pamirs,UNSAT,InterfacePolicy,,Interface Class3244 contains non-abstract method Method13863
oinone__oinone-pamirs,UNSAT,InterfacePolicy,,Interface Class3244 contains non-abstract method Method13864
oinone__oinone-pamirs,UNSAT,InterfacePolicy,,Interface Class3244 contains non-abstract method Method13865
oinone__oinone-pamirs,UNSAT,InterfacePolicy,,Interface Class3244 contains non-abstract method Method13866
oinone__oinone-pamirs,UNSAT,InterfacePolicy,,Interface Class3244 contains non-abstract method Method13867
oinone__oinone-pamirs,UNSAT,InterfacePolicy,,Interface Class3244 contains non-abstract method Method13868
oinone__oinone-pamirs,UNSAT,InterfacePolicy,,Interface Class3244 contains non-abstract method Method13869
oinone__oinone-pamirs,UNSAT,InterfacePolicy,,Interface Class3244 contains non-abstract method Method13870
oinone__oinone-pamirs,UNSAT,InterfacePolicy,,Interface Class3244 contains non-abstract method Method13871
oinone__oinone-pamirs,UNSAT,InterfacePolicy,,Interface Class3244 contains non-abstract method Method13872
oinone__oinone-pamirs,UNSAT,InterfacePolicy,,Interface Class3244 contains non-abstract method Method13873
oinone__oinone-pamirs,UNSAT,InterfacePolicy,,Interface Class3244 contains non-abstract method Method13874
oinone__oinone-pamirs,UNSAT,InterfacePolicy,,Interface Class3244 contains non-abstract method Method13875
oinone__oinone-pamirs,UNSAT,InterfacePolicy,,Interface Class3244 contains non-abstract method Method13876
oinone__oinone-pamirs,UNSAT,InterfacePolicy,,Interface Class3244 contains non-abstract method Method13877
oinone__oinone-pamirs,UNSAT,InterfacePolicy,,Interface Class3244 contains non-abstract method Method13878
oinone__oinone-pamirs,UNSAT,InterfacePolicy,,Interface Class3244 contains non-abstract method Method13879
oinone__oinone-pamirs,UNSAT,InterfacePolicy,,Interface Class3244 contains non-abstract method Method13880
oinone__oinone-pamirs,UNSAT,InterfacePolicy,,Interface Class3244 contains non-abstract method Method13881
oinone__oinone-pamirs,UNSAT,InterfacePolicy,,Interface Class3245 contains non-abstract method Method13882
oinone__oinone-pamirs,UNSAT,InterfacePolicy,,Interface Class3245 contains non-abstract method Method13883
oinone__oinone-pamirs,UNSAT,InterfacePolicy,,Interface Class3245 contains non-abstract method Method13884
oinone__oinone-pamirs,UNSAT,InterfacePolicy,,Interface Class3245 contains non-abstract method Method13885
oinone__oinone-pamirs,UNSAT,InterfacePolicy,,Interface Class3245 contains non-abstract method Method13886
oinone__oinone-pamirs,UNSAT,InterfacePolicy,,Interface Class3293 contains non-abstract method Method14113
oinone__oinone-pamirs,UNSAT,InterfacePolicy,,Interface Class3293 contains non-abstract method Method14114
oinone__oinone-pamirs,UNSAT,InterfacePolicy,,Interface Class3294 contains non-abstract method Method14115
oinone__oinone-pamirs,UNSAT,InterfacePolicy,,Interface Class3308 contains non-abstract method Method14134
oinone__oinone-pamirs,UNSAT,InterfacePolicy,,Interface Class3308 contains non-abstract method Method14135
oinone__oinone-pamirs,UNSAT,InterfacePolicy,,Interface Class3310 contains non-abstract method Method14189
oinone__oinone-pamirs,UNSAT,InterfacePolicy,,Interface Class3310 contains non-abstract method Method14190
oinone__oinone-pamirs,UNSAT,InterfacePolicy,,Interface Class3310 contains non-abstract method Method14191
oinone__oinone-pamirs,UNSAT,InterfacePolicy,,Interface Class3337 contains non-abstract method Method14452
oinone__oinone-pamirs,UNSAT,InterfacePolicy,,Interface Class3338 contains non-abstract method Method14457
oinone__oinone-pamirs,UNSAT,InterfacePolicy,,Interface Class3338 contains non-abstract method Method14458
oinone__oinone-pamirs,UNSAT,InterfacePolicy,,Interface Class3338 contains non-abstract method Method14459
oinone__oinone-pamirs,UNSAT,InterfacePolicy,,Interface Class3338 contains non-abstract method Method14460
oinone__oinone-pamirs,UNSAT,InterfacePolicy,,Interface Class3338 contains non-abstract method Method14461
oinone__oinone-pamirs,UNSAT,InterfacePolicy,,Interface Class3354 contains non-abstract method Method14635
oinone__oinone-pamirs,UNSAT,InterfacePolicy,,Interface Class3354 contains non-abstract method Method14636
oinone__oinone-pamirs,UNSAT,InterfacePolicy,,Interface Class3354 contains non-abstract method Method14637
oinone__oinone-pamirs,UNSAT,InterfacePolicy,,Interface Class3354 contains non-abstract method Method14638
oinone__oinone-pamirs,UNSAT,InterfacePolicy,,Interface Class3354 contains non-abstract method Method14639
oinone__oinone-pamirs,UNSAT,InterfacePolicy,,Interface Class3354 contains non-abstract method Method14640
oinone__oinone-pamirs,UNSAT,InterfacePolicy,,Interface Class3379 contains non-abstract method Method14721
oinone__oinone-pamirs,UNSAT,InterfacePolicy,,Interface Class3394 contains non-abstract method Method14911
oinone__oinone-pamirs,UNSAT,InterfacePolicy,,Interface Class3404 contains non-abstract method Method14936
oinone__oinone-pamirs,UNSAT,InterfacePolicy,,Interface Class3404 contains non-abstract method Method14937
oinone__oinone-pamirs,UNSAT,InterfacePolicy,,Interface Class3438 contains non-abstract method Method15047
oinone__oinone-pamirs,UNSAT,InterfacePolicy,,Interface Class3441 contains non-abstract method Method15065
oinone__oinone-pamirs,UNSAT,InterfacePolicy,,Interface Class3441 contains non-abstract method Method15066
oinone__oinone-pamirs,UNSAT,InterfacePolicy,,Interface Class3441 contains non-abstract method Method15067
oinone__oinone-pamirs,UNSAT,InterfacePolicy,,Interface Class3441 contains non-abstract method Method15068
oinone__oinone-pamirs,UNSAT,InterfacePolicy,,Interface Class3441 contains non-abstract method Method15069
oinone__oinone-pamirs,UNSAT,InterfacePolicy,,Interface Class3441 contains non-abstract method Method15070
oinone__oinone-pamirs,UNSAT,InterfacePolicy,,Interface Class3454 contains non-abstract method Method15143
oinone__oinone-pamirs,UNSAT,InterfacePolicy,,Interface Class3454 contains non-abstract method Method15144
oinone__oinone-pamirs,UNSAT,InterfacePolicy,,Interface Class3459 contains non-abstract method Method15152
oinone__oinone-pamirs,UNSAT,InterfacePolicy,,Interface Class3459 contains non-abstract method Method15153
oinone__oinone-pamirs,UNSAT,InterfacePolicy,,Interface Class3459 contains non-abstract method Method15154
oinone__oinone-pamirs,UNSAT,InterfacePolicy,,Interface Class3459 contains non-abstract method Method15155
oinone__oinone-pamirs,UNSAT,InterfacePolicy,,Interface Class3459 contains non-abstract method Method15156
oinone__oinone-pamirs,UNSAT,InterfacePolicy,,Interface Class3459 contains non-abstract method Method15157
oinone__oinone-pamirs,UNSAT,InterfacePolicy,,Interface Class3459 contains non-abstract method Method15158
oinone__oinone-pamirs,UNSAT,InterfacePolicy,,Interface Class3459 contains non-abstract method Method15159
oinone__oinone-pamirs,UNSAT,InterfacePolicy,,Interface Class3459 contains non-abstract method Method15160
oinone__oinone-pamirs,UNSAT,InterfacePolicy,,Interface Class3459 contains non-abstract method Method15161
oinone__oinone-pamirs,UNSAT,InterfacePolicy,,Interface Class3459 contains non-abstract method Method15162
oinone__oinone-pamirs,UNSAT,InterfacePolicy,,Interface Class3459 contains non-abstract method Method15163
oinone__oinone-pamirs,UNSAT,InterfacePolicy,,Interface Class3459 contains non-abstract method Method15164
oinone__oinone-pamirs,UNSAT,InterfacePolicy,,Interface Class3459 contains non-abstract method Method15165
oinone__oinone-pamirs,UNSAT,InterfacePolicy,,Interface Class3459 contains non-abstract method Method15166
oinone__oinone-pamirs,UNSAT,InterfacePolicy,,Interface Class3459 contains non-abstract method Method15167
oinone__oinone-pamirs,UNSAT,InterfacePolicy,,Interface Class3459 contains non-abstract method Method15168
oinone__oinone-pamirs,UNSAT,InterfacePolicy,,Interface Class3459 contains non-abstract method Method15169
oinone__oinone-pamirs,UNSAT,InterfacePolicy,,Interface Class3459 contains non-abstract method Method15170
oinone__oinone-pamirs,UNSAT,InterfacePolicy,,Interface Class3459 contains non-abstract method Method15171
oinone__oinone-pamirs,UNSAT,InterfacePolicy,,Interface Class3459 contains non-abstract method Method15172
oinone__oinone-pamirs,UNSAT,InterfacePolicy,,Interface Class3460 contains non-abstract method Method15173
oinone__oinone-pamirs,UNSAT,InterfacePolicy,,Interface Class3460 contains non-abstract method Method15174
oinone__oinone-pamirs,UNSAT,InterfacePolicy,,Interface Class3460 contains non-abstract method Method15175
oinone__oinone-pamirs,UNSAT,InterfacePolicy,,Interface Class3460 contains non-abstract method Method15176
oinone__oinone-pamirs,UNSAT,InterfacePolicy,,Interface Class3461 contains non-abstract method Method15177
oinone__oinone-pamirs,UNSAT,InterfacePolicy,,Interface Class3461 contains non-abstract method Method15178
oinone__oinone-pamirs,UNSAT,InterfacePolicy,,Interface Class3461 contains non-abstract method Method15179
oinone__oinone-pamirs,UNSAT,InterfacePolicy,,Interface Class3461 contains non-abstract method Method15180
oinone__oinone-pamirs,UNSAT,InterfacePolicy,,Interface Class3461 contains non-abstract method Method15181
oinone__oinone-pamirs,UNSAT,InterfacePolicy,,Interface Class3461 contains non-abstract method Method15182
oinone__oinone-pamirs,UNSAT,InterfacePolicy,,Interface Class3461 contains non-abstract method Method15183
oinone__oinone-pamirs,UNSAT,InterfacePolicy,,Interface Class3461 contains non-abstract method Method15184
oinone__oinone-pamirs,UNSAT,InterfacePolicy,,Interface Class3461 contains non-abstract method Method15185
oinone__oinone-pamirs,UNSAT,InterfacePolicy,,Interface Class3461 contains non-abstract method Method15186
oinone__oinone-pamirs,UNSAT,InterfacePolicy,,Interface Class3461 contains non-abstract method Method15187
oinone__oinone-pamirs,UNSAT,InterfacePolicy,,Interface Class3461 contains non-abstract method Method15188
oinone__oinone-pamirs,UNSAT,InterfacePolicy,,Interface Class3461 contains non-abstract method Method15189
oinone__oinone-pamirs,UNSAT,InterfacePolicy,,Interface Class3461 contains non-abstract method Method15190
oinone__oinone-pamirs,UNSAT,InterfacePolicy,,Interface Class3461 contains non-abstract method Method15191
oinone__oinone-pamirs,UNSAT,InterfacePolicy,,Interface Class3461 contains non-abstract method Method15192
oinone__oinone-pamirs,UNSAT,InterfacePolicy,,Interface Class3461 contains non-abstract method Method15193
oinone__oinone-pamirs,UNSAT,InterfacePolicy,,Interface Class3461 contains non-abstract method Method15194
oinone__oinone-pamirs,UNSAT,InterfacePolicy,,Interface Class3461 contains non-abstract method Method15195
oinone__oinone-pamirs,UNSAT,InterfacePolicy,,Interface Class3461 contains non-abstract method Method15196
oinone__oinone-pamirs,UNSAT,InterfacePolicy,,Interface Class3461 contains non-abstract method Method15197
oinone__oinone-pamirs,UNSAT,InterfacePolicy,,Interface Class3461 contains non-abstract method Method15198
oinone__oinone-pamirs,UNSAT,InterfacePolicy,,Interface Class3461 contains non-abstract method Method15199
oinone__oinone-pamirs,UNSAT,InterfacePolicy,,Interface Class3461 contains non-abstract method Method15200
oinone__oinone-pamirs,UNSAT,InterfacePolicy,,Interface Class3461 contains non-abstract method Method15201
oinone__oinone-pamirs,UNSAT,InterfacePolicy,,Interface Class3461 contains non-abstract method Method15202
oinone__oinone-pamirs,UNSAT,InterfacePolicy,,Interface Class3461 contains non-abstract method Method15203
oinone__oinone-pamirs,UNSAT,InterfacePolicy,,Interface Class3461 contains non-abstract method Method15204
oinone__oinone-pamirs,UNSAT,InterfacePolicy,,Interface Class3461 contains non-abstract method Method15205
oinone__oinone-pamirs,UNSAT,InterfacePolicy,,Interface Class3461 contains non-abstract method Method15206
oinone__oinone-pamirs,UNSAT,InterfacePolicy,,Interface Class3461 contains non-abstract method Method15207
oinone__oinone-pamirs,UNSAT,InterfacePolicy,,Interface Class3461 contains non-abstract method Method15208
oinone__oinone-pamirs,UNSAT,InterfacePolicy,,Interface Class3461 contains non-abstract method Method15209
oinone__oinone-pamirs,UNSAT,InterfacePolicy,,Interface Class3461 contains non-abstract method Method15210
oinone__oinone-pamirs,UNSAT,InterfacePolicy,,Interface Class3465 contains non-abstract method Method15234
oinone__oinone-pamirs,UNSAT,InterfacePolicy,,Interface Class3469 contains non-abstract method Method15235
oinone__oinone-pamirs,UNSAT,InterfacePolicy,,Interface Class3470 contains non-abstract method Method15236
oinone__oinone-pamirs,UNSAT,InterfacePolicy,,Interface Class3471 contains non-abstract method Method15237
oinone__oinone-pamirs,UNSAT,InterfacePolicy,,Interface Class3472 contains non-abstract method Method15238
oinone__oinone-pamirs,UNSAT,InterfacePolicy,,Interface Class3473 contains non-abstract method Method15239
oinone__oinone-pamirs,UNSAT,InterfacePolicy,,Interface Class3475 contains non-abstract method Method15240
oinone__oinone-pamirs,UNSAT,InterfacePolicy,,Interface Class3476 contains non-abstract method Method15241
oinone__oinone-pamirs,UNSAT,InterfacePolicy,,Interface Class3477 contains non-abstract method Method15242
oinone__oinone-pamirs,UNSAT,InterfacePolicy,,Interface Class3478 contains non-abstract method Method15243
oinone__oinone-pamirs,UNSAT,InterfacePolicy,,Interface Class3479 contains non-abstract method Method15244
oinone__oinone-pamirs,UNSAT,InterfacePolicy,,Interface Class3480 contains non-abstract method Method15245
oinone__oinone-pamirs,UNSAT,InterfacePolicy,,Interface Class3481 contains non-abstract method Method15246
oinone__oinone-pamirs,UNSAT,InterfacePolicy,,Interface Class3482 contains non-abstract method Method15247
oinone__oinone-pamirs,UNSAT,InterfacePolicy,,Interface Class3483 contains non-abstract method Method15248
oinone__oinone-pamirs,UNSAT,InterfacePolicy,,Interface Class3484 contains non-abstract method Method15249
oinone__oinone-pamirs,UNSAT,InterfacePolicy,,Interface Class3486 contains non-abstract method Method15250
oinone__oinone-pamirs,UNSAT,InterfacePolicy,,Interface Class3487 contains non-abstract method Method15251
oinone__oinone-pamirs,UNSAT,InterfacePolicy,,Interface Class3488 contains non-abstract method Method15252
oinone__oinone-pamirs,UNSAT,InterfacePolicy,,Interface Class3489 contains non-abstract method Method15253
oinone__oinone-pamirs,UNSAT,InterfacePolicy,,Interface Class3490 contains non-abstract method Method15254
oinone__oinone-pamirs,UNSAT,InterfacePolicy,,Interface Class3491 contains non-abstract method Method15255
oinone__oinone-pamirs,UNSAT,InterfacePolicy,,Interface Class3492 contains non-abstract method Method15256
oinone__oinone-pamirs,UNSAT,InterfacePolicy,,Interface Class3493 contains non-abstract method Method15257
oinone__oinone-pamirs,UNSAT,InterfacePolicy,,Interface Class3494 contains non-abstract method Method15258
oinone__oinone-pamirs,UNSAT,InterfacePolicy,,Interface Class3495 contains non-abstract method Method15259
oinone__oinone-pamirs,UNSAT,InterfacePolicy,,Interface Class3496 contains non-abstract method Method15260
oinone__oinone-pamirs,UNSAT,InterfacePolicy,,Interface Class3497 contains non-abstract method Method15261
oinone__oinone-pamirs,UNSAT,InterfacePolicy,,Interface Class3498 contains non-abstract method Method15262
oinone__oinone-pamirs,UNSAT,InterfacePolicy,,Interface Class3499 contains non-abstract method Method15263
oinone__oinone-pamirs,UNSAT,InterfacePolicy,,Interface Class3500 contains non-abstract method Method15264
oinone__oinone-pamirs,UNSAT,InterfacePolicy,,Interface Class3501 contains non-abstract method Method15265
oinone__oinone-pamirs,UNSAT,InterfacePolicy,,Interface Class3502 contains non-abstract method Method15266
oinone__oinone-pamirs,UNSAT,InterfacePolicy,,Interface Class3503 contains non-abstract method Method15267
oinone__oinone-pamirs,UNSAT,InterfacePolicy,,Interface Class3504 contains non-abstract method Method15268
oinone__oinone-pamirs,UNSAT,InterfacePolicy,,Interface Class3505 contains non-abstract method Method15269
oinone__oinone-pamirs,UNSAT,InterfacePolicy,,Interface Class3526 contains non-abstract method Method15494
oinone__oinone-pamirs,UNSAT,InterfacePolicy,,Interface Class3526 contains non-abstract method Method15495
oinone__oinone-pamirs,UNSAT,InterfacePolicy,,Interface Class3526 contains non-abstract method Method15496
oinone__oinone-pamirs,UNSAT,InterfacePolicy,,Interface Class3526 contains non-abstract method Method15497
oinone__oinone-pamirs,UNSAT,InterfacePolicy,,Interface Class3526 contains non-abstract method Method15498
oinone__oinone-pamirs,UNSAT,InterfacePolicy,,Interface Class3526 contains non-abstract method Method15499
oinone__oinone-pamirs,UNSAT,InterfacePolicy,,Interface Class3526 contains non-abstract method Method15500
oinone__oinone-pamirs,UNSAT,InterfacePolicy,,Interface Class3528 contains non-abstract method Method15513
oinone__oinone-pamirs,UNSAT,InterfacePolicy,,Interface Class3528 contains non-abstract method Method15514
oinone__oinone-pamirs,UNSAT,InterfacePolicy,,Interface Class3528 contains non-abstract method Method15515
oinone__oinone-pamirs,UNSAT,InterfacePolicy,,Interface Class3528 contains non-abstract method Method15516
oinone__oinone-pamirs,UNSAT,InterfacePolicy,,Interface Class3528 contains non-abstract method Method15517
oinone__oinone-pamirs,UNSAT,InterfacePolicy,,Interface Class3528 contains non-abstract method Method15518
oinone__oinone-pamirs,UNSAT,InterfacePolicy,,Interface Class3529 contains non-abstract method Method15519
oinone__oinone-pamirs,UNSAT,InterfacePolicy,,Interface Class3529 contains non-abstract method Method15520
oinone__oinone-pamirs,UNSAT,InterfacePolicy,,Interface Class3529 contains non-abstract method Method15521
oinone__oinone-pamirs,UNSAT,InterfacePolicy,,Interface Class3529 contains non-abstract method Method15522
oinone__oinone-pamirs,UNSAT,InterfacePolicy,,Interface Class3529 contains non-abstract method Method15523
oinone__oinone-pamirs,UNSAT,InterfacePolicy,,Interface Class3529 contains non-abstract method Method15524
oinone__oinone-pamirs,UNSAT,InterfacePolicy,,Interface Class3776 contains non-abstract method Method16470
oinone__oinone-pamirs,UNSAT,InterfacePolicy,,Interface Class3827 contains non-abstract method Method17009
oinone__oinone-pamirs,UNSAT,InterfacePolicy,,Interface Class3827 contains non-abstract method Method17011
oinone__oinone-pamirs,UNSAT,InterfacePolicy,,Interface Class3865 contains non-abstract method Method17244
oinone__oinone-pamirs,UNSAT,InterfacePolicy,,Interface Class3865 contains non-abstract method Method17247
oinone__oinone-pamirs,UNSAT,InterfacePolicy,,Interface Class3878 contains non-abstract method Method17308
oinone__oinone-pamirs,UNSAT,InterfacePolicy,,Interface Class3906 contains non-abstract method Method17416
oinone__oinone-pamirs,UNSAT,InterfacePolicy,,Interface Class3906 contains non-abstract method Method17417
oinone__oinone-pamirs,UNSAT,InterfacePolicy,,Interface Class3906 contains non-abstract method Method17418
oinone__oinone-pamirs,UNSAT,InterfacePolicy,,Interface Class3906 contains non-abstract method Method17419
oinone__oinone-pamirs,UNSAT,InterfacePolicy,,Interface Class3906 contains non-abstract method Method17420
oinone__oinone-pamirs,UNSAT,InterfacePolicy,,Interface Class3906 contains non-abstract method Method17421
oinone__oinone-pamirs,UNSAT,InterfacePolicy,,Interface Class3906 contains non-abstract method Method17423
oinone__oinone-pamirs,UNSAT,InterfacePolicy,,Interface Class3906 contains non-abstract method Method17424
oinone__oinone-pamirs,UNSAT,InterfacePolicy,,Interface Class3933 contains non-abstract method Method17511
oinone__oinone-pamirs,UNSAT,InterfacePolicy,,Interface Class3933 contains non-abstract method Method17512
oinone__oinone-pamirs,UNSAT,InterfacePolicy,,Interface Class4095 contains non-abstract method Method18031
oinone__oinone-pamirs,UNSAT,InterfacePolicy,,Interface Class4095 contains non-abstract method Method18032
oinone__oinone-pamirs,UNSAT,InterfacePolicy,,Interface Class4095 contains non-abstract method Method18034
oinone__oinone-pamirs,UNSAT,InterfacePolicy,,Interface Class4299 contains non-abstract method Method18838
oinone__oinone-pamirs,UNSAT,InterfacePolicy,,Interface Class4299 contains non-abstract method Method18839
oinone__oinone-pamirs,UNSAT,InterfacePolicy,,Interface Class4299 contains non-abstract method Method18840
oinone__oinone-pamirs,UNSAT,InterfacePolicy,,Interface Class4299 contains non-abstract method Method18841
oinone__oinone-pamirs,UNSAT,InterfacePolicy,,Interface Class4299 contains non-abstract method Method18842
oinone__oinone-pamirs,UNSAT,InterfacePolicy,,Interface Class4299 contains non-abstract method Method18845
oinone__oinone-pamirs,UNSAT,InterfacePolicy,,Interface Class4334 contains non-abstract method Method19039
oinone__oinone-pamirs,UNSAT,InterfacePolicy,,Interface Class4334 contains non-abstract method Method19040
oinone__oinone-pamirs,UNSAT,InterfacePolicy,,Interface Class4334 contains non-abstract method Method19041
oinone__oinone-pamirs,UNSAT,InterfacePolicy,,Interface Class4334 contains non-abstract method Method19042
oinone__oinone-pamirs,UNSAT,InterfacePolicy,,Interface Class4334 contains non-abstract method Method19043
oinone__oinone-pamirs,UNSAT,InterfacePolicy,,Interface Class4334 contains non-abstract method Method19044
oinone__oinone-pamirs,UNSAT,InterfacePolicy,,Interface Class4334 contains non-abstract method Method19045
oinone__oinone-pamirs,UNSAT,InterfacePolicy,,Interface Class4334 contains non-abstract method Method19046
oinone__oinone-pamirs,UNSAT,InterfacePolicy,,Interface Class4334 contains non-abstract method Method19047
oinone__oinone-pamirs,UNSAT,InterfacePolicy,,Interface Class4334 contains non-abstract method Method19048
oinone__oinone-pamirs,UNSAT,InterfacePolicy,,Interface Class4334 contains non-abstract method Method19049
oinone__oinone-pamirs,UNSAT,InterfacePolicy,,Interface Class4334 contains non-abstract method Method19050
oinone__oinone-pamirs,UNSAT,InterfacePolicy,,Interface Class4373 contains non-abstract method Method19212
oinone__oinone-pamirs,UNSAT,InterfacePolicy,,Interface Class4383 contains non-abstract method Method19287
oinone__oinone-pamirs,UNSAT,InterfacePolicy,,Interface Class4389 contains non-abstract method Method19301
oinone__oinone-pamirs,UNSAT,InterfacePolicy,,Interface Class4389 contains non-abstract method Method19303
oinone__oinone-pamirs,UNSAT,InterfacePolicy,,Interface Class4389 contains non-abstract method Method19304
oinone__oinone-pamirs,UNSAT,InterfacePolicy,,Interface Class4484 contains non-abstract method Method19664
oinone__oinone-pamirs,UNSAT,InterfacePolicy,,Interface Class4485 contains non-abstract method Method19666
oinone__oinone-pamirs,UNSAT,InterfacePolicy,,Interface Class4485 contains non-abstract method Method19667
oinone__oinone-pamirs,UNSAT,InterfacePolicy,,Interface Class4485 contains non-abstract method Method19668
oinone__oinone-pamirs,UNSAT,InterfacePolicy,,Interface Class4485 contains non-abstract method Method19669
oinone__oinone-pamirs,UNSAT,InterfacePolicy,,Interface Class4485 contains non-abstract method Method19670
oinone__oinone-pamirs,UNSAT,InterfacePolicy,,Interface Class4485 contains non-abstract method Method19671
oinone__oinone-pamirs,UNSAT,InterfacePolicy,,Interface Class4485 contains non-abstract method Method19672
oinone__oinone-pamirs,UNSAT,InterfacePolicy,,Interface Class4485 contains non-abstract method Method19673
oinone__oinone-pamirs,UNSAT,InterfacePolicy,,Interface Class4485 contains non-abstract method Method19674
oinone__oinone-pamirs,UNSAT,InterfacePolicy,,Interface Class4485 contains non-abstract method Method19675
oinone__oinone-pamirs,UNSAT,InterfacePolicy,,Interface Class4485 contains non-abstract method Method19676
oinone__oinone-pamirs,UNSAT,InterfacePolicy,,Interface Class4485 contains non-abstract method Method19677
oinone__oinone-pamirs,UNSAT,InterfacePolicy,,Interface Class4662 contains non-abstract method Method20534
oinone__oinone-pamirs,UNSAT,InterfacePolicy,,Interface Class62 has field Field324
oinone__oinone-pamirs,UNSAT,InterfacePolicy,,Interface Class62 has field Field325
oinone__oinone-pamirs,UNSAT,InterfacePolicy,,Interface Class62 has field Field326
oinone__oinone-pamirs,UNSAT,InterfacePolicy,,Interface Class62 has field Field327
oinone__oinone-pamirs,UNSAT,InterfacePolicy,,Interface Class62 has field Field328
oinone__oinone-pamirs,UNSAT,InterfacePolicy,,Interface Class62 has field Field329
oinone__oinone-pamirs,UNSAT,InterfacePolicy,,Interface Class62 has field Field330
oinone__oinone-pamirs,UNSAT,InterfacePolicy,,Interface Class62 has field Field331
oinone__oinone-pamirs,UNSAT,InterfacePolicy,,Interface Class62 has field Field332
oinone__oinone-pamirs,UNSAT,InterfacePolicy,,Interface Class62 has field Field333
oinone__oinone-pamirs,UNSAT,InterfacePolicy,,Interface Class62 has field Field334
oinone__oinone-pamirs,UNSAT,InterfacePolicy,,Interface Class62 has field Field335
oinone__oinone-pamirs,UNSAT,InterfacePolicy,,Interface Class62 has field Field336
oinone__oinone-pamirs,UNSAT,InterfacePolicy,,Interface Class62 has field Field337
oinone__oinone-pamirs,UNSAT,InterfacePolicy,,Interface Class62 has field Field338
oinone__oinone-pamirs,UNSAT,InterfacePolicy,,Interface Class62 has field Field339
oinone__oinone-pamirs,UNSAT,InterfacePolicy,,Interface Class62 has field Field340
oinone__oinone-pamirs,UNSAT,InterfacePolicy,,Interface Class62 has field Field341
oinone__oinone-pamirs,UNSAT,InterfacePolicy,,Interface Class62 has field Field342
oinone__oinone-pamirs,UNSAT,InterfacePolicy,,Interface Class62 has field Field343
oinone__oinone-pamirs,UNSAT,InterfacePolicy,,Interface Class62 has field Field344
oinone__oinone-pamirs,UNSAT,InterfacePolicy,,Interface Class62 has field Field345
oinone__oinone-pamirs,UNSAT,InterfacePolicy,,Interface Class62 has field Field346
oinone__oinone-pamirs,UNSAT,InterfacePolicy,,Interface Class62 has field Field347
oinone__oinone-pamirs,UNSAT,InterfacePolicy,,Interface Class62 has field Field348
oinone__oinone-pamirs,UNSAT,InterfacePolicy,,Interface Class62 has field Field349
oinone__oinone-pamirs,UNSAT,InterfacePolicy,,Interface Class62 has field Field350
oinone__oinone-pamirs,UNSAT,InterfacePolicy,,Interface Class62 has field Field351
oinone__oinone-pamirs,UNSAT,InterfacePolicy,,Interface Class62 has field Field352
oinone__oinone-pamirs,UNSAT,InterfacePolicy,,Interface Class62 has field Field353
oinone__oinone-pamirs,UNSAT,InterfacePolicy,,Interface Class62 has field Field354
oinone__oinone-pamirs,UNSAT,InterfacePolicy,,Interface Class62 has field Field355
oinone__oinone-pamirs,UNSAT,InterfacePolicy,,Interface Class62 has field Field356
oinone__oinone-pamirs,UNSAT,InterfacePolicy,,Interface Class62 has field Field357
oinone__oinone-pamirs,UNSAT,InterfacePolicy,,Interface Class62 has field Field358
oinone__oinone-pamirs,UNSAT,InterfacePolicy,,Interface Class62 has field Field359
oinone__oinone-pamirs,UNSAT,InterfacePolicy,,Interface Class62 has field Field360
oinone__oinone-pamirs,UNSAT,InterfacePolicy,,Interface Class62 has field Field361
oinone__oinone-pamirs,UNSAT,InterfacePolicy,,Interface Class62 has field Field362
oinone__oinone-pamirs,UNSAT,InterfacePolicy,,Interface Class62 has field Field363
oinone__oinone-pamirs,UNSAT,InterfacePolicy,,Interface Class110 has field Field622
oinone__oinone-pamirs,UNSAT,InterfacePolicy,,Interface Class110 has field Field623
oinone__oinone-pamirs,UNSAT,InterfacePolicy,,Interface Class110 has field Field624
oinone__oinone-pamirs,UNSAT,InterfacePolicy,,Interface Class142 has field Field651
oinone__oinone-pamirs,UNSAT,InterfacePolicy,,Interface Class142 has field Field652
oinone__oinone-pamirs,UNSAT,InterfacePolicy,,Interface Class142 has field Field653
oinone__oinone-pamirs,UNSAT,InterfacePolicy,,Interface Class142 has field Field654
oinone__oinone-pamirs,UNSAT,InterfacePolicy,,Interface Class142 has field Field655
oinone__oinone-pamirs,UNSAT,InterfacePolicy,,Interface Class142 has field Field656
oinone__oinone-pamirs,UNSAT,InterfacePolicy,,Interface Class142 has field Field657
oinone__oinone-pamirs,UNSAT,InterfacePolicy,,Interface Class142 has field Field658
oinone__oinone-pamirs,UNSAT,InterfacePolicy,,Interface Class142 has field Field659
oinone__oinone-pamirs,UNSAT,InterfacePolicy,,Interface Class142 has field Field660
oinone__oinone-pamirs,UNSAT,InterfacePolicy,,Interface Class142 has field Field661
oinone__oinone-pamirs,UNSAT,InterfacePolicy,,Interface Class142 has field Field662
oinone__oinone-pamirs,UNSAT,InterfacePolicy,,Interface Class142 has field Field663
oinone__oinone-pamirs,UNSAT,InterfacePolicy,,Interface Class142 has field Field664
oinone__oinone-pamirs,UNSAT,InterfacePolicy,,Interface Class142 has field Field665
oinone__oinone-pamirs,UNSAT,InterfacePolicy,,Interface Class142 has field Field666
oinone__oinone-pamirs,UNSAT,InterfacePolicy,,Interface Class142 has field Field667
oinone__oinone-pamirs,UNSAT,InterfacePolicy,,Interface Class142 has field Field668
oinone__oinone-pamirs,UNSAT,InterfacePolicy,,Interface Class142 has field Field669
oinone__oinone-pamirs,UNSAT,InterfacePolicy,,Interface Class142 has field Field670
oinone__oinone-pamirs,UNSAT,InterfacePolicy,,Interface Class142 has field Field671
oinone__oinone-pamirs,UNSAT,InterfacePolicy,,Interface Class142 has field Field672
oinone__oinone-pamirs,UNSAT,InterfacePolicy,,Interface Class142 has field Field673
oinone__oinone-pamirs,UNSAT,InterfacePolicy,,Interface Class142 has field Field674
oinone__oinone-pamirs,UNSAT,InterfacePolicy,,Interface Class142 has field Field675
oinone__oinone-pamirs,UNSAT,InterfacePolicy,,Interface Class142 has field Field676
oinone__oinone-pamirs,UNSAT,InterfacePolicy,,Interface Class142 has field Field677
oinone__oinone-pamirs,UNSAT,InterfacePolicy,,Interface Class142 has field Field678
oinone__oinone-pamirs,UNSAT,InterfacePolicy,,Interface Class142 has field Field679
oinone__oinone-pamirs,UNSAT,InterfacePolicy,,Interface Class142 has field Field680
oinone__oinone-pamirs,UNSAT,InterfacePolicy,,Interface Class142 has field Field681
oinone__oinone-pamirs,UNSAT,InterfacePolicy,,Interface Class142 has field Field682
oinone__oinone-pamirs,UNSAT,InterfacePolicy,,Interface Class142 has field Field683
oinone__oinone-pamirs,UNSAT,InterfacePolicy,,Interface Class142 has field Field684
oinone__oinone-pamirs,UNSAT,InterfacePolicy,,Interface Class142 has field Field685
oinone__oinone-pamirs,UNSAT,InterfacePolicy,,Interface Class142 has field Field686
oinone__oinone-pamirs,UNSAT,InterfacePolicy,,Interface Class142 has field Field687
oinone__oinone-pamirs,UNSAT,InterfacePolicy,,Interface Class142 has field Field688
oinone__oinone-pamirs,UNSAT,InterfacePolicy,,Interface Class142 has field Field689
oinone__oinone-pamirs,UNSAT,InterfacePolicy,,Interface Class142 has field Field690
oinone__oinone-pamirs,UNSAT,InterfacePolicy,,Interface Class142 has field Field691
oinone__oinone-pamirs,UNSAT,InterfacePolicy,,Interface Class142 has field Field692
oinone__oinone-pamirs,UNSAT,InterfacePolicy,,Interface Class142 has field Field693
oinone__oinone-pamirs,UNSAT,InterfacePolicy,,Interface Class210 has field Field1033
oinone__oinone-pamirs,UNSAT,InterfacePolicy,,Interface Class211 has field Field1034
oinone__oinone-pamirs,UNSAT,InterfacePolicy,,Interface Class212 has field Field1035
oinone__oinone-pamirs,UNSAT,InterfacePolicy,,Interface Class213 has field Field1036
oinone__oinone-pamirs,UNSAT,InterfacePolicy,,Interface Class218 has field Field1042
oinone__oinone-pamirs,UNSAT,InterfacePolicy,,Interface Class233 has field Field1050
oinone__oinone-pamirs,UNSAT,InterfacePolicy,,Interface Class234 has field Field1051
oinone__oinone-pamirs,UNSAT,InterfacePolicy,,Interface Class234 has field Field1052
oinone__oinone-pamirs,UNSAT,InterfacePolicy,,Interface Class236 has field Field1053
oinone__oinone-pamirs,UNSAT,InterfacePolicy,,Interface Class236 has field Field1054
oinone__oinone-pamirs,UNSAT,InterfacePolicy,,Interface Class236 has field Field1055
oinone__oinone-pamirs,UNSAT,InterfacePolicy,,Interface Class317 has field Field1566
oinone__oinone-pamirs,UNSAT,InterfacePolicy,,Interface Class317 has field Field1567
oinone__oinone-pamirs,UNSAT,InterfacePolicy,,Interface Class317 has field Field1568
oinone__oinone-pamirs,UNSAT,InterfacePolicy,,Interface Class318 has field Field1569
oinone__oinone-pamirs,UNSAT,InterfacePolicy,,Interface Class318 has field Field1570
oinone__oinone-pamirs,UNSAT,InterfacePolicy,,Interface Class318 has field Field1571
oinone__oinone-pamirs,UNSAT,InterfacePolicy,,Interface Class318 has field Field1572
oinone__oinone-pamirs,UNSAT,InterfacePolicy,,Interface Class318 has field Field1573
oinone__oinone-pamirs,UNSAT,InterfacePolicy,,Interface Class318 has field Field1574
oinone__oinone-pamirs,UNSAT,InterfacePolicy,,Interface Class318 has field Field1575
oinone__oinone-pamirs,UNSAT,InterfacePolicy,,Interface Class318 has field Field1576
oinone__oinone-pamirs,UNSAT,InterfacePolicy,,Interface Class318 has field Field1577
oinone__oinone-pamirs,UNSAT,InterfacePolicy,,Interface Class318 has field Field1578
oinone__oinone-pamirs,UNSAT,InterfacePolicy,,Interface Class318 has field Field1579
oinone__oinone-pamirs,UNSAT,InterfacePolicy,,Interface Class319 has field Field1580
oinone__oinone-pamirs,UNSAT,InterfacePolicy,,Interface Class319 has field Field1581
oinone__oinone-pamirs,UNSAT,InterfacePolicy,,Interface Class319 has field Field1582
oinone__oinone-pamirs,UNSAT,InterfacePolicy,,Interface Class319 has field Field1583
oinone__oinone-pamirs,UNSAT,InterfacePolicy,,Interface Class320 has field Field1584
oinone__oinone-pamirs,UNSAT,InterfacePolicy,,Interface Class320 has field Field1585
oinone__oinone-pamirs,UNSAT,InterfacePolicy,,Interface Class320 has field Field1586
oinone__oinone-pamirs,UNSAT,InterfacePolicy,,Interface Class321 has field Field1587
oinone__oinone-pamirs,UNSAT,InterfacePolicy,,Interface Class322 has field Field1588
oinone__oinone-pamirs,UNSAT,InterfacePolicy,,Interface Class323 has field Field1589
oinone__oinone-pamirs,UNSAT,InterfacePolicy,,Interface Class323 has field Field1590
oinone__oinone-pamirs,UNSAT,InterfacePolicy,,Interface Class323 has field Field1591
oinone__oinone-pamirs,UNSAT,InterfacePolicy,,Interface Class323 has field Field1592
oinone__oinone-pamirs,UNSAT,InterfacePolicy,,Interface Class323 has field Field1593
oinone__oinone-pamirs,UNSAT,InterfacePolicy,,Interface Class323 has field Field1594
oinone__oinone-pamirs,UNSAT,InterfacePolicy,,Interface Class323 has field Field1595
oinone__oinone-pamirs,UNSAT,InterfacePolicy,,Interface Class323 has field Field1596
oinone__oinone-pamirs,UNSAT,InterfacePolicy,,Interface Class323 has field Field1597
oinone__oinone-pamirs,UNSAT,InterfacePolicy,,Interface Class323 has field Field1598
oinone__oinone-pamirs,UNSAT,InterfacePolicy,,Interface Class323 has field Field1599
oinone__oinone-pamirs,UNSAT,InterfacePolicy,,Interface Class323 has field Field1600
oinone__oinone-pamirs,UNSAT,InterfacePolicy,,Interface Class323 has field Field1601
oinone__oinone-pamirs,UNSAT,InterfacePolicy,,Interface Class323 has field Field1602
oinone__oinone-pamirs,UNSAT,InterfacePolicy,,Interface Class323 has field Field1603
oinone__oinone-pamirs,UNSAT,InterfacePolicy,,Interface Class323 has field Field1604
oinone__oinone-pamirs,UNSAT,InterfacePolicy,,Interface Class323 has field Field1605
oinone__oinone-pamirs,UNSAT,InterfacePolicy,,Interface Class323 has field Field1606
oinone__oinone-pamirs,UNSAT,InterfacePolicy,,Interface Class323 has field Field1607
oinone__oinone-pamirs,UNSAT,InterfacePolicy,,Interface Class323 has field Field1608
oinone__oinone-pamirs,UNSAT,InterfacePolicy,,Interface Class323 has field Field1609
oinone__oinone-pamirs,UNSAT,InterfacePolicy,,Interface Class323 has field Field1610
oinone__oinone-pamirs,UNSAT,InterfacePolicy,,Interface Class323 has field Field1611
oinone__oinone-pamirs,UNSAT,InterfacePolicy,,Interface Class323 has field Field1612
oinone__oinone-pamirs,UNSAT,InterfacePolicy,,Interface Class367 has field Field1944
oinone__oinone-pamirs,UNSAT,InterfacePolicy,,Interface Class429 has field Field2031
oinone__oinone-pamirs,UNSAT,InterfacePolicy,,Interface Class429 has field Field2032
oinone__oinone-pamirs,UNSAT,InterfacePolicy,,Interface Class429 has field Field2033
oinone__oinone-pamirs,UNSAT,InterfacePolicy,,Interface Class543 has field Field2278
oinone__oinone-pamirs,UNSAT,InterfacePolicy,,Interface Class543 has field Field2279
oinone__oinone-pamirs,UNSAT,InterfacePolicy,,Interface Class543 has field Field2280
oinone__oinone-pamirs,UNSAT,InterfacePolicy,,Interface Class543 has field Field2281
oinone__oinone-pamirs,UNSAT,InterfacePolicy,,Interface Class543 has field Field2282
oinone__oinone-pamirs,UNSAT,InterfacePolicy,,Interface Class543 has field Field2283
oinone__oinone-pamirs,UNSAT,InterfacePolicy,,Interface Class543 has field Field2284
oinone__oinone-pamirs,UNSAT,InterfacePolicy,,Interface Class543 has field Field2285
oinone__oinone-pamirs,UNSAT,InterfacePolicy,,Interface Class543 has field Field2286
oinone__oinone-pamirs,UNSAT,InterfacePolicy,,Interface Class543 has field Field2287
oinone__oinone-pamirs,UNSAT,InterfacePolicy,,Interface Class544 has field Field2288
oinone__oinone-pamirs,UNSAT,InterfacePolicy,,Interface Class545 has field Field2289
oinone__oinone-pamirs,UNSAT,InterfacePolicy,,Interface Class545 has field Field2290
oinone__oinone-pamirs,UNSAT,InterfacePolicy,,Interface Class546 has field Field2291
oinone__oinone-pamirs,UNSAT,InterfacePolicy,,Interface Class546 has field Field2292
oinone__oinone-pamirs,UNSAT,InterfacePolicy,,Interface Class547 has field Field2293
oinone__oinone-pamirs,UNSAT,InterfacePolicy,,Interface Class565 has field Field2346
oinone__oinone-pamirs,UNSAT,InterfacePolicy,,Interface Class598 has field Field2402
oinone__oinone-pamirs,UNSAT,InterfacePolicy,,Interface Class629 has field Field2415
oinone__oinone-pamirs,UNSAT,InterfacePolicy,,Interface Class716 has field Field3092
oinone__oinone-pamirs,UNSAT,InterfacePolicy,,Interface Class717 has field Field3093
oinone__oinone-pamirs,UNSAT,InterfacePolicy,,Interface Class718 has field Field3094
oinone__oinone-pamirs,UNSAT,InterfacePolicy,,Interface Class718 has field Field3095
oinone__oinone-pamirs,UNSAT,InterfacePolicy,,Interface Class719 has field Field3096
oinone__oinone-pamirs,UNSAT,InterfacePolicy,,Interface Class720 has field Field3097
oinone__oinone-pamirs,UNSAT,InterfacePolicy,,Interface Class721 has field Field3098
oinone__oinone-pamirs,UNSAT,InterfacePolicy,,Interface Class722 has field Field3099
oinone__oinone-pamirs,UNSAT,InterfacePolicy,,Interface Class723 has field Field3100
oinone__oinone-pamirs,UNSAT,InterfacePolicy,,Interface Class724 has field Field3101
oinone__oinone-pamirs,UNSAT,InterfacePolicy,,Interface Class725 has field Field3102
oinone__oinone-pamirs,UNSAT,InterfacePolicy,,Interface Class726 has field Field3103
oinone__oinone-pamirs,UNSAT,InterfacePolicy,,Interface Class727 has field Field3104
oinone__oinone-pamirs,UNSAT,InterfacePolicy,,Interface Class728 has field Field3105
oinone__oinone-pamirs,UNSAT,InterfacePolicy,,Interface Class729 has field Field3106
oinone__oinone-pamirs,UNSAT,InterfacePolicy,,Interface Class733 has field Field3121
oinone__oinone-pamirs,UNSAT,InterfacePolicy,,Interface Class734 has field Field3122
oinone__oinone-pamirs,UNSAT,InterfacePolicy,,Interface Class735 has field Field3123
oinone__oinone-pamirs,UNSAT,InterfacePolicy,,Interface Class743 has field Field3150
oinone__oinone-pamirs,UNSAT,InterfacePolicy,,Interface Class743 has field Field3151
oinone__oinone-pamirs,UNSAT,InterfacePolicy,,Interface Class743 has field Field3152
oinone__oinone-pamirs,UNSAT,InterfacePolicy,,Interface Class790 has field Field3190
oinone__oinone-pamirs,UNSAT,InterfacePolicy,,Interface Class793 has field Field3197
oinone__oinone-pamirs,UNSAT,InterfacePolicy,,Interface Class793 has field Field3198
oinone__oinone-pamirs,UNSAT,InterfacePolicy,,Interface Class794 has field Field3199
oinone__oinone-pamirs,UNSAT,InterfacePolicy,,Interface Class794 has field Field3200
oinone__oinone-pamirs,UNSAT,InterfacePolicy,,Interface Class794 has field Field3201
oinone__oinone-pamirs,UNSAT,InterfacePolicy,,Interface Class891 has field Field3441
oinone__oinone-pamirs,UNSAT,InterfacePolicy,,Interface Class923 has field Field3497
oinone__oinone-pamirs,UNSAT,InterfacePolicy,,Interface Class923 has field Field3498
oinone__oinone-pamirs,UNSAT,InterfacePolicy,,Interface Class923 has field Field3499
oinone__oinone-pamirs,UNSAT,InterfacePolicy,,Interface Class923 has field Field3500
oinone__oinone-pamirs,UNSAT,InterfacePolicy,,Interface Class923 has field Field3501
oinone__oinone-pamirs,UNSAT,InterfacePolicy,,Interface Class923 has field Field3502
oinone__oinone-pamirs,UNSAT,InterfacePolicy,,Interface Class923 has field Field3503
oinone__oinone-pamirs,UNSAT,InterfacePolicy,,Interface Class923 has field Field3504
oinone__oinone-pamirs,UNSAT,InterfacePolicy,,Interface Class923 has field Field3505
oinone__oinone-pamirs,UNSAT,InterfacePolicy,,Interface Class923 has field Field3506
oinone__oinone-pamirs,UNSAT,InterfacePolicy,,Interface Class923 has field Field3507
oinone__oinone-pamirs,UNSAT,InterfacePolicy,,Interface Class923 has field Field3508
oinone__oinone-pamirs,UNSAT,InterfacePolicy,,Interface Class923 has field Field3509
oinone__oinone-pamirs,UNSAT,InterfacePolicy,,Interface Class973 has field Field3789
oinone__oinone-pamirs,UNSAT,InterfacePolicy,,Interface Class973 has field Field3790
oinone__oinone-pamirs,UNSAT,InterfacePolicy,,Interface Class1096 has field Field4047
oinone__oinone-pamirs,UNSAT,InterfacePolicy,,Interface Class1096 has field Field4048
oinone__oinone-pamirs,UNSAT,InterfacePolicy,,Interface Class1096 has field Field4049
oinone__oinone-pamirs,UNSAT,InterfacePolicy,,Interface Class1096 has field Field4050
oinone__oinone-pamirs,UNSAT,InterfacePolicy,,Interface Class1096 has field Field4051
oinone__oinone-pamirs,UNSAT,InterfacePolicy,,Interface Class1096 has field Field4052
oinone__oinone-pamirs,UNSAT,InterfacePolicy,,Interface Class1096 has field Field4053
oinone__oinone-pamirs,UNSAT,InterfacePolicy,,Interface Class1096 has field Field4054
oinone__oinone-pamirs,UNSAT,InterfacePolicy,,Interface Class1096 has field Field4055
oinone__oinone-pamirs,UNSAT,InterfacePolicy,,Interface Class1096 has field Field4056
oinone__oinone-pamirs,UNSAT,InterfacePolicy,,Interface Class1096 has field Field4057
oinone__oinone-pamirs,UNSAT,InterfacePolicy,,Interface Class1096 has field Field4058
oinone__oinone-pamirs,UNSAT,InterfacePolicy,,Interface Class1096 has field Field4059
oinone__oinone-pamirs,UNSAT,InterfacePolicy,,Interface Class1096 has field Field4060
oinone__oinone-pamirs,UNSAT,InterfacePolicy,,Interface Class1096 has field Field4061
oinone__oinone-pamirs,UNSAT,InterfacePolicy,,Interface Class1096 has field Field4062
oinone__oinone-pamirs,UNSAT,InterfacePolicy,,Interface Class1096 has field Field4063
oinone__oinone-pamirs,UNSAT,InterfacePolicy,,Interface Class1096 has field Field4064
oinone__oinone-pamirs,UNSAT,InterfacePolicy,,Interface Class1096 has field Field4065
oinone__oinone-pamirs,UNSAT,InterfacePolicy,,Interface Class1096 has field Field4066
oinone__oinone-pamirs,UNSAT,InterfacePolicy,,Interface Class1096 has field Field4067
oinone__oinone-pamirs,UNSAT,InterfacePolicy,,Interface Class1096 has field Field4068
oinone__oinone-pamirs,UNSAT,InterfacePolicy,,Interface Class1096 has field Field4069
oinone__oinone-pamirs,UNSAT,InterfacePolicy,,Interface Class1096 has field Field4070
oinone__oinone-pamirs,UNSAT,InterfacePolicy,,Interface Class1096 has field Field4071
oinone__oinone-pamirs,UNSAT,InterfacePolicy,,Interface Class1096 has field Field4072
oinone__oinone-pamirs,UNSAT,InterfacePolicy,,Interface Class1096 has field Field4073
oinone__oinone-pamirs,UNSAT,InterfacePolicy,,Interface Class1096 has field Field4074
oinone__oinone-pamirs,UNSAT,InterfacePolicy,,Interface Class1096 has field Field4075
oinone__oinone-pamirs,UNSAT,InterfacePolicy,,Interface Class1096 has field Field4076
oinone__oinone-pamirs,UNSAT,InterfacePolicy,,Interface Class1096 has field Field4077
oinone__oinone-pamirs,UNSAT,InterfacePolicy,,Interface Class1096 has field Field4078
oinone__oinone-pamirs,UNSAT,InterfacePolicy,,Interface Class1199 has field Field4412
oinone__oinone-pamirs,UNSAT,InterfacePolicy,,Interface Class1199 has field Field4413
oinone__oinone-pamirs,UNSAT,InterfacePolicy,,Interface Class1203 has field Field4422
oinone__oinone-pamirs,UNSAT,InterfacePolicy,,Interface Class1203 has field Field4423
oinone__oinone-pamirs,UNSAT,InterfacePolicy,,Interface Class1203 has field Field4424
oinone__oinone-pamirs,UNSAT,InterfacePolicy,,Interface Class1307 has field Field4958
oinone__oinone-pamirs,UNSAT,InterfacePolicy,,Interface Class1402 has field Field5632
oinone__oinone-pamirs,UNSAT,InterfacePolicy,,Interface Class1404 has field Field5633
oinone__oinone-pamirs,UNSAT,InterfacePolicy,,Interface Class1406 has field Field5634
oinone__oinone-pamirs,UNSAT,InterfacePolicy,,Interface Class1407 has field Field5635
oinone__oinone-pamirs,UNSAT,InterfacePolicy,,Interface Class1408 has field Field5636
oinone__oinone-pamirs,UNSAT,InterfacePolicy,,Interface Class1409 has field Field5637
oinone__oinone-pamirs,UNSAT,InterfacePolicy,,Interface Class1410 has field Field5638
oinone__oinone-pamirs,UNSAT,InterfacePolicy,,Interface Class1415 has field Field5639
oinone__oinone-pamirs,UNSAT,InterfacePolicy,,Interface Class1415 has field Field5640
oinone__oinone-pamirs,UNSAT,InterfacePolicy,,Interface Class1415 has field Field5641
oinone__oinone-pamirs,UNSAT,InterfacePolicy,,Interface Class1424 has field Field5652
oinone__oinone-pamirs,UNSAT,InterfacePolicy,,Interface Class1426 has field Field5653
oinone__oinone-pamirs,UNSAT,InterfacePolicy,,Interface Class1427 has field Field5654
oinone__oinone-pamirs,UNSAT,InterfacePolicy,,Interface Class1428 has field Field5655
oinone__oinone-pamirs,UNSAT,InterfacePolicy,,Interface Class1429 has field Field5656
oinone__oinone-pamirs,UNSAT,InterfacePolicy,,Interface Class1430 has field Field5657
oinone__oinone-pamirs,UNSAT,InterfacePolicy,,Interface Class1431 has field Field5658
oinone__oinone-pamirs,UNSAT,InterfacePolicy,,Interface Class1433 has field Field5659
oinone__oinone-pamirs,UNSAT,InterfacePolicy,,Interface Class1434 has field Field5660
oinone__oinone-pamirs,UNSAT,InterfacePolicy,,Interface Class1435 has field Field5661
oinone__oinone-pamirs,UNSAT,InterfacePolicy,,Interface Class1436 has field Field5662
oinone__oinone-pamirs,UNSAT,InterfacePolicy,,Interface Class1437 has field Field5663
oinone__oinone-pamirs,UNSAT,InterfacePolicy,,Interface Class1457 has field Field5729
oinone__oinone-pamirs,UNSAT,InterfacePolicy,,Interface Class1458 has field Field5730
oinone__oinone-pamirs,UNSAT,InterfacePolicy,,Interface Class1459 has field Field5731
oinone__oinone-pamirs,UNSAT,InterfacePolicy,,Interface Class1460 has field Field5732
oinone__oinone-pamirs,UNSAT,InterfacePolicy,,Interface Class1460 has field Field5733
oinone__oinone-pamirs,UNSAT,InterfacePolicy,,Interface Class1460 has field Field5734
oinone__oinone-pamirs,UNSAT,InterfacePolicy,,Interface Class1460 has field Field5735
oinone__oinone-pamirs,UNSAT,InterfacePolicy,,Interface Class1460 has field Field5736
oinone__oinone-pamirs,UNSAT,InterfacePolicy,,Interface Class1461 has field Field5737
oinone__oinone-pamirs,UNSAT,InterfacePolicy,,Interface Class1462 has field Field5738
oinone__oinone-pamirs,UNSAT,InterfacePolicy,,Interface Class1463 has field Field5739
oinone__oinone-pamirs,UNSAT,InterfacePolicy,,Interface Class1464 has field Field5740
oinone__oinone-pamirs,UNSAT,InterfacePolicy,,Interface Class1464 has field Field5741
oinone__oinone-pamirs,UNSAT,InterfacePolicy,,Interface Class1464 has field Field5742
oinone__oinone-pamirs,UNSAT,InterfacePolicy,,Interface Class1465 has field Field5743
oinone__oinone-pamirs,UNSAT,InterfacePolicy,,Interface Class1466 has field Field5744
oinone__oinone-pamirs,UNSAT,InterfacePolicy,,Interface Class1467 has field Field5745
oinone__oinone-pamirs,UNSAT,InterfacePolicy,,Interface Class1467 has field Field5746
oinone__oinone-pamirs,UNSAT,InterfacePolicy,,Interface Class1588 has field Field6052
oinone__oinone-pamirs,UNSAT,InterfacePolicy,,Interface Class1588 has field Field6053
oinone__oinone-pamirs,UNSAT,InterfacePolicy,,Interface Class1588 has field Field6054
oinone__oinone-pamirs,UNSAT,InterfacePolicy,,Interface Class1645 has field Field6102
oinone__oinone-pamirs,UNSAT,InterfacePolicy,,Interface Class1646 has field Field6103
oinone__oinone-pamirs,UNSAT,InterfacePolicy,,Interface Class1679 has field Field6284
oinone__oinone-pamirs,UNSAT,InterfacePolicy,,Interface Class1679 has field Field6285
oinone__oinone-pamirs,UNSAT,InterfacePolicy,,Interface Class1679 has field Field6286
oinone__oinone-pamirs,UNSAT,InterfacePolicy,,Interface Class1679 has field Field6287
oinone__oinone-pamirs,UNSAT,InterfacePolicy,,Interface Class1679 has field Field6288
oinone__oinone-pamirs,UNSAT,InterfacePolicy,,Interface Class1679 has field Field6289
oinone__oinone-pamirs,UNSAT,InterfacePolicy,,Interface Class1679 has field Field6290
oinone__oinone-pamirs,UNSAT,InterfacePolicy,,Interface Class1679 has field Field6291
oinone__oinone-pamirs,UNSAT,InterfacePolicy,,Interface Class1679 has field Field6292
oinone__oinone-pamirs,UNSAT,InterfacePolicy,,Interface Class1679 has field Field6293
oinone__oinone-pamirs,UNSAT,InterfacePolicy,,Interface Class1682 has field Field6295
oinone__oinone-pamirs,UNSAT,InterfacePolicy,,Interface Class1682 has field Field6296
oinone__oinone-pamirs,UNSAT,InterfacePolicy,,Interface Class1682 has field Field6297
oinone__oinone-pamirs,UNSAT,InterfacePolicy,,Interface Class1682 has field Field6298
oinone__oinone-pamirs,UNSAT,InterfacePolicy,,Interface Class1682 has field Field6299
oinone__oinone-pamirs,UNSAT,InterfacePolicy,,Interface Class1682 has field Field6300
oinone__oinone-pamirs,UNSAT,InterfacePolicy,,Interface Class1682 has field Field6301
oinone__oinone-pamirs,UNSAT,InterfacePolicy,,Interface Class1682 has field Field6302
oinone__oinone-pamirs,UNSAT,InterfacePolicy,,Interface Class1682 has field Field6303
oinone__oinone-pamirs,UNSAT,InterfacePolicy,,Interface Class1682 has field Field6304
oinone__oinone-pamirs,UNSAT,InterfacePolicy,,Interface Class1789 has field Field6917
oinone__oinone-pamirs,UNSAT,InterfacePolicy,,Interface Class1790 has field Field6918
oinone__oinone-pamirs,UNSAT,InterfacePolicy,,Interface Class1792 has field Field6919
oinone__oinone-pamirs,UNSAT,InterfacePolicy,,Interface Class1793 has field Field6920
oinone__oinone-pamirs,UNSAT,InterfacePolicy,,Interface Class1794 has field Field6921
oinone__oinone-pamirs,UNSAT,InterfacePolicy,,Interface Class1838 has field Field6977
oinone__oinone-pamirs,UNSAT,InterfacePolicy,,Interface Class1838 has field Field6978
oinone__oinone-pamirs,UNSAT,InterfacePolicy,,Interface Class1847 has field Field6990
oinone__oinone-pamirs,UNSAT,InterfacePolicy,,Interface Class1847 has field Field6991
oinone__oinone-pamirs,UNSAT,InterfacePolicy,,Interface Class1847 has field Field6992
oinone__oinone-pamirs,UNSAT,InterfacePolicy,,Interface Class1847 has field Field6993
oinone__oinone-pamirs,UNSAT,InterfacePolicy,,Interface Class1847 has field Field6994
oinone__oinone-pamirs,UNSAT,InterfacePolicy,,Interface Class1847 has field Field6995
oinone__oinone-pamirs,UNSAT,InterfacePolicy,,Interface Class1847 has field Field6996
oinone__oinone-pamirs,UNSAT,InterfacePolicy,,Interface Class1847 has field Field6997
oinone__oinone-pamirs,UNSAT,InterfacePolicy,,Interface Class1847 has field Field6998
oinone__oinone-pamirs,UNSAT,InterfacePolicy,,Interface Class1847 has field Field6999
oinone__oinone-pamirs,UNSAT,InterfacePolicy,,Interface Class1847 has field Field7000
oinone__oinone-pamirs,UNSAT,InterfacePolicy,,Interface Class1847 has field Field7001
oinone__oinone-pamirs,UNSAT,InterfacePolicy,,Interface Class1847 has field Field7002
oinone__oinone-pamirs,UNSAT,InterfacePolicy,,Interface Class1847 has field Field7003
oinone__oinone-pamirs,UNSAT,InterfacePolicy,,Interface Class1847 has field Field7004
oinone__oinone-pamirs,UNSAT,InterfacePolicy,,Interface Class1847 has field Field7005
oinone__oinone-pamirs,UNSAT,InterfacePolicy,,Interface Class1847 has field Field7006
oinone__oinone-pamirs,UNSAT,InterfacePolicy,,Interface Class1847 has field Field7007
oinone__oinone-pamirs,UNSAT,InterfacePolicy,,Interface Class1847 has field Field7008
oinone__oinone-pamirs,UNSAT,InterfacePolicy,,Interface Class1847 has field Field7009
oinone__oinone-pamirs,UNSAT,InterfacePolicy,,Interface Class1915 has field Field7125
oinone__oinone-pamirs,UNSAT,InterfacePolicy,,Interface Class1915 has field Field7126
oinone__oinone-pamirs,UNSAT,InterfacePolicy,,Interface Class1915 has field Field7127
oinone__oinone-pamirs,UNSAT,InterfacePolicy,,Interface Class1915 has field Field7128
oinone__oinone-pamirs,UNSAT,InterfacePolicy,,Interface Class1915 has field Field7129
oinone__oinone-pamirs,UNSAT,InterfacePolicy,,Interface Class1915 has field Field7130
oinone__oinone-pamirs,UNSAT,InterfacePolicy,,Interface Class1915 has field Field7131
oinone__oinone-pamirs,UNSAT,InterfacePolicy,,Interface Class1915 has field Field7132
oinone__oinone-pamirs,UNSAT,InterfacePolicy,,Interface Class1915 has field Field7133
oinone__oinone-pamirs,UNSAT,InterfacePolicy,,Interface Class1915 has field Field7134
oinone__oinone-pamirs,UNSAT,InterfacePolicy,,Interface Class1915 has field Field7135
oinone__oinone-pamirs,UNSAT,InterfacePolicy,,Interface Class1915 has field Field7136
oinone__oinone-pamirs,UNSAT,InterfacePolicy,,Interface Class1915 has field Field7137
oinone__oinone-pamirs,UNSAT,InterfacePolicy,,Interface Class1915 has field Field7138
oinone__oinone-pamirs,UNSAT,InterfacePolicy,,Interface Class2000 has field Field7242
oinone__oinone-pamirs,UNSAT,InterfacePolicy,,Interface Class2000 has field Field7243
oinone__oinone-pamirs,UNSAT,InterfacePolicy,,Interface Class2000 has field Field7244
oinone__oinone-pamirs,UNSAT,InterfacePolicy,,Interface Class2001 has field Field7245
oinone__oinone-pamirs,UNSAT,InterfacePolicy,,Interface Class2001 has field Field7246
oinone__oinone-pamirs,UNSAT,InterfacePolicy,,Interface Class2001 has field Field7247
oinone__oinone-pamirs,UNSAT,InterfacePolicy,,Interface Class2001 has field Field7248
oinone__oinone-pamirs,UNSAT,InterfacePolicy,,Interface Class2001 has field Field7249
oinone__oinone-pamirs,UNSAT,InterfacePolicy,,Interface Class2001 has field Field7250
oinone__oinone-pamirs,UNSAT,InterfacePolicy,,Interface Class2001 has field Field7251
oinone__oinone-pamirs,UNSAT,InterfacePolicy,,Interface Class2001 has field Field7252
oinone__oinone-pamirs,UNSAT,InterfacePolicy,,Interface Class2083 has field Field7334
oinone__oinone-pamirs,UNSAT,InterfacePolicy,,Interface Class2083 has field Field7335
oinone__oinone-pamirs,UNSAT,InterfacePolicy,,Interface Class2105 has field Field7362
oinone__oinone-pamirs,UNSAT,InterfacePolicy,,Interface Class2137 has field Field7442
oinone__oinone-pamirs,UNSAT,InterfacePolicy,,Interface Class2137 has field Field7443
oinone__oinone-pamirs,UNSAT,InterfacePolicy,,Interface Class2137 has field Field7444
oinone__oinone-pamirs,UNSAT,InterfacePolicy,,Interface Class2137 has field Field7445
oinone__oinone-pamirs,UNSAT,InterfacePolicy,,Interface Class2137 has field Field7446
oinone__oinone-pamirs,UNSAT,InterfacePolicy,,Interface Class2137 has field Field7447
oinone__oinone-pamirs,UNSAT,InterfacePolicy,,Interface Class2137 has field Field7448
oinone__oinone-pamirs,UNSAT,InterfacePolicy,,Interface Class2137 has field Field7449
oinone__oinone-pamirs,UNSAT,InterfacePolicy,,Interface Class2137 has field Field7450
oinone__oinone-pamirs,UNSAT,InterfacePolicy,,Interface Class2137 has field Field7451
oinone__oinone-pamirs,UNSAT,InterfacePolicy,,Interface Class2137 has field Field7452
oinone__oinone-pamirs,UNSAT,InterfacePolicy,,Interface Class2137 has field Field7453
oinone__oinone-pamirs,UNSAT,InterfacePolicy,,Interface Class2137 has field Field7454
oinone__oinone-pamirs,UNSAT,InterfacePolicy,,Interface Class2137 has field Field7455
oinone__oinone-pamirs,UNSAT,InterfacePolicy,,Interface Class2137 has field Field7456
oinone__oinone-pamirs,UNSAT,InterfacePolicy,,Interface Class2137 has field Field7457
oinone__oinone-pamirs,UNSAT,InterfacePolicy,,Interface Class2137 has field Field7458
oinone__oinone-pamirs,UNSAT,InterfacePolicy,,Interface Class2137 has field Field7459
oinone__oinone-pamirs,UNSAT,InterfacePolicy,,Interface Class2137 has field Field7460
oinone__oinone-pamirs,UNSAT,InterfacePolicy,,Interface Class2137 has field Field7461
oinone__oinone-pamirs,UNSAT,InterfacePolicy,,Interface Class2137 has field Field7462
oinone__oinone-pamirs,UNSAT,InterfacePolicy,,Interface Class2137 has field Field7463
oinone__oinone-pamirs,UNSAT,InterfacePolicy,,Interface Class2137 has field Field7464
oinone__oinone-pamirs,UNSAT,InterfacePolicy,,Interface Class2137 has field Field7465
oinone__oinone-pamirs,UNSAT,InterfacePolicy,,Interface Class2137 has field Field7466
oinone__oinone-pamirs,UNSAT,InterfacePolicy,,Interface Class2138 has field Field7467
oinone__oinone-pamirs,UNSAT,InterfacePolicy,,Interface Class2138 has field Field7468
oinone__oinone-pamirs,UNSAT,InterfacePolicy,,Interface Class2138 has field Field7469
oinone__oinone-pamirs,UNSAT,InterfacePolicy,,Interface Class2138 has field Field7470
oinone__oinone-pamirs,UNSAT,InterfacePolicy,,Interface Class2138 has field Field7471
oinone__oinone-pamirs,UNSAT,InterfacePolicy,,Interface Class2158 has field Field7572
oinone__oinone-pamirs,UNSAT,InterfacePolicy,,Interface Class2241 has field Field7903
oinone__oinone-pamirs,UNSAT,InterfacePolicy,,Interface Class2241 has field Field7904
oinone__oinone-pamirs,UNSAT,InterfacePolicy,,Interface Class2241 has field Field7905
oinone__oinone-pamirs,UNSAT,InterfacePolicy,,Interface Class2241 has field Field7906
oinone__oinone-pamirs,UNSAT,InterfacePolicy,,Interface Class2241 has field Field7907
oinone__oinone-pamirs,UNSAT,InterfacePolicy,,Interface Class2241 has field Field7908
oinone__oinone-pamirs,UNSAT,InterfacePolicy,,Interface Class2241 has field Field7909
oinone__oinone-pamirs,UNSAT,InterfacePolicy,,Interface Class2241 has field Field7910
oinone__oinone-pamirs,UNSAT,InterfacePolicy,,Interface Class2241 has field Field7911
oinone__oinone-pamirs,UNSAT,InterfacePolicy,,Interface Class2242 has field Field7912
oinone__oinone-pamirs,UNSAT,InterfacePolicy,,Interface Class2242 has field Field7913
oinone__oinone-pamirs,UNSAT,InterfacePolicy,,Interface Class2242 has field Field7914
oinone__oinone-pamirs,UNSAT,InterfacePolicy,,Interface Class2242 has field Field7915
oinone__oinone-pamirs,UNSAT,InterfacePolicy,,Interface Class2242 has field Field7916
oinone__oinone-pamirs,UNSAT,InterfacePolicy,,Interface Class2242 has field Field7917
oinone__oinone-pamirs,UNSAT,InterfacePolicy,,Interface Class2242 has field Field7918
oinone__oinone-pamirs,UNSAT,InterfacePolicy,,Interface Class2242 has field Field7919
oinone__oinone-pamirs,UNSAT,InterfacePolicy,,Interface Class2242 has field Field7920
oinone__oinone-pamirs,UNSAT,InterfacePolicy,,Interface Class2242 has field Field7921
oinone__oinone-pamirs,UNSAT,InterfacePolicy,,Interface Class2242 has field Field7922
oinone__oinone-pamirs,UNSAT,InterfacePolicy,,Interface Class2242 has field Field7923
oinone__oinone-pamirs,UNSAT,InterfacePolicy,,Interface Class2242 has field Field7924
oinone__oinone-pamirs,UNSAT,InterfacePolicy,,Interface Class2242 has field Field7925
oinone__oinone-pamirs,UNSAT,InterfacePolicy,,Interface Class2242 has field Field7926
oinone__oinone-pamirs,UNSAT,InterfacePolicy,,Interface Class2242 has field Field7927
oinone__oinone-pamirs,UNSAT,InterfacePolicy,,Interface Class2242 has field Field7928
oinone__oinone-pamirs,UNSAT,InterfacePolicy,,Interface Class2242 has field Field7929
oinone__oinone-pamirs,UNSAT,InterfacePolicy,,Interface Class2242 has field Field7930
oinone__oinone-pamirs,UNSAT,InterfacePolicy,,Interface Class2242 has field Field7931
oinone__oinone-pamirs,UNSAT,InterfacePolicy,,Interface Class2243 has field Field7932
oinone__oinone-pamirs,UNSAT,InterfacePolicy,,Interface Class2243 has field Field7933
oinone__oinone-pamirs,UNSAT,InterfacePolicy,,Interface Class2243 has field Field7934
oinone__oinone-pamirs,UNSAT,InterfacePolicy,,Interface Class2243 has field Field7935
oinone__oinone-pamirs,UNSAT,InterfacePolicy,,Interface Class2243 has field Field7936
oinone__oinone-pamirs,UNSAT,InterfacePolicy,,Interface Class2244 has field Field7937
oinone__oinone-pamirs,UNSAT,InterfacePolicy,,Interface Class2244 has field Field7938
oinone__oinone-pamirs,UNSAT,InterfacePolicy,,Interface Class2244 has field Field7939
oinone__oinone-pamirs,UNSAT,InterfacePolicy,,Interface Class2244 has field Field7940
oinone__oinone-pamirs,UNSAT,InterfacePolicy,,Interface Class2244 has field Field7941
oinone__oinone-pamirs,UNSAT,InterfacePolicy,,Interface Class2244 has field Field7942
oinone__oinone-pamirs,UNSAT,InterfacePolicy,,Interface Class2245 has field Field7943
oinone__oinone-pamirs,UNSAT,InterfacePolicy,,Interface Class2245 has field Field7944
oinone__oinone-pamirs,UNSAT,InterfacePolicy,,Interface Class2278 has field Field8005
oinone__oinone-pamirs,UNSAT,InterfacePolicy,,Interface Class2278 has field Field8006
oinone__oinone-pamirs,UNSAT,InterfacePolicy,,Interface Class2278 has field Field8007
oinone__oinone-pamirs,UNSAT,InterfacePolicy,,Interface Class2279 has field Field8008
oinone__oinone-pamirs,UNSAT,InterfacePolicy,,Interface Class2279 has field Field8009
oinone__oinone-pamirs,UNSAT,InterfacePolicy,,Interface Class2279 has field Field8010
oinone__oinone-pamirs,UNSAT,InterfacePolicy,,Interface Class2280 has field Field8011
oinone__oinone-pamirs,UNSAT,InterfacePolicy,,Interface Class2280 has field Field8012
oinone__oinone-pamirs,UNSAT,InterfacePolicy,,Interface Class2280 has field Field8013
oinone__oinone-pamirs,UNSAT,InterfacePolicy,,Interface Class2280 has field Field8014
oinone__oinone-pamirs,UNSAT,InterfacePolicy,,Interface Class2280 has field Field8015
oinone__oinone-pamirs,UNSAT,InterfacePolicy,,Interface Class2281 has field Field8016
oinone__oinone-pamirs,UNSAT,InterfacePolicy,,Interface Class2282 has field Field8017
oinone__oinone-pamirs,UNSAT,InterfacePolicy,,Interface Class2282 has field Field8018
oinone__oinone-pamirs,UNSAT,InterfacePolicy,,Interface Class2282 has field Field8019
oinone__oinone-pamirs,UNSAT,InterfacePolicy,,Interface Class2282 has field Field8020
oinone__oinone-pamirs,UNSAT,InterfacePolicy,,Interface Class2334 has field Field8100
oinone__oinone-pamirs,UNSAT,InterfacePolicy,,Interface Class2334 has field Field8101
oinone__oinone-pamirs,UNSAT,InterfacePolicy,,Interface Class2334 has field Field8102
oinone__oinone-pamirs,UNSAT,InterfacePolicy,,Interface Class2334 has field Field8103
oinone__oinone-pamirs,UNSAT,InterfacePolicy,,Interface Class2334 has field Field8104
oinone__oinone-pamirs,UNSAT,InterfacePolicy,,Interface Class2334 has field Field8105
oinone__oinone-pamirs,UNSAT,InterfacePolicy,,Interface Class2334 has field Field8106
oinone__oinone-pamirs,UNSAT,InterfacePolicy,,Interface Class2334 has field Field8107
oinone__oinone-pamirs,UNSAT,InterfacePolicy,,Interface Class2334 has field Field8108
oinone__oinone-pamirs,UNSAT,InterfacePolicy,,Interface Class2334 has field Field8109
oinone__oinone-pamirs,UNSAT,InterfacePolicy,,Interface Class2334 has field Field8110
oinone__oinone-pamirs,UNSAT,InterfacePolicy,,Interface Class2334 has field Field8111
oinone__oinone-pamirs,UNSAT,InterfacePolicy,,Interface Class2334 has field Field8112
oinone__oinone-pamirs,UNSAT,InterfacePolicy,,Interface Class2334 has field Field8113
oinone__oinone-pamirs,UNSAT,InterfacePolicy,,Interface Class2334 has field Field8114
oinone__oinone-pamirs,UNSAT,InterfacePolicy,,Interface Class2334 has field Field8115
oinone__oinone-pamirs,UNSAT,InterfacePolicy,,Interface Class2334 has field Field8116
oinone__oinone-pamirs,UNSAT,InterfacePolicy,,Interface Class2334 has field Field8117
oinone__oinone-pamirs,UNSAT,InterfacePolicy,,Interface Class2334 has field Field8118
oinone__oinone-pamirs,UNSAT,InterfacePolicy,,Interface Class2334 has field Field8119
oinone__oinone-pamirs,UNSAT,InterfacePolicy,,Interface Class2334 has field Field8120
oinone__oinone-pamirs,UNSAT,InterfacePolicy,,Interface Class2334 has field Field8121
oinone__oinone-pamirs,UNSAT,InterfacePolicy,,Interface Class2334 has field Field8122
oinone__oinone-pamirs,UNSAT,InterfacePolicy,,Interface Class2334 has field Field8123
oinone__oinone-pamirs,UNSAT,InterfacePolicy,,Interface Class2334 has field Field8124
oinone__oinone-pamirs,UNSAT,InterfacePolicy,,Interface Class2334 has field Field8125
oinone__oinone-pamirs,UNSAT,InterfacePolicy,,Interface Class2334 has field Field8126
oinone__oinone-pamirs,UNSAT,InterfacePolicy,,Interface Class2334 has field Field8127
oinone__oinone-pamirs,UNSAT,InterfacePolicy,,Interface Class2334 has field Field8128
oinone__oinone-pamirs,UNSAT,InterfacePolicy,,Interface Class2334 has field Field8129
oinone__oinone-pamirs,UNSAT,InterfacePolicy,,Interface Class2334 has field Field8130
oinone__oinone-pamirs,UNSAT,InterfacePolicy,,Interface Class2334 has field Field8131
oinone__oinone-pamirs,UNSAT,InterfacePolicy,,Interface Class2334 has field Field8132
oinone__oinone-pamirs,UNSAT,InterfacePolicy,,Interface Class2334 has field Field8133
oinone__oinone-pamirs,UNSAT,InterfacePolicy,,Interface Class2334 has field Field8134
oinone__oinone-pamirs,UNSAT,InterfacePolicy,,Interface Class2334 has field Field8135
oinone__oinone-pamirs,UNSAT,InterfacePolicy,,Interface Class2334 has field Field8136
oinone__oinone-pamirs,UNSAT,InterfacePolicy,,Interface Class2350 has field Field8149
oinone__oinone-pamirs,UNSAT,InterfacePolicy,,Interface Class2350 has field Field8150
oinone__oinone-pamirs,UNSAT,InterfacePolicy,,Interface Class2350 has field Field8151
oinone__oinone-pamirs,UNSAT,InterfacePolicy,,Interface Class2350 has field Field8152
oinone__oinone-pamirs,UNSAT,InterfacePolicy,,Interface Class2350 has field Field8153
oinone__oinone-pamirs,UNSAT,InterfacePolicy,,Interface Class2350 has field Field8154
oinone__oinone-pamirs,UNSAT,InterfacePolicy,,Interface Class2350 has field Field8155
oinone__oinone-pamirs,UNSAT,InterfacePolicy,,Interface Class2350 has field Field8156
oinone__oinone-pamirs,UNSAT,InterfacePolicy,,Interface Class2350 has field Field8157
oinone__oinone-pamirs,UNSAT,InterfacePolicy,,Interface Class2350 has field Field8158
oinone__oinone-pamirs,UNSAT,InterfacePolicy,,Interface Class2350 has field Field8159
oinone__oinone-pamirs,UNSAT,InterfacePolicy,,Interface Class2350 has field Field8160
oinone__oinone-pamirs,UNSAT,InterfacePolicy,,Interface Class2350 has field Field8161
oinone__oinone-pamirs,UNSAT,InterfacePolicy,,Interface Class2357 has field Field8170
oinone__oinone-pamirs,UNSAT,InterfacePolicy,,Interface Class2357 has field Field8171
oinone__oinone-pamirs,UNSAT,InterfacePolicy,,Interface Class2357 has field Field8172
oinone__oinone-pamirs,UNSAT,InterfacePolicy,,Interface Class2357 has field Field8173
oinone__oinone-pamirs,UNSAT,InterfacePolicy,,Interface Class2366 has field Field8211
oinone__oinone-pamirs,UNSAT,InterfacePolicy,,Interface Class2385 has field Field8284
oinone__oinone-pamirs,UNSAT,InterfacePolicy,,Interface Class2399 has field Field8302
oinone__oinone-pamirs,UNSAT,InterfacePolicy,,Interface Class2400 has field Field8303
oinone__oinone-pamirs,UNSAT,InterfacePolicy,,Interface Class2401 has field Field8304
oinone__oinone-pamirs,UNSAT,InterfacePolicy,,Interface Class2402 has field Field8305
oinone__oinone-pamirs,UNSAT,InterfacePolicy,,Interface Class2426 has field Field8347
oinone__oinone-pamirs,UNSAT,InterfacePolicy,,Interface Class2426 has field Field8348
oinone__oinone-pamirs,UNSAT,InterfacePolicy,,Interface Class2426 has field Field8349
oinone__oinone-pamirs,UNSAT,InterfacePolicy,,Interface Class2426 has field Field8350
oinone__oinone-pamirs,UNSAT,InterfacePolicy,,Interface Class2426 has field Field8351
oinone__oinone-pamirs,UNSAT,InterfacePolicy,,Interface Class2426 has field Field8352
oinone__oinone-pamirs,UNSAT,InterfacePolicy,,Interface Class2434 has field Field8354
oinone__oinone-pamirs,UNSAT,InterfacePolicy,,Interface Class2434 has field Field8355
oinone__oinone-pamirs,UNSAT,InterfacePolicy,,Interface Class2434 has field Field8356
oinone__oinone-pamirs,UNSAT,InterfacePolicy,,Interface Class2434 has field Field8357
oinone__oinone-pamirs,UNSAT,InterfacePolicy,,Interface Class2435 has field Field8358
oinone__oinone-pamirs,UNSAT,InterfacePolicy,,Interface Class2435 has field Field8359
oinone__oinone-pamirs,UNSAT,InterfacePolicy,,Interface Class2435 has field Field8360
oinone__oinone-pamirs,UNSAT,InterfacePolicy,,Interface Class2435 has field Field8361
oinone__oinone-pamirs,UNSAT,InterfacePolicy,,Interface Class2435 has field Field8362
oinone__oinone-pamirs,UNSAT,InterfacePolicy,,Interface Class2435 has field Field8363
oinone__oinone-pamirs,UNSAT,InterfacePolicy,,Interface Class2435 has field Field8364
oinone__oinone-pamirs,UNSAT,InterfacePolicy,,Interface Class2435 has field Field8365
oinone__oinone-pamirs,UNSAT,InterfacePolicy,,Interface Class2473 has field Field8429
oinone__oinone-pamirs,UNSAT,InterfacePolicy,,Interface Class2473 has field Field8430
oinone__oinone-pamirs,UNSAT,InterfacePolicy,,Interface Class2473 has field Field8431
oinone__oinone-pamirs,UNSAT,InterfacePolicy,,Interface Class2473 has field Field8432
oinone__oinone-pamirs,UNSAT,InterfacePolicy,,Interface Class2473 has field Field8433
oinone__oinone-pamirs,UNSAT,InterfacePolicy,,Interface Class2510 has field Field8508
oinone__oinone-pamirs,UNSAT,InterfacePolicy,,Interface Class2510 has field Field8509
oinone__oinone-pamirs,UNSAT,InterfacePolicy,,Interface Class2510 has field Field8510
oinone__oinone-pamirs,UNSAT,InterfacePolicy,,Interface Class2530 has field Field8522
oinone__oinone-pamirs,UNSAT,InterfacePolicy,,Interface Class2530 has field Field8523
oinone__oinone-pamirs,UNSAT,InterfacePolicy,,Interface Class2530 has field Field8524
oinone__oinone-pamirs,UNSAT,InterfacePolicy,,Interface Class2530 has field Field8525
oinone__oinone-pamirs,UNSAT,InterfacePolicy,,Interface Class2530 has field Field8526
oinone__oinone-pamirs,UNSAT,InterfacePolicy,,Interface Class2530 has field Field8527
oinone__oinone-pamirs,UNSAT,InterfacePolicy,,Interface Class2530 has field Field8528
oinone__oinone-pamirs,UNSAT,InterfacePolicy,,Interface Class2530 has field Field8529
oinone__oinone-pamirs,UNSAT,InterfacePolicy,,Interface Class2530 has field Field8530
oinone__oinone-pamirs,UNSAT,InterfacePolicy,,Interface Class2530 has field Field8531
oinone__oinone-pamirs,UNSAT,InterfacePolicy,,Interface Class2530 has field Field8532
oinone__oinone-pamirs,UNSAT,InterfacePolicy,,Interface Class2530 has field Field8533
oinone__oinone-pamirs,UNSAT,InterfacePolicy,,Interface Class2530 has field Field8534
oinone__oinone-pamirs,UNSAT,InterfacePolicy,,Interface Class2530 has field Field8535
oinone__oinone-pamirs,UNSAT,InterfacePolicy,,Interface Class2532 has field Field8537
oinone__oinone-pamirs,UNSAT,InterfacePolicy,,Interface Class2532 has field Field8538
oinone__oinone-pamirs,UNSAT,InterfacePolicy,,Interface Class2532 has field Field8539
oinone__oinone-pamirs,UNSAT,InterfacePolicy,,Interface Class2532 has field Field8540
oinone__oinone-pamirs,UNSAT,InterfacePolicy,,Interface Class2532 has field Field8541
oinone__oinone-pamirs,UNSAT,InterfacePolicy,,Interface Class2532 has field Field8542
oinone__oinone-pamirs,UNSAT,InterfacePolicy,,Interface Class2560 has field Field8609
oinone__oinone-pamirs,UNSAT,InterfacePolicy,,Interface Class2560 has field Field8610
oinone__oinone-pamirs,UNSAT,InterfacePolicy,,Interface Class2560 has field Field8611
oinone__oinone-pamirs,UNSAT,InterfacePolicy,,Interface Class2560 has field Field8612
oinone__oinone-pamirs,UNSAT,InterfacePolicy,,Interface Class2560 has field Field8613
oinone__oinone-pamirs,UNSAT,InterfacePolicy,,Interface Class2560 has field Field8614
oinone__oinone-pamirs,UNSAT,InterfacePolicy,,Interface Class2560 has field Field8615
oinone__oinone-pamirs,UNSAT,InterfacePolicy,,Interface Class2560 has field Field8616
oinone__oinone-pamirs,UNSAT,InterfacePolicy,,Interface Class2560 has field Field8617
oinone__oinone-pamirs,UNSAT,InterfacePolicy,,Interface Class2560 has field Field8618
oinone__oinone-pamirs,UNSAT,InterfacePolicy,,Interface Class2560 has field Field8619
oinone__oinone-pamirs,UNSAT,InterfacePolicy,,Interface Class2560 has field Field8620
oinone__oinone-pamirs,UNSAT,InterfacePolicy,,Interface Class2560 has field Field8621
oinone__oinone-pamirs,UNSAT,InterfacePolicy,,Interface Class2610 has field Field8695
oinone__oinone-pamirs,UNSAT,InterfacePolicy,,Interface Class2610 has field Field8696
oinone__oinone-pamirs,UNSAT,InterfacePolicy,,Interface Class2610 has field Field8697
oinone__oinone-pamirs,UNSAT,InterfacePolicy,,Interface Class2610 has field Field8698
oinone__oinone-pamirs,UNSAT,InterfacePolicy,,Interface Class2610 has field Field8699
oinone__oinone-pamirs,UNSAT,InterfacePolicy,,Interface Class2610 has field Field8700
oinone__oinone-pamirs,UNSAT,InterfacePolicy,,Interface Class2610 has field Field8701
oinone__oinone-pamirs,UNSAT,InterfacePolicy,,Interface Class2610 has field Field8702
oinone__oinone-pamirs,UNSAT,InterfacePolicy,,Interface Class2610 has field Field8703
oinone__oinone-pamirs,UNSAT,InterfacePolicy,,Interface Class2610 has field Field8704
oinone__oinone-pamirs,UNSAT,InterfacePolicy,,Interface Class2610 has field Field8705
oinone__oinone-pamirs,UNSAT,InterfacePolicy,,Interface Class2610 has field Field8706
oinone__oinone-pamirs,UNSAT,InterfacePolicy,,Interface Class2610 has field Field8707
oinone__oinone-pamirs,UNSAT,InterfacePolicy,,Interface Class2610 has field Field8708
oinone__oinone-pamirs,UNSAT,InterfacePolicy,,Interface Class2610 has field Field8709
oinone__oinone-pamirs,UNSAT,InterfacePolicy,,Interface Class2610 has field Field8710
oinone__oinone-pamirs,UNSAT,InterfacePolicy,,Interface Class2610 has field Field8711
oinone__oinone-pamirs,UNSAT,InterfacePolicy,,Interface Class2635 has field Field8731
oinone__oinone-pamirs,UNSAT,InterfacePolicy,,Interface Class2643 has field Field8732
oinone__oinone-pamirs,UNSAT,InterfacePolicy,,Interface Class2643 has field Field8733
oinone__oinone-pamirs,UNSAT,InterfacePolicy,,Interface Class2643 has field Field8734
oinone__oinone-pamirs,UNSAT,InterfacePolicy,,Interface Class2643 has field Field8735
oinone__oinone-pamirs,UNSAT,InterfacePolicy,,Interface Class2679 has field Field8784
oinone__oinone-pamirs,UNSAT,InterfacePolicy,,Interface Class2679 has field Field8785
oinone__oinone-pamirs,UNSAT,InterfacePolicy,,Interface Class2680 has field Field8786
oinone__oinone-pamirs,UNSAT,InterfacePolicy,,Interface Class2680 has field Field8787
oinone__oinone-pamirs,UNSAT,InterfacePolicy,,Interface Class2680 has field Field8788
oinone__oinone-pamirs,UNSAT,InterfacePolicy,,Interface Class2680 has field Field8789
oinone__oinone-pamirs,UNSAT,InterfacePolicy,,Interface Class2698 has field Field8838
oinone__oinone-pamirs,UNSAT,InterfacePolicy,,Interface Class2698 has field Field8839
oinone__oinone-pamirs,UNSAT,InterfacePolicy,,Interface Class2698 has field Field8840
oinone__oinone-pamirs,UNSAT,InterfacePolicy,,Interface Class2698 has field Field8841
oinone__oinone-pamirs,UNSAT,InterfacePolicy,,Interface Class2698 has field Field8842
oinone__oinone-pamirs,UNSAT,InterfacePolicy,,Interface Class2698 has field Field8843
oinone__oinone-pamirs,UNSAT,InterfacePolicy,,Interface Class2698 has field Field8844
oinone__oinone-pamirs,UNSAT,InterfacePolicy,,Interface Class2698 has field Field8845
oinone__oinone-pamirs,UNSAT,InterfacePolicy,,Interface Class2698 has field Field8846
oinone__oinone-pamirs,UNSAT,InterfacePolicy,,Interface Class2698 has field Field8847
oinone__oinone-pamirs,UNSAT,InterfacePolicy,,Interface Class2698 has field Field8848
oinone__oinone-pamirs,UNSAT,InterfacePolicy,,Interface Class2698 has field Field8849
oinone__oinone-pamirs,UNSAT,InterfacePolicy,,Interface Class2698 has field Field8850
oinone__oinone-pamirs,UNSAT,InterfacePolicy,,Interface Class2698 has field Field8851
oinone__oinone-pamirs,UNSAT,InterfacePolicy,,Interface Class2698 has field Field8852
oinone__oinone-pamirs,UNSAT,InterfacePolicy,,Interface Class2698 has field Field8853
oinone__oinone-pamirs,UNSAT,InterfacePolicy,,Interface Class2698 has field Field8854
oinone__oinone-pamirs,UNSAT,InterfacePolicy,,Interface Class2698 has field Field8855
oinone__oinone-pamirs,UNSAT,InterfacePolicy,,Interface Class2698 has field Field8856
oinone__oinone-pamirs,UNSAT,InterfacePolicy,,Interface Class2698 has field Field8857
oinone__oinone-pamirs,UNSAT,InterfacePolicy,,Interface Class2699 has field Field8858
oinone__oinone-pamirs,UNSAT,InterfacePolicy,,Interface Class2700 has field Field8859
oinone__oinone-pamirs,UNSAT,InterfacePolicy,,Interface Class2700 has field Field8860
oinone__oinone-pamirs,UNSAT,InterfacePolicy,,Interface Class2700 has field Field8861
oinone__oinone-pamirs,UNSAT,InterfacePolicy,,Interface Class2700 has field Field8862
oinone__oinone-pamirs,UNSAT,InterfacePolicy,,Interface Class2700 has field Field8863
oinone__oinone-pamirs,UNSAT,InterfacePolicy,,Interface Class2700 has field Field8864
oinone__oinone-pamirs,UNSAT,InterfacePolicy,,Interface Class2700 has field Field8865
oinone__oinone-pamirs,UNSAT,InterfacePolicy,,Interface Class2700 has field Field8866
oinone__oinone-pamirs,UNSAT,InterfacePolicy,,Interface Class2700 has field Field8867
oinone__oinone-pamirs,UNSAT,InterfacePolicy,,Interface Class2700 has field Field8868
oinone__oinone-pamirs,UNSAT,InterfacePolicy,,Interface Class2700 has field Field8869
oinone__oinone-pamirs,UNSAT,InterfacePolicy,,Interface Class2703 has field Field8870
oinone__oinone-pamirs,UNSAT,InterfacePolicy,,Interface Class2756 has field Field8924
oinone__oinone-pamirs,UNSAT,InterfacePolicy,,Interface Class2756 has field Field8925
oinone__oinone-pamirs,UNSAT,InterfacePolicy,,Interface Class2756 has field Field8926
oinone__oinone-pamirs,UNSAT,InterfacePolicy,,Interface Class2760 has field Field8931
oinone__oinone-pamirs,UNSAT,InterfacePolicy,,Interface Class2760 has field Field8932
oinone__oinone-pamirs,UNSAT,InterfacePolicy,,Interface Class2761 has field Field8933
oinone__oinone-pamirs,UNSAT,InterfacePolicy,,Interface Class2818 has field Field9074
oinone__oinone-pamirs,UNSAT,InterfacePolicy,,Interface Class2818 has field Field9075
oinone__oinone-pamirs,UNSAT,InterfacePolicy,,Interface Class2818 has field Field9076
oinone__oinone-pamirs,UNSAT,InterfacePolicy,,Interface Class2868 has field Field9231
oinone__oinone-pamirs,UNSAT,InterfacePolicy,,Interface Class2902 has field Field9256
oinone__oinone-pamirs,UNSAT,InterfacePolicy,,Interface Class2993 has field Field9445
oinone__oinone-pamirs,UNSAT,InterfacePolicy,,Interface Class2993 has field Field9446
oinone__oinone-pamirs,UNSAT,InterfacePolicy,,Interface Class2993 has field Field9447
oinone__oinone-pamirs,UNSAT,InterfacePolicy,,Interface Class3053 has field Field9809
oinone__oinone-pamirs,UNSAT,InterfacePolicy,,Interface Class3055 has field Field9810
oinone__oinone-pamirs,UNSAT,InterfacePolicy,,Interface Class3057 has field Field9811
oinone__oinone-pamirs,UNSAT,InterfacePolicy,,Interface Class3059 has field Field9812
oinone__oinone-pamirs,UNSAT,InterfacePolicy,,Interface Class3061 has field Field9813
oinone__oinone-pamirs,UNSAT,InterfacePolicy,,Interface Class3063 has field Field9814
oinone__oinone-pamirs,UNSAT,InterfacePolicy,,Interface Class3065 has field Field9815
oinone__oinone-pamirs,UNSAT,InterfacePolicy,,Interface Class3067 has field Field9816
oinone__oinone-pamirs,UNSAT,InterfacePolicy,,Interface Class3069 has field Field9817
oinone__oinone-pamirs,UNSAT,InterfacePolicy,,Interface Class3071 has field Field9818
oinone__oinone-pamirs,UNSAT,InterfacePolicy,,Interface Class3128 has field Field9922
oinone__oinone-pamirs,UNSAT,InterfacePolicy,,Interface Class3145 has field Field9926
oinone__oinone-pamirs,UNSAT,InterfacePolicy,,Interface Class3145 has field Field9927
oinone__oinone-pamirs,UNSAT,InterfacePolicy,,Interface Class3152 has field Field9928
oinone__oinone-pamirs,UNSAT,InterfacePolicy,,Interface Class3152 has field Field9929
oinone__oinone-pamirs,UNSAT,InterfacePolicy,,Interface Class3154 has field Field9930
oinone__oinone-pamirs,UNSAT,InterfacePolicy,,Interface Class3154 has field Field9931
oinone__oinone-pamirs,UNSAT,InterfacePolicy,,Interface Class3155 has field Field9932
oinone__oinone-pamirs,UNSAT,InterfacePolicy,,Interface Class3155 has field Field9933
oinone__oinone-pamirs,UNSAT,InterfacePolicy,,Interface Class3155 has field Field9934
oinone__oinone-pamirs,UNSAT,InterfacePolicy,,Interface Class3155 has field Field9935
oinone__oinone-pamirs,UNSAT,InterfacePolicy,,Interface Class3155 has field Field9936
oinone__oinone-pamirs,UNSAT,InterfacePolicy,,Interface Class3155 has field Field9937
oinone__oinone-pamirs,UNSAT,InterfacePolicy,,Interface Class3155 has field Field9938
oinone__oinone-pamirs,UNSAT,InterfacePolicy,,Interface Class3155 has field Field9939
oinone__oinone-pamirs,UNSAT,InterfacePolicy,,Interface Class3155 has field Field9940
oinone__oinone-pamirs,UNSAT,InterfacePolicy,,Interface Class3155 has field Field9941
oinone__oinone-pamirs,UNSAT,InterfacePolicy,,Interface Class3155 has field Field9942
oinone__oinone-pamirs,UNSAT,InterfacePolicy,,Interface Class3155 has field Field9943
oinone__oinone-pamirs,UNSAT,InterfacePolicy,,Interface Class3155 has field Field9944
oinone__oinone-pamirs,UNSAT,InterfacePolicy,,Interface Class3155 has field Field9945
oinone__oinone-pamirs,UNSAT,InterfacePolicy,,Interface Class3177 has field Field9949
oinone__oinone-pamirs,UNSAT,InterfacePolicy,,Interface Class3177 has field Field9950
oinone__oinone-pamirs,UNSAT,InterfacePolicy,,Interface Class3177 has field Field9951
oinone__oinone-pamirs,UNSAT,InterfacePolicy,,Interface Class3188 has field Field9985
oinone__oinone-pamirs,UNSAT,InterfacePolicy,,Interface Class3213 has field Field9991
oinone__oinone-pamirs,UNSAT,InterfacePolicy,,Interface Class3213 has field Field9992
oinone__oinone-pamirs,UNSAT,InterfacePolicy,,Interface Class3213 has field Field9993
oinone__oinone-pamirs,UNSAT,InterfacePolicy,,Interface Class3216 has field Field9994
oinone__oinone-pamirs,UNSAT,InterfacePolicy,,Interface Class3218 has field Field9995
oinone__oinone-pamirs,UNSAT,InterfacePolicy,,Interface Class3241 has field Field10011
oinone__oinone-pamirs,UNSAT,InterfacePolicy,,Interface Class3271 has field Field10040
oinone__oinone-pamirs,UNSAT,InterfacePolicy,,Interface Class3337 has field Field10125
oinone__oinone-pamirs,UNSAT,InterfacePolicy,,Interface Class3338 has field Field10126
oinone__oinone-pamirs,UNSAT,InterfacePolicy,,Interface Class3363 has field Field10205
oinone__oinone-pamirs,UNSAT,InterfacePolicy,,Interface Class3363 has field Field10206
oinone__oinone-pamirs,UNSAT,InterfacePolicy,,Interface Class3364 has field Field10207
oinone__oinone-pamirs,UNSAT,InterfacePolicy,,Interface Class3364 has field Field10208
oinone__oinone-pamirs,UNSAT,InterfacePolicy,,Interface Class3364 has field Field10209
oinone__oinone-pamirs,UNSAT,InterfacePolicy,,Interface Class3364 has field Field10210
oinone__oinone-pamirs,UNSAT,InterfacePolicy,,Interface Class3364 has field Field10211
oinone__oinone-pamirs,UNSAT,InterfacePolicy,,Interface Class3364 has field Field10212
oinone__oinone-pamirs,UNSAT,InterfacePolicy,,Interface Class3364 has field Field10213
oinone__oinone-pamirs,UNSAT,InterfacePolicy,,Interface Class3364 has field Field10214
oinone__oinone-pamirs,UNSAT,InterfacePolicy,,Interface Class3364 has field Field10215
oinone__oinone-pamirs,UNSAT,InterfacePolicy,,Interface Class3378 has field Field10269
oinone__oinone-pamirs,UNSAT,InterfacePolicy,,Interface Class3378 has field Field10270
oinone__oinone-pamirs,UNSAT,InterfacePolicy,,Interface Class3378 has field Field10271
oinone__oinone-pamirs,UNSAT,InterfacePolicy,,Interface Class3514 has field Field10439
oinone__oinone-pamirs,UNSAT,InterfacePolicy,,Interface Class3514 has field Field10440
oinone__oinone-pamirs,UNSAT,InterfacePolicy,,Interface Class3516 has field Field10441
oinone__oinone-pamirs,UNSAT,InterfacePolicy,,Interface Class3516 has field Field10442
oinone__oinone-pamirs,UNSAT,InterfacePolicy,,Interface Class3516 has field Field10443
oinone__oinone-pamirs,UNSAT,InterfacePolicy,,Interface Class3516 has field Field10444
oinone__oinone-pamirs,UNSAT,InterfacePolicy,,Interface Class3516 has field Field10445
oinone__oinone-pamirs,UNSAT,InterfacePolicy,,Interface Class3516 has field Field10446
oinone__oinone-pamirs,UNSAT,InterfacePolicy,,Interface Class3516 has field Field10447
oinone__oinone-pamirs,UNSAT,InterfacePolicy,,Interface Class3516 has field Field10448
oinone__oinone-pamirs,UNSAT,InterfacePolicy,,Interface Class3516 has field Field10449
oinone__oinone-pamirs,UNSAT,InterfacePolicy,,Interface Class3516 has field Field10450
oinone__oinone-pamirs,UNSAT,InterfacePolicy,,Interface Class3516 has field Field10451
oinone__oinone-pamirs,UNSAT,InterfacePolicy,,Interface Class3516 has field Field10452
oinone__oinone-pamirs,UNSAT,InterfacePolicy,,Interface Class3516 has field Field10453
oinone__oinone-pamirs,UNSAT,InterfacePolicy,,Interface Class3516 has field Field10454
oinone__oinone-pamirs,UNSAT,InterfacePolicy,,Interface Class3516 has field Field10455
oinone__oinone-pamirs,UNSAT,InterfacePolicy,,Interface Class3516 has field Field10456
oinone__oinone-pamirs,UNSAT,InterfacePolicy,,Interface Class3516 has field Field10457
oinone__oinone-pamirs,UNSAT,InterfacePolicy,,Interface Class3516 has field Field10458
oinone__oinone-pamirs,UNSAT,InterfacePolicy,,Interface Class3516 has field Field10459
oinone__oinone-pamirs,UNSAT,InterfacePolicy,,Interface Class3516 has field Field10460
oinone__oinone-pamirs,UNSAT,InterfacePolicy,,Interface Class3516 has field Field10461
oinone__oinone-pamirs,UNSAT,InterfacePolicy,,Interface Class3516 has field Field10462
oinone__oinone-pamirs,UNSAT,InterfacePolicy,,Interface Class3516 has field Field10463
oinone__oinone-pamirs,UNSAT,InterfacePolicy,,Interface Class3516 has field Field10464
oinone__oinone-pamirs,UNSAT,InterfacePolicy,,Interface Class3516 has field Field10465
oinone__oinone-pamirs,UNSAT,InterfacePolicy,,Interface Class3516 has field Field10466
oinone__oinone-pamirs,UNSAT,InterfacePolicy,,Interface Class3516 has field Field10467
oinone__oinone-pamirs,UNSAT,InterfacePolicy,,Interface Class3516 has field Field10468
oinone__oinone-pamirs,UNSAT,InterfacePolicy,,Interface Class3517 has field Field10469
oinone__oinone-pamirs,UNSAT,InterfacePolicy,,Interface Class3517 has field Field10470
oinone__oinone-pamirs,UNSAT,InterfacePolicy,,Interface Class3517 has field Field10471
oinone__oinone-pamirs,UNSAT,InterfacePolicy,,Interface Class3518 has field Field10472
oinone__oinone-pamirs,UNSAT,InterfacePolicy,,Interface Class3518 has field Field10473
oinone__oinone-pamirs,UNSAT,InterfacePolicy,,Interface Class3518 has field Field10474
oinone__oinone-pamirs,UNSAT,InterfacePolicy,,Interface Class3519 has field Field10475
oinone__oinone-pamirs,UNSAT,InterfacePolicy,,Interface Class3519 has field Field10476
oinone__oinone-pamirs,UNSAT,InterfacePolicy,,Interface Class3519 has field Field10477
oinone__oinone-pamirs,UNSAT,InterfacePolicy,,Interface Class3519 has field Field10478
oinone__oinone-pamirs,UNSAT,InterfacePolicy,,Interface Class3520 has field Field10479
oinone__oinone-pamirs,UNSAT,InterfacePolicy,,Interface Class3520 has field Field10480
oinone__oinone-pamirs,UNSAT,InterfacePolicy,,Interface Class3520 has field Field10481
oinone__oinone-pamirs,UNSAT,InterfacePolicy,,Interface Class3520 has field Field10482
oinone__oinone-pamirs,UNSAT,InterfacePolicy,,Interface Class3520 has field Field10483
oinone__oinone-pamirs,UNSAT,InterfacePolicy,,Interface Class3520 has field Field10484
oinone__oinone-pamirs,UNSAT,InterfacePolicy,,Interface Class3521 has field Field10485
oinone__oinone-pamirs,UNSAT,InterfacePolicy,,Interface Class3521 has field Field10486
oinone__oinone-pamirs,UNSAT,InterfacePolicy,,Interface Class3521 has field Field10487
oinone__oinone-pamirs,UNSAT,InterfacePolicy,,Interface Class3521 has field Field10488
oinone__oinone-pamirs,UNSAT,InterfacePolicy,,Interface Class3521 has field Field10489
oinone__oinone-pamirs,UNSAT,InterfacePolicy,,Interface Class3521 has field Field10490
oinone__oinone-pamirs,UNSAT,InterfacePolicy,,Interface Class3521 has field Field10491
oinone__oinone-pamirs,UNSAT,InterfacePolicy,,Interface Class3521 has field Field10492
oinone__oinone-pamirs,UNSAT,InterfacePolicy,,Interface Class3521 has field Field10493
oinone__oinone-pamirs,UNSAT,InterfacePolicy,,Interface Class3521 has field Field10494
oinone__oinone-pamirs,UNSAT,InterfacePolicy,,Interface Class3521 has field Field10495
oinone__oinone-pamirs,UNSAT,InterfacePolicy,,Interface Class3522 has field Field10496
oinone__oinone-pamirs,UNSAT,InterfacePolicy,,Interface Class3522 has field Field10497
oinone__oinone-pamirs,UNSAT,InterfacePolicy,,Interface Class3523 has field Field10498
oinone__oinone-pamirs,UNSAT,InterfacePolicy,,Interface Class3523 has field Field10499
oinone__oinone-pamirs,UNSAT,InterfacePolicy,,Interface Class3523 has field Field10500
oinone__oinone-pamirs,UNSAT,InterfacePolicy,,Interface Class3523 has field Field10501
oinone__oinone-pamirs,UNSAT,InterfacePolicy,,Interface Class3523 has field Field10502
oinone__oinone-pamirs,UNSAT,InterfacePolicy,,Interface Class3523 has field Field10503
oinone__oinone-pamirs,UNSAT,InterfacePolicy,,Interface Class3523 has field Field10504
oinone__oinone-pamirs,UNSAT,InterfacePolicy,,Interface Class3523 has field Field10505
oinone__oinone-pamirs,UNSAT,InterfacePolicy,,Interface Class3523 has field Field10506
oinone__oinone-pamirs,UNSAT,InterfacePolicy,,Interface Class3523 has field Field10507
oinone__oinone-pamirs,UNSAT,InterfacePolicy,,Interface Class3523 has field Field10508
oinone__oinone-pamirs,UNSAT,InterfacePolicy,,Interface Class3523 has field Field10509
oinone__oinone-pamirs,UNSAT,InterfacePolicy,,Interface Class3524 has field Field10510
oinone__oinone-pamirs,UNSAT,InterfacePolicy,,Interface Class3524 has field Field10511
oinone__oinone-pamirs,UNSAT,InterfacePolicy,,Interface Class3524 has field Field10512
oinone__oinone-pamirs,UNSAT,InterfacePolicy,,Interface Class3524 has field Field10513
oinone__oinone-pamirs,UNSAT,InterfacePolicy,,Interface Class3524 has field Field10514
oinone__oinone-pamirs,UNSAT,InterfacePolicy,,Interface Class3524 has field Field10515
oinone__oinone-pamirs,UNSAT,InterfacePolicy,,Interface Class3524 has field Field10516
oinone__oinone-pamirs,UNSAT,InterfacePolicy,,Interface Class3524 has field Field10517
oinone__oinone-pamirs,UNSAT,InterfacePolicy,,Interface Class3524 has field Field10518
oinone__oinone-pamirs,UNSAT,InterfacePolicy,,Interface Class3524 has field Field10519
oinone__oinone-pamirs,UNSAT,InterfacePolicy,,Interface Class3524 has field Field10520
oinone__oinone-pamirs,UNSAT,InterfacePolicy,,Interface Class3524 has field Field10521
oinone__oinone-pamirs,UNSAT,InterfacePolicy,,Interface Class3524 has field Field10522
oinone__oinone-pamirs,UNSAT,InterfacePolicy,,Interface Class3576 has field Field10582
oinone__oinone-pamirs,UNSAT,InterfacePolicy,,Interface Class3576 has field Field10583
oinone__oinone-pamirs,UNSAT,InterfacePolicy,,Interface Class3576 has field Field10584
oinone__oinone-pamirs,UNSAT,InterfacePolicy,,Interface Class3581 has field Field10596
oinone__oinone-pamirs,UNSAT,InterfacePolicy,,Interface Class3581 has field Field10597
oinone__oinone-pamirs,UNSAT,InterfacePolicy,,Interface Class3581 has field Field10598
oinone__oinone-pamirs,UNSAT,InterfacePolicy,,Interface Class3582 has field Field10599
oinone__oinone-pamirs,UNSAT,InterfacePolicy,,Interface Class3583 has field Field10600
oinone__oinone-pamirs,UNSAT,InterfacePolicy,,Interface Class3583 has field Field10601
oinone__oinone-pamirs,UNSAT,InterfacePolicy,,Interface Class3584 has field Field10602
oinone__oinone-pamirs,UNSAT,InterfacePolicy,,Interface Class3584 has field Field10603
oinone__oinone-pamirs,UNSAT,InterfacePolicy,,Interface Class3584 has field Field10604
oinone__oinone-pamirs,UNSAT,InterfacePolicy,,Interface Class3585 has field Field10605
oinone__oinone-pamirs,UNSAT,InterfacePolicy,,Interface Class3585 has field Field10606
oinone__oinone-pamirs,UNSAT,InterfacePolicy,,Interface Class3585 has field Field10607
oinone__oinone-pamirs,UNSAT,InterfacePolicy,,Interface Class3585 has field Field10608
oinone__oinone-pamirs,UNSAT,InterfacePolicy,,Interface Class3585 has field Field10609
oinone__oinone-pamirs,UNSAT,InterfacePolicy,,Interface Class3586 has field Field10610
oinone__oinone-pamirs,UNSAT,InterfacePolicy,,Interface Class3586 has field Field10611
oinone__oinone-pamirs,UNSAT,InterfacePolicy,,Interface Class3586 has field Field10612
oinone__oinone-pamirs,UNSAT,InterfacePolicy,,Interface Class3586 has field Field10613
oinone__oinone-pamirs,UNSAT,InterfacePolicy,,Interface Class3587 has field Field10614
oinone__oinone-pamirs,UNSAT,InterfacePolicy,,Interface Class3587 has field Field10615
oinone__oinone-pamirs,UNSAT,InterfacePolicy,,Interface Class3587 has field Field10616
oinone__oinone-pamirs,UNSAT,InterfacePolicy,,Interface Class3587 has field Field10617
oinone__oinone-pamirs,UNSAT,InterfacePolicy,,Interface Class3587 has field Field10618
oinone__oinone-pamirs,UNSAT,InterfacePolicy,,Interface Class3587 has field Field10619
oinone__oinone-pamirs,UNSAT,InterfacePolicy,,Interface Class3587 has field Field10620
oinone__oinone-pamirs,UNSAT,InterfacePolicy,,Interface Class3588 has field Field10621
oinone__oinone-pamirs,UNSAT,InterfacePolicy,,Interface Class3588 has field Field10622
oinone__oinone-pamirs,UNSAT,InterfacePolicy,,Interface Class3588 has field Field10623
oinone__oinone-pamirs,UNSAT,InterfacePolicy,,Interface Class3588 has field Field10624
oinone__oinone-pamirs,UNSAT,InterfacePolicy,,Interface Class3588 has field Field10625
oinone__oinone-pamirs,UNSAT,InterfacePolicy,,Interface Class3588 has field Field10626
oinone__oinone-pamirs,UNSAT,InterfacePolicy,,Interface Class3588 has field Field10627
oinone__oinone-pamirs,UNSAT,InterfacePolicy,,Interface Class3588 has field Field10628
oinone__oinone-pamirs,UNSAT,InterfacePolicy,,Interface Class3588 has field Field10629
oinone__oinone-pamirs,UNSAT,InterfacePolicy,,Interface Class3588 has field Field10630
oinone__oinone-pamirs,UNSAT,InterfacePolicy,,Interface Class3588 has field Field10631
oinone__oinone-pamirs,UNSAT,InterfacePolicy,,Interface Class3588 has field Field10632
oinone__oinone-pamirs,UNSAT,InterfacePolicy,,Interface Class3588 has field Field10633
oinone__oinone-pamirs,UNSAT,InterfacePolicy,,Interface Class3588 has field Field10634
oinone__oinone-pamirs,UNSAT,InterfacePolicy,,Interface Class3588 has field Field10635
oinone__oinone-pamirs,UNSAT,InterfacePolicy,,Interface Class3588 has field Field10636
oinone__oinone-pamirs,UNSAT,InterfacePolicy,,Interface Class3588 has field Field10637
oinone__oinone-pamirs,UNSAT,InterfacePolicy,,Interface Class3588 has field Field10638
oinone__oinone-pamirs,UNSAT,InterfacePolicy,,Interface Class3588 has field Field10639
oinone__oinone-pamirs,UNSAT,InterfacePolicy,,Interface Class3588 has field Field10640
oinone__oinone-pamirs,UNSAT,InterfacePolicy,,Interface Class3588 has field Field10641
oinone__oinone-pamirs,UNSAT,InterfacePolicy,,Interface Class3588 has field Field10642
oinone__oinone-pamirs,UNSAT,InterfacePolicy,,Interface Class3589 has field Field10643
oinone__oinone-pamirs,UNSAT,InterfacePolicy,,Interface Class3590 has field Field10644
oinone__oinone-pamirs,UNSAT,InterfacePolicy,,Interface Class3590 has field Field10645
oinone__oinone-pamirs,UNSAT,InterfacePolicy,,Interface Class3590 has field Field10646
oinone__oinone-pamirs,UNSAT,InterfacePolicy,,Interface Class3590 has field Field10647
oinone__oinone-pamirs,UNSAT,InterfacePolicy,,Interface Class3590 has field Field10648
oinone__oinone-pamirs,UNSAT,InterfacePolicy,,Interface Class3590 has field Field10649
oinone__oinone-pamirs,UNSAT,InterfacePolicy,,Interface Class3590 has field Field10650
oinone__oinone-pamirs,UNSAT,InterfacePolicy,,Interface Class3590 has field Field10651
oinone__oinone-pamirs,UNSAT,InterfacePolicy,,Interface Class3590 has field Field10652
oinone__oinone-pamirs,UNSAT,InterfacePolicy,,Interface Class3590 has field Field10653
oinone__oinone-pamirs,UNSAT,InterfacePolicy,,Interface Class3590 has field Field10654
oinone__oinone-pamirs,UNSAT,InterfacePolicy,,Interface Class3590 has field Field10655
oinone__oinone-pamirs,UNSAT,InterfacePolicy,,Interface Class3590 has field Field10656
oinone__oinone-pamirs,UNSAT,InterfacePolicy,,Interface Class3590 has field Field10657
oinone__oinone-pamirs,UNSAT,InterfacePolicy,,Interface Class3590 has field Field10658
oinone__oinone-pamirs,UNSAT,InterfacePolicy,,Interface Class3590 has field Field10659
oinone__oinone-pamirs,UNSAT,InterfacePolicy,,Interface Class3590 has field Field10660
oinone__oinone-pamirs,UNSAT,InterfacePolicy,,Interface Class3590 has field Field10661
oinone__oinone-pamirs,UNSAT,InterfacePolicy,,Interface Class3590 has field Field10662
oinone__oinone-pamirs,UNSAT,InterfacePolicy,,Interface Class3590 has field Field10663
oinone__oinone-pamirs,UNSAT,InterfacePolicy,,Interface Class3590 has field Field10664
oinone__oinone-pamirs,UNSAT,InterfacePolicy,,Interface Class3590 has field Field10665
oinone__oinone-pamirs,UNSAT,InterfacePolicy,,Interface Class3590 has field Field10666
oinone__oinone-pamirs,UNSAT,InterfacePolicy,,Interface Class3590 has field Field10667
oinone__oinone-pamirs,UNSAT,InterfacePolicy,,Interface Class3590 has field Field10668
oinone__oinone-pamirs,UNSAT,InterfacePolicy,,Interface Class3590 has field Field10669
oinone__oinone-pamirs,UNSAT,InterfacePolicy,,Interface Class3590 has field Field10670
oinone__oinone-pamirs,UNSAT,InterfacePolicy,,Interface Class3590 has field Field10671
oinone__oinone-pamirs,UNSAT,InterfacePolicy,,Interface Class3590 has field Field10672
oinone__oinone-pamirs,UNSAT,InterfacePolicy,,Interface Class3590 has field Field10673
oinone__oinone-pamirs,UNSAT,InterfacePolicy,,Interface Class3590 has field Field10674
oinone__oinone-pamirs,UNSAT,InterfacePolicy,,Interface Class3590 has field Field10675
oinone__oinone-pamirs,UNSAT,InterfacePolicy,,Interface Class3590 has field Field10676
oinone__oinone-pamirs,UNSAT,InterfacePolicy,,Interface Class3590 has field Field10677
oinone__oinone-pamirs,UNSAT,InterfacePolicy,,Interface Class3590 has field Field10678
oinone__oinone-pamirs,UNSAT,InterfacePolicy,,Interface Class3590 has field Field10679
oinone__oinone-pamirs,UNSAT,InterfacePolicy,,Interface Class3590 has field Field10680
oinone__oinone-pamirs,UNSAT,InterfacePolicy,,Interface Class3590 has field Field10681
oinone__oinone-pamirs,UNSAT,InterfacePolicy,,Interface Class3590 has field Field10682
oinone__oinone-pamirs,UNSAT,InterfacePolicy,,Interface Class3590 has field Field10683
oinone__oinone-pamirs,UNSAT,InterfacePolicy,,Interface Class3590 has field Field10684
oinone__oinone-pamirs,UNSAT,InterfacePolicy,,Interface Class3590 has field Field10685
oinone__oinone-pamirs,UNSAT,InterfacePolicy,,Interface Class3590 has field Field10686
oinone__oinone-pamirs,UNSAT,InterfacePolicy,,Interface Class3590 has field Field10687
oinone__oinone-pamirs,UNSAT,InterfacePolicy,,Interface Class3590 has field Field10688
oinone__oinone-pamirs,UNSAT,InterfacePolicy,,Interface Class3590 has field Field10689
oinone__oinone-pamirs,UNSAT,InterfacePolicy,,Interface Class3590 has field Field10690
oinone__oinone-pamirs,UNSAT,InterfacePolicy,,Interface Class3590 has field Field10691
oinone__oinone-pamirs,UNSAT,InterfacePolicy,,Interface Class3590 has field Field10692
oinone__oinone-pamirs,UNSAT,InterfacePolicy,,Interface Class3590 has field Field10693
oinone__oinone-pamirs,UNSAT,InterfacePolicy,,Interface Class3590 has field Field10694
oinone__oinone-pamirs,UNSAT,InterfacePolicy,,Interface Class3590 has field Field10695
oinone__oinone-pamirs,UNSAT,InterfacePolicy,,Interface Class3590 has field Field10696
oinone__oinone-pamirs,UNSAT,InterfacePolicy,,Interface Class3590 has field Field10697
oinone__oinone-pamirs,UNSAT,InterfacePolicy,,Interface Class3590 has field Field10698
oinone__oinone-pamirs,UNSAT,InterfacePolicy,,Interface Class3591 has field Field10699
oinone__oinone-pamirs,UNSAT,InterfacePolicy,,Interface Class3592 has field Field10700
oinone__oinone-pamirs,UNSAT,InterfacePolicy,,Interface Class3592 has field Field10701
oinone__oinone-pamirs,UNSAT,InterfacePolicy,,Interface Class3592 has field Field10702
oinone__oinone-pamirs,UNSAT,InterfacePolicy,,Interface Class3592 has field Field10703
oinone__oinone-pamirs,UNSAT,InterfacePolicy,,Interface Class3592 has field Field10704
oinone__oinone-pamirs,UNSAT,InterfacePolicy,,Interface Class3592 has field Field10705
oinone__oinone-pamirs,UNSAT,InterfacePolicy,,Interface Class3592 has field Field10706
oinone__oinone-pamirs,UNSAT,InterfacePolicy,,Interface Class3592 has field Field10707
oinone__oinone-pamirs,UNSAT,InterfacePolicy,,Interface Class3592 has field Field10708
oinone__oinone-pamirs,UNSAT,InterfacePolicy,,Interface Class3592 has field Field10709
oinone__oinone-pamirs,UNSAT,InterfacePolicy,,Interface Class3592 has field Field10710
oinone__oinone-pamirs,UNSAT,InterfacePolicy,,Interface Class3592 has field Field10711
oinone__oinone-pamirs,UNSAT,InterfacePolicy,,Interface Class3592 has field Field10712
oinone__oinone-pamirs,UNSAT,InterfacePolicy,,Interface Class3592 has field Field10713
oinone__oinone-pamirs,UNSAT,InterfacePolicy,,Interface Class3592 has field Field10714
oinone__oinone-pamirs,UNSAT,InterfacePolicy,,Interface Class3592 has field Field10715
oinone__oinone-pamirs,UNSAT,InterfacePolicy,,Interface Class3592 has field Field10716
oinone__oinone-pamirs,UNSAT,InterfacePolicy,,Interface Class3592 has field Field10717
oinone__oinone-pamirs,UNSAT,InterfacePolicy,,Interface Class3593 has field Field10718
oinone__oinone-pamirs,UNSAT,InterfacePolicy,,Interface Class3593 has field Field10719
oinone__oinone-pamirs,UNSAT,InterfacePolicy,,Interface Class3593 has field Field10720
oinone__oinone-pamirs,UNSAT,InterfacePolicy,,Interface Class3593 has field Field10721
oinone__oinone-pamirs,UNSAT,InterfacePolicy,,Interface Class3593 has field Field10722
oinone__oinone-pamirs,UNSAT,InterfacePolicy,,Interface Class3594 has field Field10723
oinone__oinone-pamirs,UNSAT,InterfacePolicy,,Interface Class3594 has field Field10724
oinone__oinone-pamirs,UNSAT,InterfacePolicy,,Interface Class3594 has field Field10725
oinone__oinone-pamirs,UNSAT,InterfacePolicy,,Interface Class3594 has field Field10726
oinone__oinone-pamirs,UNSAT,InterfacePolicy,,Interface Class3595 has field Field10727
oinone__oinone-pamirs,UNSAT,InterfacePolicy,,Interface Class3595 has field Field10728
oinone__oinone-pamirs,UNSAT,InterfacePolicy,,Interface Class3595 has field Field10729
oinone__oinone-pamirs,UNSAT,InterfacePolicy,,Interface Class3595 has field Field10730
oinone__oinone-pamirs,UNSAT,InterfacePolicy,,Interface Class3597 has field Field10732
oinone__oinone-pamirs,UNSAT,InterfacePolicy,,Interface Class3597 has field Field10733
oinone__oinone-pamirs,UNSAT,InterfacePolicy,,Interface Class3597 has field Field10734
oinone__oinone-pamirs,UNSAT,InterfacePolicy,,Interface Class3597 has field Field10735
oinone__oinone-pamirs,UNSAT,InterfacePolicy,,Interface Class3597 has field Field10736
oinone__oinone-pamirs,UNSAT,InterfacePolicy,,Interface Class3597 has field Field10737
oinone__oinone-pamirs,UNSAT,InterfacePolicy,,Interface Class3597 has field Field10738
oinone__oinone-pamirs,UNSAT,InterfacePolicy,,Interface Class3597 has field Field10739
oinone__oinone-pamirs,UNSAT,InterfacePolicy,,Interface Class3597 has field Field10740
oinone__oinone-pamirs,UNSAT,InterfacePolicy,,Interface Class3597 has field Field10741
oinone__oinone-pamirs,UNSAT,InterfacePolicy,,Interface Class3597 has field Field10742
oinone__oinone-pamirs,UNSAT,InterfacePolicy,,Interface Class3597 has field Field10743
oinone__oinone-pamirs,UNSAT,InterfacePolicy,,Interface Class3597 has field Field10744
oinone__oinone-pamirs,UNSAT,InterfacePolicy,,Interface Class3597 has field Field10745
oinone__oinone-pamirs,UNSAT,InterfacePolicy,,Interface Class3597 has field Field10746
oinone__oinone-pamirs,UNSAT,InterfacePolicy,,Interface Class3597 has field Field10747
oinone__oinone-pamirs,UNSAT,InterfacePolicy,,Interface Class3598 has field Field10748
oinone__oinone-pamirs,UNSAT,InterfacePolicy,,Interface Class3598 has field Field10749
oinone__oinone-pamirs,UNSAT,InterfacePolicy,,Interface Class3598 has field Field10750
oinone__oinone-pamirs,UNSAT,InterfacePolicy,,Interface Class3598 has field Field10751
oinone__oinone-pamirs,UNSAT,InterfacePolicy,,Interface Class3600 has field Field10752
oinone__oinone-pamirs,UNSAT,InterfacePolicy,,Interface Class3600 has field Field10753
oinone__oinone-pamirs,UNSAT,InterfacePolicy,,Interface Class3600 has field Field10754
oinone__oinone-pamirs,UNSAT,InterfacePolicy,,Interface Class3600 has field Field10755
oinone__oinone-pamirs,UNSAT,InterfacePolicy,,Interface Class3600 has field Field10756
oinone__oinone-pamirs,UNSAT,InterfacePolicy,,Interface Class3600 has field Field10757
oinone__oinone-pamirs,UNSAT,InterfacePolicy,,Interface Class3600 has field Field10758
oinone__oinone-pamirs,UNSAT,InterfacePolicy,,Interface Class3600 has field Field10759
oinone__oinone-pamirs,UNSAT,InterfacePolicy,,Interface Class3600 has field Field10760
oinone__oinone-pamirs,UNSAT,InterfacePolicy,,Interface Class3600 has field Field10761
oinone__oinone-pamirs,UNSAT,InterfacePolicy,,Interface Class3600 has field Field10762
oinone__oinone-pamirs,UNSAT,InterfacePolicy,,Interface Class3600 has field Field10763
oinone__oinone-pamirs,UNSAT,InterfacePolicy,,Interface Class3600 has field Field10764
oinone__oinone-pamirs,UNSAT,InterfacePolicy,,Interface Class3600 has field Field10765
oinone__oinone-pamirs,UNSAT,InterfacePolicy,,Interface Class3600 has field Field10766
oinone__oinone-pamirs,UNSAT,InterfacePolicy,,Interface Class3600 has field Field10767
oinone__oinone-pamirs,UNSAT,InterfacePolicy,,Interface Class3600 has field Field10768
oinone__oinone-pamirs,UNSAT,InterfacePolicy,,Interface Class3600 has field Field10769
oinone__oinone-pamirs,UNSAT,InterfacePolicy,,Interface Class3600 has field Field10770
oinone__oinone-pamirs,UNSAT,InterfacePolicy,,Interface Class3600 has field Field10771
oinone__oinone-pamirs,UNSAT,InterfacePolicy,,Interface Class3600 has field Field10772
oinone__oinone-pamirs,UNSAT,InterfacePolicy,,Interface Class3600 has field Field10773
oinone__oinone-pamirs,UNSAT,InterfacePolicy,,Interface Class3600 has field Field10774
oinone__oinone-pamirs,UNSAT,InterfacePolicy,,Interface Class3600 has field Field10775
oinone__oinone-pamirs,UNSAT,InterfacePolicy,,Interface Class3600 has field Field10776
oinone__oinone-pamirs,UNSAT,InterfacePolicy,,Interface Class3600 has field Field10777
oinone__oinone-pamirs,UNSAT,InterfacePolicy,,Interface Class3600 has field Field10778
oinone__oinone-pamirs,UNSAT,InterfacePolicy,,Interface Class3600 has field Field10779
oinone__oinone-pamirs,UNSAT,InterfacePolicy,,Interface Class3600 has field Field10780
oinone__oinone-pamirs,UNSAT,InterfacePolicy,,Interface Class3600 has field Field10781
oinone__oinone-pamirs,UNSAT,InterfacePolicy,,Interface Class3600 has field Field10782
oinone__oinone-pamirs,UNSAT,InterfacePolicy,,Interface Class3600 has field Field10783
oinone__oinone-pamirs,UNSAT,InterfacePolicy,,Interface Class3600 has field Field10784
oinone__oinone-pamirs,UNSAT,InterfacePolicy,,Interface Class3600 has field Field10785
oinone__oinone-pamirs,UNSAT,InterfacePolicy,,Interface Class3600 has field Field10786
oinone__oinone-pamirs,UNSAT,InterfacePolicy,,Interface Class3600 has field Field10787
oinone__oinone-pamirs,UNSAT,InterfacePolicy,,Interface Class3640 has field Field11297
oinone__oinone-pamirs,UNSAT,InterfacePolicy,,Interface Class3640 has field Field11298
oinone__oinone-pamirs,UNSAT,InterfacePolicy,,Interface Class3640 has field Field11299
oinone__oinone-pamirs,UNSAT,InterfacePolicy,,Interface Class3640 has field Field11300
oinone__oinone-pamirs,UNSAT,InterfacePolicy,,Interface Class3640 has field Field11301
oinone__oinone-pamirs,UNSAT,InterfacePolicy,,Interface Class3640 has field Field11302
oinone__oinone-pamirs,UNSAT,InterfacePolicy,,Interface Class3640 has field Field11303
oinone__oinone-pamirs,UNSAT,InterfacePolicy,,Interface Class3640 has field Field11304
oinone__oinone-pamirs,UNSAT,InterfacePolicy,,Interface Class3640 has field Field11305
oinone__oinone-pamirs,UNSAT,InterfacePolicy,,Interface Class3640 has field Field11306
oinone__oinone-pamirs,UNSAT,InterfacePolicy,,Interface Class3640 has field Field11307
oinone__oinone-pamirs,UNSAT,InterfacePolicy,,Interface Class3680 has field Field11442
oinone__oinone-pamirs,UNSAT,InterfacePolicy,,Interface Class3776 has field Field12108
oinone__oinone-pamirs,UNSAT,InterfacePolicy,,Interface Class3806 has field Field12168
oinone__oinone-pamirs,UNSAT,InterfacePolicy,,Interface Class3827 has field Field12262
oinone__oinone-pamirs,UNSAT,InterfacePolicy,,Interface Class3827 has field Field12263
oinone__oinone-pamirs,UNSAT,InterfacePolicy,,Interface Class3837 has field Field12298
oinone__oinone-pamirs,UNSAT,InterfacePolicy,,Interface Class3837 has field Field12299
oinone__oinone-pamirs,UNSAT,InterfacePolicy,,Interface Class3837 has field Field12300
oinone__oinone-pamirs,UNSAT,InterfacePolicy,,Interface Class3837 has field Field12301
oinone__oinone-pamirs,UNSAT,InterfacePolicy,,Interface Class3837 has field Field12302
oinone__oinone-pamirs,UNSAT,InterfacePolicy,,Interface Class3837 has field Field12303
oinone__oinone-pamirs,UNSAT,InterfacePolicy,,Interface Class3837 has field Field12304
oinone__oinone-pamirs,UNSAT,InterfacePolicy,,Interface Class3837 has field Field12305
oinone__oinone-pamirs,UNSAT,InterfacePolicy,,Interface Class3837 has field Field12306
oinone__oinone-pamirs,UNSAT,InterfacePolicy,,Interface Class3837 has field Field12307
oinone__oinone-pamirs,UNSAT,InterfacePolicy,,Interface Class3837 has field Field12308
oinone__oinone-pamirs,UNSAT,InterfacePolicy,,Interface Class3837 has field Field12309
oinone__oinone-pamirs,UNSAT,InterfacePolicy,,Interface Class3837 has field Field12310
oinone__oinone-pamirs,UNSAT,InterfacePolicy,,Interface Class3837 has field Field12311
oinone__oinone-pamirs,UNSAT,InterfacePolicy,,Interface Class3837 has field Field12312
oinone__oinone-pamirs,UNSAT,InterfacePolicy,,Interface Class3837 has field Field12313
oinone__oinone-pamirs,UNSAT,InterfacePolicy,,Interface Class3837 has field Field12314
oinone__oinone-pamirs,UNSAT,InterfacePolicy,,Interface Class3837 has field Field12315
oinone__oinone-pamirs,UNSAT,InterfacePolicy,,Interface Class3837 has field Field12316
oinone__oinone-pamirs,UNSAT,InterfacePolicy,,Interface Class3837 has field Field12317
oinone__oinone-pamirs,UNSAT,InterfacePolicy,,Interface Class3837 has field Field12318
oinone__oinone-pamirs,UNSAT,InterfacePolicy,,Interface Class3837 has field Field12319
oinone__oinone-pamirs,UNSAT,InterfacePolicy,,Interface Class3837 has field Field12320
oinone__oinone-pamirs,UNSAT,InterfacePolicy,,Interface Class3837 has field Field12321
oinone__oinone-pamirs,UNSAT,InterfacePolicy,,Interface Class3837 has field Field12322
oinone__oinone-pamirs,UNSAT,InterfacePolicy,,Interface Class3837 has field Field12323
oinone__oinone-pamirs,UNSAT,InterfacePolicy,,Interface Class3837 has field Field12324
oinone__oinone-pamirs,UNSAT,InterfacePolicy,,Interface Class3837 has field Field12325
oinone__oinone-pamirs,UNSAT,InterfacePolicy,,Interface Class3837 has field Field12326
oinone__oinone-pamirs,UNSAT,InterfacePolicy,,Interface Class3837 has field Field12327
oinone__oinone-pamirs,UNSAT,InterfacePolicy,,Interface Class3849 has field Field12372
oinone__oinone-pamirs,UNSAT,InterfacePolicy,,Interface Class3849 has field Field12373
oinone__oinone-pamirs,UNSAT,InterfacePolicy,,Interface Class3849 has field Field12374
oinone__oinone-pamirs,UNSAT,InterfacePolicy,,Interface Class3849 has field Field12375
oinone__oinone-pamirs,UNSAT,InterfacePolicy,,Interface Class3849 has field Field12376
oinone__oinone-pamirs,UNSAT,InterfacePolicy,,Interface Class3849 has field Field12377
oinone__oinone-pamirs,UNSAT,InterfacePolicy,,Interface Class3849 has field Field12378
oinone__oinone-pamirs,UNSAT,InterfacePolicy,,Interface Class3849 has field Field12379
oinone__oinone-pamirs,UNSAT,InterfacePolicy,,Interface Class3849 has field Field12380
oinone__oinone-pamirs,UNSAT,InterfacePolicy,,Interface Class3849 has field Field12381
oinone__oinone-pamirs,UNSAT,InterfacePolicy,,Interface Class3849 has field Field12382
oinone__oinone-pamirs,UNSAT,InterfacePolicy,,Interface Class3849 has field Field12383
oinone__oinone-pamirs,UNSAT,InterfacePolicy,,Interface Class3849 has field Field12384
oinone__oinone-pamirs,UNSAT,InterfacePolicy,,Interface Class3849 has field Field12385
oinone__oinone-pamirs,UNSAT,InterfacePolicy,,Interface Class3849 has field Field12386
oinone__oinone-pamirs,UNSAT,InterfacePolicy,,Interface Class3849 has field Field12387
oinone__oinone-pamirs,UNSAT,InterfacePolicy,,Interface Class3849 has field Field12388
oinone__oinone-pamirs,UNSAT,InterfacePolicy,,Interface Class3849 has field Field12389
oinone__oinone-pamirs,UNSAT,InterfacePolicy,,Interface Class3849 has field Field12390
oinone__oinone-pamirs,UNSAT,InterfacePolicy,,Interface Class3849 has field Field12391
oinone__oinone-pamirs,UNSAT,InterfacePolicy,,Interface Class3849 has field Field12392
oinone__oinone-pamirs,UNSAT,InterfacePolicy,,Interface Class3954 has field Field12639
oinone__oinone-pamirs,UNSAT,InterfacePolicy,,Interface Class3954 has field Field12640
oinone__oinone-pamirs,UNSAT,InterfacePolicy,,Interface Class3954 has field Field12641
oinone__oinone-pamirs,UNSAT,InterfacePolicy,,Interface Class3954 has field Field12642
oinone__oinone-pamirs,UNSAT,InterfacePolicy,,Interface Class3954 has field Field12643
oinone__oinone-pamirs,UNSAT,InterfacePolicy,,Interface Class3969 has field Field12662
oinone__oinone-pamirs,UNSAT,InterfacePolicy,,Interface Class3970 has field Field12663
oinone__oinone-pamirs,UNSAT,InterfacePolicy,,Interface Class3971 has field Field12664
oinone__oinone-pamirs,UNSAT,InterfacePolicy,,Interface Class3971 has field Field12665
oinone__oinone-pamirs,UNSAT,InterfacePolicy,,Interface Class4001 has field Field12740
oinone__oinone-pamirs,UNSAT,InterfacePolicy,,Interface Class4001 has field Field12741
oinone__oinone-pamirs,UNSAT,InterfacePolicy,,Interface Class4001 has field Field12742
oinone__oinone-pamirs,UNSAT,InterfacePolicy,,Interface Class4001 has field Field12743
oinone__oinone-pamirs,UNSAT,InterfacePolicy,,Interface Class4001 has field Field12744
oinone__oinone-pamirs,UNSAT,InterfacePolicy,,Interface Class4001 has field Field12745
oinone__oinone-pamirs,UNSAT,InterfacePolicy,,Interface Class4001 has field Field12746
oinone__oinone-pamirs,UNSAT,InterfacePolicy,,Interface Class4001 has field Field12747
oinone__oinone-pamirs,UNSAT,InterfacePolicy,,Interface Class4001 has field Field12748
oinone__oinone-pamirs,UNSAT,InterfacePolicy,,Interface Class4001 has field Field12749
oinone__oinone-pamirs,UNSAT,InterfacePolicy,,Interface Class4001 has field Field12750
oinone__oinone-pamirs,UNSAT,InterfacePolicy,,Interface Class4001 has field Field12751
oinone__oinone-pamirs,UNSAT,InterfacePolicy,,Interface Class4001 has field Field12752
oinone__oinone-pamirs,UNSAT,InterfacePolicy,,Interface Class4001 has field Field12753
oinone__oinone-pamirs,UNSAT,InterfacePolicy,,Interface Class4001 has field Field12754
oinone__oinone-pamirs,UNSAT,InterfacePolicy,,Interface Class4001 has field Field12755
oinone__oinone-pamirs,UNSAT,InterfacePolicy,,Interface Class4001 has field Field12756
oinone__oinone-pamirs,UNSAT,InterfacePolicy,,Interface Class4001 has field Field12757
oinone__oinone-pamirs,UNSAT,InterfacePolicy,,Interface Class4001 has field Field12758
oinone__oinone-pamirs,UNSAT,InterfacePolicy,,Interface Class4001 has field Field12759
oinone__oinone-pamirs,UNSAT,InterfacePolicy,,Interface Class4001 has field Field12760
oinone__oinone-pamirs,UNSAT,InterfacePolicy,,Interface Class4001 has field Field12761
oinone__oinone-pamirs,UNSAT,InterfacePolicy,,Interface Class4001 has field Field12762
oinone__oinone-pamirs,UNSAT,InterfacePolicy,,Interface Class4003 has field Field12763
oinone__oinone-pamirs,UNSAT,InterfacePolicy,,Interface Class4003 has field Field12764
oinone__oinone-pamirs,UNSAT,InterfacePolicy,,Interface Class4003 has field Field12765
oinone__oinone-pamirs,UNSAT,InterfacePolicy,,Interface Class4003 has field Field12766
oinone__oinone-pamirs,UNSAT,InterfacePolicy,,Interface Class4003 has field Field12767
oinone__oinone-pamirs,UNSAT,InterfacePolicy,,Interface Class4003 has field Field12768
oinone__oinone-pamirs,UNSAT,InterfacePolicy,,Interface Class4003 has field Field12769
oinone__oinone-pamirs,UNSAT,InterfacePolicy,,Interface Class4003 has field Field12770
oinone__oinone-pamirs,UNSAT,InterfacePolicy,,Interface Class4003 has field Field12771
oinone__oinone-pamirs,UNSAT,InterfacePolicy,,Interface Class4003 has field Field12772
oinone__oinone-pamirs,UNSAT,InterfacePolicy,,Interface Class4003 has field Field12773
oinone__oinone-pamirs,UNSAT,InterfacePolicy,,Interface Class4003 has field Field12774
oinone__oinone-pamirs,UNSAT,InterfacePolicy,,Interface Class4003 has field Field12775
oinone__oinone-pamirs,UNSAT,InterfacePolicy,,Interface Class4003 has field Field12776
oinone__oinone-pamirs,UNSAT,InterfacePolicy,,Interface Class4003 has field Field12777
oinone__oinone-pamirs,UNSAT,InterfacePolicy,,Interface Class4003 has field Field12778
oinone__oinone-pamirs,UNSAT,InterfacePolicy,,Interface Class4003 has field Field12779
oinone__oinone-pamirs,UNSAT,InterfacePolicy,,Interface Class4003 has field Field12780
oinone__oinone-pamirs,UNSAT,InterfacePolicy,,Interface Class4003 has field Field12781
oinone__oinone-pamirs,UNSAT,InterfacePolicy,,Interface Class4003 has field Field12782
oinone__oinone-pamirs,UNSAT,InterfacePolicy,,Interface Class4003 has field Field12783
oinone__oinone-pamirs,UNSAT,InterfacePolicy,,Interface Class4003 has field Field12784
oinone__oinone-pamirs,UNSAT,InterfacePolicy,,Interface Class4003 has field Field12785
oinone__oinone-pamirs,UNSAT,InterfacePolicy,,Interface Class4003 has field Field12786
oinone__oinone-pamirs,UNSAT,InterfacePolicy,,Interface Class4003 has field Field12787
oinone__oinone-pamirs,UNSAT,InterfacePolicy,,Interface Class4003 has field Field12788
oinone__oinone-pamirs,UNSAT,InterfacePolicy,,Interface Class4003 has field Field12789
oinone__oinone-pamirs,UNSAT,InterfacePolicy,,Interface Class4003 has field Field12790
oinone__oinone-pamirs,UNSAT,InterfacePolicy,,Interface Class4003 has field Field12791
oinone__oinone-pamirs,UNSAT,InterfacePolicy,,Interface Class4003 has field Field12792
oinone__oinone-pamirs,UNSAT,InterfacePolicy,,Interface Class4003 has field Field12793
oinone__oinone-pamirs,UNSAT,InterfacePolicy,,Interface Class4003 has field Field12794
oinone__oinone-pamirs,UNSAT,InterfacePolicy,,Interface Class4003 has field Field12795
oinone__oinone-pamirs,UNSAT,InterfacePolicy,,Interface Class4003 has field Field12796
oinone__oinone-pamirs,UNSAT,InterfacePolicy,,Interface Class4003 has field Field12797
oinone__oinone-pamirs,UNSAT,InterfacePolicy,,Interface Class4003 has field Field12798
oinone__oinone-pamirs,UNSAT,InterfacePolicy,,Interface Class4003 has field Field12799
oinone__oinone-pamirs,UNSAT,InterfacePolicy,,Interface Class4003 has field Field12800
oinone__oinone-pamirs,UNSAT,InterfacePolicy,,Interface Class4003 has field Field12801
oinone__oinone-pamirs,UNSAT,InterfacePolicy,,Interface Class4003 has field Field12802
oinone__oinone-pamirs,UNSAT,InterfacePolicy,,Interface Class4003 has field Field12803
oinone__oinone-pamirs,UNSAT,InterfacePolicy,,Interface Class4003 has field Field12804
oinone__oinone-pamirs,UNSAT,InterfacePolicy,,Interface Class4003 has field Field12805
oinone__oinone-pamirs,UNSAT,InterfacePolicy,,Interface Class4003 has field Field12806
oinone__oinone-pamirs,UNSAT,InterfacePolicy,,Interface Class4003 has field Field12807
oinone__oinone-pamirs,UNSAT,InterfacePolicy,,Interface Class4004 has field Field12808
oinone__oinone-pamirs,UNSAT,InterfacePolicy,,Interface Class4004 has field Field12809
oinone__oinone-pamirs,UNSAT,InterfacePolicy,,Interface Class4004 has field Field12810
oinone__oinone-pamirs,UNSAT,InterfacePolicy,,Interface Class4004 has field Field12811
oinone__oinone-pamirs,UNSAT,InterfacePolicy,,Interface Class4004 has field Field12812
oinone__oinone-pamirs,UNSAT,InterfacePolicy,,Interface Class4004 has field Field12813
oinone__oinone-pamirs,UNSAT,InterfacePolicy,,Interface Class4005 has field Field12814
oinone__oinone-pamirs,UNSAT,InterfacePolicy,,Interface Class4005 has field Field12815
oinone__oinone-pamirs,UNSAT,InterfacePolicy,,Interface Class4005 has field Field12816
oinone__oinone-pamirs,UNSAT,InterfacePolicy,,Interface Class4005 has field Field12817
oinone__oinone-pamirs,UNSAT,InterfacePolicy,,Interface Class4005 has field Field12818
oinone__oinone-pamirs,UNSAT,InterfacePolicy,,Interface Class4005 has field Field12819
oinone__oinone-pamirs,UNSAT,InterfacePolicy,,Interface Class4005 has field Field12820
oinone__oinone-pamirs,UNSAT,InterfacePolicy,,Interface Class4005 has field Field12821
oinone__oinone-pamirs,UNSAT,InterfacePolicy,,Interface Class4005 has field Field12822
oinone__oinone-pamirs,UNSAT,InterfacePolicy,,Interface Class4005 has field Field12823
oinone__oinone-pamirs,UNSAT,InterfacePolicy,,Interface Class4005 has field Field12824
oinone__oinone-pamirs,UNSAT,InterfacePolicy,,Interface Class4005 has field Field12825
oinone__oinone-pamirs,UNSAT,InterfacePolicy,,Interface Class4005 has field Field12826
oinone__oinone-pamirs,UNSAT,InterfacePolicy,,Interface Class4005 has field Field12827
oinone__oinone-pamirs,UNSAT,InterfacePolicy,,Interface Class4005 has field Field12828
oinone__oinone-pamirs,UNSAT,InterfacePolicy,,Interface Class4005 has field Field12829
oinone__oinone-pamirs,UNSAT,InterfacePolicy,,Interface Class4005 has field Field12830
oinone__oinone-pamirs,UNSAT,InterfacePolicy,,Interface Class4005 has field Field12831
oinone__oinone-pamirs,UNSAT,InterfacePolicy,,Interface Class4005 has field Field12832
oinone__oinone-pamirs,UNSAT,InterfacePolicy,,Interface Class4005 has field Field12833
oinone__oinone-pamirs,UNSAT,InterfacePolicy,,Interface Class4005 has field Field12834
oinone__oinone-pamirs,UNSAT,InterfacePolicy,,Interface Class4005 has field Field12835
oinone__oinone-pamirs,UNSAT,InterfacePolicy,,Interface Class4005 has field Field12836
oinone__oinone-pamirs,UNSAT,InterfacePolicy,,Interface Class4005 has field Field12837
oinone__oinone-pamirs,UNSAT,InterfacePolicy,,Interface Class4005 has field Field12838
oinone__oinone-pamirs,UNSAT,InterfacePolicy,,Interface Class4005 has field Field12839
oinone__oinone-pamirs,UNSAT,InterfacePolicy,,Interface Class4005 has field Field12840
oinone__oinone-pamirs,UNSAT,InterfacePolicy,,Interface Class4005 has field Field12841
oinone__oinone-pamirs,UNSAT,InterfacePolicy,,Interface Class4005 has field Field12842
oinone__oinone-pamirs,UNSAT,InterfacePolicy,,Interface Class4005 has field Field12843
oinone__oinone-pamirs,UNSAT,InterfacePolicy,,Interface Class4005 has field Field12844
oinone__oinone-pamirs,UNSAT,InterfacePolicy,,Interface Class4005 has field Field12845
oinone__oinone-pamirs,UNSAT,InterfacePolicy,,Interface Class4005 has field Field12846
oinone__oinone-pamirs,UNSAT,InterfacePolicy,,Interface Class4005 has field Field12847
oinone__oinone-pamirs,UNSAT,InterfacePolicy,,Interface Class4005 has field Field12848
oinone__oinone-pamirs,UNSAT,InterfacePolicy,,Interface Class4005 has field Field12849
oinone__oinone-pamirs,UNSAT,InterfacePolicy,,Interface Class4005 has field Field12850
oinone__oinone-pamirs,UNSAT,InterfacePolicy,,Interface Class4005 has field Field12851
oinone__oinone-pamirs,UNSAT,InterfacePolicy,,Interface Class4005 has field Field12852
oinone__oinone-pamirs,UNSAT,InterfacePolicy,,Interface Class4005 has field Field12853
oinone__oinone-pamirs,UNSAT,InterfacePolicy,,Interface Class4005 has field Field12854
oinone__oinone-pamirs,UNSAT,InterfacePolicy,,Interface Class4005 has field Field12855
oinone__oinone-pamirs,UNSAT,InterfacePolicy,,Interface Class4005 has field Field12856
oinone__oinone-pamirs,UNSAT,InterfacePolicy,,Interface Class4005 has field Field12857
oinone__oinone-pamirs,UNSAT,InterfacePolicy,,Interface Class4005 has field Field12858
oinone__oinone-pamirs,UNSAT,InterfacePolicy,,Interface Class4005 has field Field12859
oinone__oinone-pamirs,UNSAT,InterfacePolicy,,Interface Class4005 has field Field12860
oinone__oinone-pamirs,UNSAT,InterfacePolicy,,Interface Class4005 has field Field12861
oinone__oinone-pamirs,UNSAT,InterfacePolicy,,Interface Class4005 has field Field12862
oinone__oinone-pamirs,UNSAT,InterfacePolicy,,Interface Class4005 has field Field12863
oinone__oinone-pamirs,UNSAT,InterfacePolicy,,Interface Class4005 has field Field12864
oinone__oinone-pamirs,UNSAT,InterfacePolicy,,Interface Class4005 has field Field12865
oinone__oinone-pamirs,UNSAT,InterfacePolicy,,Interface Class4005 has field Field12866
oinone__oinone-pamirs,UNSAT,InterfacePolicy,,Interface Class4005 has field Field12867
oinone__oinone-pamirs,UNSAT,InterfacePolicy,,Interface Class4005 has field Field12868
oinone__oinone-pamirs,UNSAT,InterfacePolicy,,Interface Class4005 has field Field12869
oinone__oinone-pamirs,UNSAT,InterfacePolicy,,Interface Class4005 has field Field12870
oinone__oinone-pamirs,UNSAT,InterfacePolicy,,Interface Class4005 has field Field12871
oinone__oinone-pamirs,UNSAT,InterfacePolicy,,Interface Class4005 has field Field12872
oinone__oinone-pamirs,UNSAT,InterfacePolicy,,Interface Class4005 has field Field12873
oinone__oinone-pamirs,UNSAT,InterfacePolicy,,Interface Class4006 has field Field12874
oinone__oinone-pamirs,UNSAT,InterfacePolicy,,Interface Class4006 has field Field12875
oinone__oinone-pamirs,UNSAT,InterfacePolicy,,Interface Class4007 has field Field12876
oinone__oinone-pamirs,UNSAT,InterfacePolicy,,Interface Class4007 has field Field12877
oinone__oinone-pamirs,UNSAT,InterfacePolicy,,Interface Class4103 has field Field13605
oinone__oinone-pamirs,UNSAT,InterfacePolicy,,Interface Class4104 has field Field13606
oinone__oinone-pamirs,UNSAT,InterfacePolicy,,Interface Class4105 has field Field13607
oinone__oinone-pamirs,UNSAT,InterfacePolicy,,Interface Class4106 has field Field13608
oinone__oinone-pamirs,UNSAT,InterfacePolicy,,Interface Class4107 has field Field13609
oinone__oinone-pamirs,UNSAT,InterfacePolicy,,Interface Class4108 has field Field13610
oinone__oinone-pamirs,UNSAT,InterfacePolicy,,Interface Class4109 has field Field13611
oinone__oinone-pamirs,UNSAT,InterfacePolicy,,Interface Class4110 has field Field13612
oinone__oinone-pamirs,UNSAT,InterfacePolicy,,Interface Class4111 has field Field13613
oinone__oinone-pamirs,UNSAT,InterfacePolicy,,Interface Class4112 has field Field13614
oinone__oinone-pamirs,UNSAT,InterfacePolicy,,Interface Class4113 has field Field13615
oinone__oinone-pamirs,UNSAT,InterfacePolicy,,Interface Class4114 has field Field13616
oinone__oinone-pamirs,UNSAT,InterfacePolicy,,Interface Class4115 has field Field13617
oinone__oinone-pamirs,UNSAT,InterfacePolicy,,Interface Class4116 has field Field13618
oinone__oinone-pamirs,UNSAT,InterfacePolicy,,Interface Class4117 has field Field13619
oinone__oinone-pamirs,UNSAT,InterfacePolicy,,Interface Class4118 has field Field13620
oinone__oinone-pamirs,UNSAT,InterfacePolicy,,Interface Class4119 has field Field13621
oinone__oinone-pamirs,UNSAT,InterfacePolicy,,Interface Class4120 has field Field13622
oinone__oinone-pamirs,UNSAT,InterfacePolicy,,Interface Class4121 has field Field13623
oinone__oinone-pamirs,UNSAT,InterfacePolicy,,Interface Class4122 has field Field13624
oinone__oinone-pamirs,UNSAT,InterfacePolicy,,Interface Class4123 has field Field13625
oinone__oinone-pamirs,UNSAT,InterfacePolicy,,Interface Class4184 has field Field13730
oinone__oinone-pamirs,UNSAT,InterfacePolicy,,Interface Class4184 has field Field13731
oinone__oinone-pamirs,UNSAT,InterfacePolicy,,Interface Class4184 has field Field13732
oinone__oinone-pamirs,UNSAT,InterfacePolicy,,Interface Class4184 has field Field13733
oinone__oinone-pamirs,UNSAT,InterfacePolicy,,Interface Class4184 has field Field13734
oinone__oinone-pamirs,UNSAT,InterfacePolicy,,Interface Class4184 has field Field13735
oinone__oinone-pamirs,UNSAT,InterfacePolicy,,Interface Class4237 has field Field13914
oinone__oinone-pamirs,UNSAT,InterfacePolicy,,Interface Class4238 has field Field13915
oinone__oinone-pamirs,UNSAT,InterfacePolicy,,Interface Class4240 has field Field13918
oinone__oinone-pamirs,UNSAT,InterfacePolicy,,Interface Class4299 has field Field14054
oinone__oinone-pamirs,UNSAT,InterfacePolicy,,Interface Class4299 has field Field14055
oinone__oinone-pamirs,UNSAT,InterfacePolicy,,Interface Class4299 has field Field14056
oinone__oinone-pamirs,UNSAT,InterfacePolicy,,Interface Class4299 has field Field14057
oinone__oinone-pamirs,UNSAT,InterfacePolicy,,Interface Class4299 has field Field14058
oinone__oinone-pamirs,UNSAT,InterfacePolicy,,Interface Class4299 has field Field14059
oinone__oinone-pamirs,UNSAT,InterfacePolicy,,Interface Class4299 has field Field14060
oinone__oinone-pamirs,UNSAT,InterfacePolicy,,Interface Class4348 has field Field14175
oinone__oinone-pamirs,UNSAT,InterfacePolicy,,Interface Class4348 has field Field14176
oinone__oinone-pamirs,UNSAT,InterfacePolicy,,Interface Class4348 has field Field14177
oinone__oinone-pamirs,UNSAT,InterfacePolicy,,Interface Class4348 has field Field14178
oinone__oinone-pamirs,UNSAT,InterfacePolicy,,Interface Class4348 has field Field14179
oinone__oinone-pamirs,UNSAT,InterfacePolicy,,Interface Class4348 has field Field14180
oinone__oinone-pamirs,UNSAT,InterfacePolicy,,Interface Class4348 has field Field14181
oinone__oinone-pamirs,UNSAT,InterfacePolicy,,Interface Class4348 has field Field14182
oinone__oinone-pamirs,UNSAT,InterfacePolicy,,Interface Class4348 has field Field14183
oinone__oinone-pamirs,UNSAT,InterfacePolicy,,Interface Class4348 has field Field14184
oinone__oinone-pamirs,UNSAT,InterfacePolicy,,Interface Class4350 has field Field14188
oinone__oinone-pamirs,UNSAT,InterfacePolicy,,Interface Class4369 has field Field14278
oinone__oinone-pamirs,UNSAT,InterfacePolicy,,Interface Class4370 has field Field14279
oinone__oinone-pamirs,UNSAT,InterfacePolicy,,Interface Class4371 has field Field14280
oinone__oinone-pamirs,UNSAT,InterfacePolicy,,Interface Class4373 has field Field14281
oinone__oinone-pamirs,UNSAT,InterfacePolicy,,Interface Class4374 has field Field14282
oinone__oinone-pamirs,UNSAT,InterfacePolicy,,Interface Class4389 has field Field14291
oinone__oinone-pamirs,UNSAT,InterfacePolicy,,Interface Class4389 has field Field14292
oinone__oinone-pamirs,UNSAT,InterfacePolicy,,Interface Class4420 has field Field14418
oinone__oinone-pamirs,UNSAT,InterfacePolicy,,Interface Class4420 has field Field14419
oinone__oinone-pamirs,UNSAT,InterfacePolicy,,Interface Class4420 has field Field14420
oinone__oinone-pamirs,UNSAT,InterfacePolicy,,Interface Class4420 has field Field14421
oinone__oinone-pamirs,UNSAT,InterfacePolicy,,Interface Class4420 has field Field14422
oinone__oinone-pamirs,UNSAT,InterfacePolicy,,Interface Class4420 has field Field14423
oinone__oinone-pamirs,UNSAT,InterfacePolicy,,Interface Class4420 has field Field14424
oinone__oinone-pamirs,UNSAT,InterfacePolicy,,Interface Class4420 has field Field14425
oinone__oinone-pamirs,UNSAT,InterfacePolicy,,Interface Class4420 has field Field14426
oinone__oinone-pamirs,UNSAT,InterfacePolicy,,Interface Class4420 has field Field14427
oinone__oinone-pamirs,UNSAT,InterfacePolicy,,Interface Class4420 has field Field14428
oinone__oinone-pamirs,UNSAT,InterfacePolicy,,Interface Class4458 has field Field14738
oinone__oinone-pamirs,UNSAT,InterfacePolicy,,Interface Class4460 has field Field14739
oinone__oinone-pamirs,UNSAT,InterfacePolicy,,Interface Class4461 has field Field14740
oinone__oinone-pamirs,UNSAT,InterfacePolicy,,Interface Class4471 has field Field14741
oinone__oinone-pamirs,UNSAT,InterfacePolicy,,Interface Class4472 has field Field14742
oinone__oinone-pamirs,UNSAT,InterfacePolicy,,Interface Class4474 has field Field14743
oinone__oinone-pamirs,UNSAT,InterfacePolicy,,Interface Class4587 has field Field14908
oinone__oinone-pamirs,UNSAT,InterfacePolicy,,Interface Class4587 has field Field14909
oinone__oinone-pamirs,UNSAT,InterfacePolicy,,Interface Class4587 has field Field14910
oinone__oinone-pamirs,UNSAT,InterfacePolicy,,Interface Class4587 has field Field14911
oinone__oinone-pamirs,UNSAT,InterfacePolicy,,Interface Class4587 has field Field14912
oinone__oinone-pamirs,UNSAT,InterfacePolicy,,Interface Class4587 has field Field14913
oinone__oinone-pamirs,UNSAT,InterfacePolicy,,Interface Class4596 has field Field14932
oinone__oinone-pamirs,UNSAT,LocalMethodNamespace,,"Duplicate method name 'setExcelStyleRoundingMode' in class Class1: Method14, Method15"
OpenFeign__feign,UNSAT,IdentifierIntegrity,,"Duplicate name 'feign.jaxb.JAXBContextInstantationMode' used by: Class189, Class190"
OpenFeign__feign,UNSAT,IdentifierIntegrity,,"Duplicate name 'feign.jaxb.JAXBContextFactory' used by: Class187, Class188"
OpenFeign__feign,UNSAT,IdentifierIntegrity,,"Duplicate name 'feign.soap.SOAPErrorDecoder' used by: Class282, Class283"
OpenFeign__feign,UNSAT,IdentifierIntegrity,,"Duplicate name 'feign.jaxb.JAXBContextClassCacheKey' used by: Class185, Class186"
OpenFeign__feign,UNSAT,IdentifierIntegrity,,"Duplicate name 'feign.jaxb.JAXBCodec' used by: Class181, Class182"
OpenFeign__feign,UNSAT,IdentifierIntegrity,,"Duplicate name 'example.wikipedia.ResponseAdapter' used by: Class1, Class2"
OpenFeign__feign,UNSAT,IdentifierIntegrity,,"Duplicate name 'feign.soap.SOAPDecoder' used by: Class278, Class279"
OpenFeign__feign,UNSAT,IdentifierIntegrity,,"Duplicate name 'feign.validation.BeanValidationMethodInterceptor' used by: Class297, Class298"
OpenFeign__feign,UNSAT,IdentifierIntegrity,,"Duplicate name 'feign.soap.SOAPEncoder' used by: Class280, Class281"
OpenFeign__feign,UNSAT,IdentifierIntegrity,,"Duplicate name 'feign.jaxb.JAXBDecoder' used by: Class193, Class194"
OpenFeign__feign,UNSAT,IdentifierIntegrity,,"Duplicate name 'feign.jaxb.JAXBContextCacheKey' used by: Class183, Class184"
OpenFeign__feign,UNSAT,IdentifierIntegrity,,"Duplicate name 'feign.jaxb.JAXBContextPackageCacheKey' used by: Class191, Class192"
OpenFeign__feign,UNSAT,IdentifierIntegrity,,"Duplicate name 'feign.soap.SOAPCodec' used by: Class276, Class277"
OpenFeign__feign,UNSAT,IdentifierIntegrity,,"Duplicate name 'feign.jaxb.JAXBEncoder' used by: Class195, Class196"
OpenFeign__feign,UNSAT,InterfacePolicy,,Interface Class15 contains non-abstract method Method64
OpenFeign__feign,UNSAT,InterfacePolicy,,Interface Class15 contains non-abstract method Method65
OpenFeign__feign,UNSAT,InterfacePolicy,,Interface Class15 contains non-abstract method Method66
OpenFeign__feign,UNSAT,InterfacePolicy,,Interface Class15 contains non-abstract method Method67
OpenFeign__feign,UNSAT,InterfacePolicy,,Interface Class15 contains non-abstract method Method68
OpenFeign__feign,UNSAT,InterfacePolicy,,Interface Class15 contains non-abstract method Method69
OpenFeign__feign,UNSAT,InterfacePolicy,,Interface Class15 contains non-abstract method Method70
OpenFeign__feign,UNSAT,InterfacePolicy,,Interface Class15 contains non-abstract method Method71
OpenFeign__feign,UNSAT,InterfacePolicy,,Interface Class15 contains non-abstract method Method72
OpenFeign__feign,UNSAT,InterfacePolicy,,Interface Class15 contains non-abstract method Method73
OpenFeign__feign,UNSAT,InterfacePolicy,,Interface Class15 contains non-abstract method Method74
OpenFeign__feign,UNSAT,InterfacePolicy,,Interface Class15 contains non-abstract method Method75
OpenFeign__feign,UNSAT,InterfacePolicy,,Interface Class15 contains non-abstract method Method76
OpenFeign__feign,UNSAT,InterfacePolicy,,Interface Class15 contains non-abstract method Method77
OpenFeign__feign,UNSAT,InterfacePolicy,,Interface Class15 contains non-abstract method Method78
OpenFeign__feign,UNSAT,InterfacePolicy,,Interface Class15 contains non-abstract method Method79
OpenFeign__feign,UNSAT,InterfacePolicy,,Interface Class15 contains non-abstract method Method80
OpenFeign__feign,UNSAT,InterfacePolicy,,Interface Class15 contains non-abstract method Method81
OpenFeign__feign,UNSAT,InterfacePolicy,,Interface Class15 contains non-abstract method Method82
OpenFeign__feign,UNSAT,InterfacePolicy,,Interface Class15 contains non-abstract method Method83
OpenFeign__feign,UNSAT,InterfacePolicy,,Interface Class15 contains non-abstract method Method84
OpenFeign__feign,UNSAT,InterfacePolicy,,Interface Class15 contains non-abstract method Method85
OpenFeign__feign,UNSAT,InterfacePolicy,,Interface Class54 contains non-abstract method Method311
OpenFeign__feign,UNSAT,InterfacePolicy,,Interface Class54 contains non-abstract method Method312
OpenFeign__feign,UNSAT,InterfacePolicy,,Interface Class166 contains non-abstract method Method730
OpenFeign__feign,UNSAT,InterfacePolicy,,Interface Class166 contains non-abstract method Method731
OpenFeign__feign,UNSAT,InterfacePolicy,,Interface Class235 contains non-abstract method Method907
OpenFeign__feign,UNSAT,InterfacePolicy,,Interface Class58 has field Field148
OpenFeign__feign,UNSAT,InterfacePolicy,,Interface Class88 has field Field229
OpenFeign__feign,UNSAT,InterfacePolicy,,Interface Class105 has field Field247
OpenFeign__feign,UNSAT,InterfacePolicy,,Interface Class105 has field Field248
OpenFeign__feign,UNSAT,InterfacePolicy,,Interface Class244 has field Field487
OpenFeign__feign,UNSAT,InterfacePolicy,,Interface Class271 has field Field533
OpenFeign__feign,UNSAT,LocalMethodNamespace,,"Duplicate method name 'newInstance' in class Class10: Method21, Method22"
OpenHFT__Java-Thread-Affinity,UNSAT,InterfacePolicy,,Interface Class23 contains non-abstract method Method198
OpenHFT__Java-Thread-Affinity,UNSAT,LocalMethodNamespace,,"Duplicate method name 'setAffinity' in class Class0: Method16, Method17"
PaperMC__Velocity,UNSAT,IdentifierIntegrity,,"Duplicate name 'com.velocitypowered.api.permission.PermissionFunction' used by: Class70, Class71"
PaperMC__Velocity,UNSAT,InterfacePolicy,,Interface Class3 contains non-abstract method Method17
PaperMC__Velocity,UNSAT,InterfacePolicy,,Interface Class6 contains non-abstract method Method23
PaperMC__Velocity,UNSAT,InterfacePolicy,,Interface Class6 contains non-abstract method Method24
PaperMC__Velocity,UNSAT,InterfacePolicy,,Interface Class6 contains non-abstract method Method25
PaperMC__Velocity,UNSAT,InterfacePolicy,,Interface Class7 contains non-abstract method Method27
PaperMC__Velocity,UNSAT,InterfacePolicy,,Interface Class7 contains non-abstract method Method28
PaperMC__Velocity,UNSAT,InterfacePolicy,,Interface Class7 contains non-abstract method Method29
PaperMC__Velocity,UNSAT,InterfacePolicy,,Interface Class11 contains non-abstract method Method33
PaperMC__Velocity,UNSAT,InterfacePolicy,,Interface Class13 contains non-abstract method Method38
PaperMC__Velocity,UNSAT,InterfacePolicy,,Interface Class14 contains non-abstract method Method40
PaperMC__Velocity,UNSAT,InterfacePolicy,,Interface Class14 contains non-abstract method Method41
PaperMC__Velocity,UNSAT,InterfacePolicy,,Interface Class15 contains non-abstract method Method48
PaperMC__Velocity,UNSAT,InterfacePolicy,,Interface Class15 contains non-abstract method Method51
PaperMC__Velocity,UNSAT,InterfacePolicy,,Interface Class15 contains non-abstract method Method52
PaperMC__Velocity,UNSAT,InterfacePolicy,,Interface Class73 contains non-abstract method Method255
PaperMC__Velocity,UNSAT,InterfacePolicy,,Interface Class73 contains non-abstract method Method257
PaperMC__Velocity,UNSAT,InterfacePolicy,,Interface Class78 contains non-abstract method Method274
PaperMC__Velocity,UNSAT,InterfacePolicy,,Interface Class79 contains non-abstract method Method275
PaperMC__Velocity,UNSAT,InterfacePolicy,,Interface Class79 contains non-abstract method Method276
PaperMC__Velocity,UNSAT,InterfacePolicy,,Interface Class79 contains non-abstract method Method277
PaperMC__Velocity,UNSAT,InterfacePolicy,,Interface Class79 contains non-abstract method Method278
PaperMC__Velocity,UNSAT,InterfacePolicy,,Interface Class79 contains non-abstract method Method280
PaperMC__Velocity,UNSAT,InterfacePolicy,,Interface Class79 contains non-abstract method Method281
PaperMC__Velocity,UNSAT,InterfacePolicy,,Interface Class79 contains non-abstract method Method282
PaperMC__Velocity,UNSAT,InterfacePolicy,,Interface Class79 contains non-abstract method Method283
PaperMC__Velocity,UNSAT,InterfacePolicy,,Interface Class80 contains non-abstract method Method285
PaperMC__Velocity,UNSAT,InterfacePolicy,,Interface Class88 contains non-abstract method Method309
PaperMC__Velocity,UNSAT,InterfacePolicy,,Interface Class88 contains non-abstract method Method310
PaperMC__Velocity,UNSAT,InterfacePolicy,,Interface Class88 contains non-abstract method Method311
PaperMC__Velocity,UNSAT,InterfacePolicy,,Interface Class88 contains non-abstract method Method313
PaperMC__Velocity,UNSAT,InterfacePolicy,,Interface Class88 contains non-abstract method Method335
PaperMC__Velocity,UNSAT,InterfacePolicy,,Interface Class88 contains non-abstract method Method336
PaperMC__Velocity,UNSAT,InterfacePolicy,,Interface Class88 contains non-abstract method Method337
PaperMC__Velocity,UNSAT,InterfacePolicy,,Interface Class88 contains non-abstract method Method338
PaperMC__Velocity,UNSAT,InterfacePolicy,,Interface Class88 contains non-abstract method Method339
PaperMC__Velocity,UNSAT,InterfacePolicy,,Interface Class88 contains non-abstract method Method351
PaperMC__Velocity,UNSAT,InterfacePolicy,,Interface Class88 contains non-abstract method Method353
PaperMC__Velocity,UNSAT,InterfacePolicy,,Interface Class91 contains non-abstract method Method404
PaperMC__Velocity,UNSAT,InterfacePolicy,,Interface Class91 contains non-abstract method Method405
PaperMC__Velocity,UNSAT,InterfacePolicy,,Interface Class94 contains non-abstract method Method416
PaperMC__Velocity,UNSAT,InterfacePolicy,,Interface Class94 contains non-abstract method Method419
PaperMC__Velocity,UNSAT,InterfacePolicy,,Interface Class94 contains non-abstract method Method420
PaperMC__Velocity,UNSAT,InterfacePolicy,,Interface Class107 contains non-abstract method Method474
PaperMC__Velocity,UNSAT,InterfacePolicy,,Interface Class107 contains non-abstract method Method475
PaperMC__Velocity,UNSAT,InterfacePolicy,,Interface Class107 contains non-abstract method Method477
PaperMC__Velocity,UNSAT,InterfacePolicy,,Interface Class107 contains non-abstract method Method478
PaperMC__Velocity,UNSAT,InterfacePolicy,,Interface Class107 contains non-abstract method Method479
PaperMC__Velocity,UNSAT,InterfacePolicy,,Interface Class107 contains non-abstract method Method480
PaperMC__Velocity,UNSAT,InterfacePolicy,,Interface Class107 contains non-abstract method Method481
PaperMC__Velocity,UNSAT,InterfacePolicy,,Interface Class108 contains non-abstract method Method490
PaperMC__Velocity,UNSAT,InterfacePolicy,,Interface Class108 contains non-abstract method Method494
PaperMC__Velocity,UNSAT,InterfacePolicy,,Interface Class108 contains non-abstract method Method496
PaperMC__Velocity,UNSAT,InterfacePolicy,,Interface Class108 contains non-abstract method Method499
PaperMC__Velocity,UNSAT,InterfacePolicy,,Interface Class108 contains non-abstract method Method500
PaperMC__Velocity,UNSAT,InterfacePolicy,,Interface Class108 contains non-abstract method Method504
PaperMC__Velocity,UNSAT,InterfacePolicy,,Interface Class108 contains non-abstract method Method505
PaperMC__Velocity,UNSAT,InterfacePolicy,,Interface Class108 contains non-abstract method Method506
PaperMC__Velocity,UNSAT,InterfacePolicy,,Interface Class122 contains non-abstract method Method582
PaperMC__Velocity,UNSAT,InterfacePolicy,,Interface Class122 contains non-abstract method Method583
PaperMC__Velocity,UNSAT,InterfacePolicy,,Interface Class122 contains non-abstract method Method584
PaperMC__Velocity,UNSAT,InterfacePolicy,,Interface Class122 contains non-abstract method Method585
PaperMC__Velocity,UNSAT,InterfacePolicy,,Interface Class122 contains non-abstract method Method586
PaperMC__Velocity,UNSAT,InterfacePolicy,,Interface Class174 contains non-abstract method Method771
PaperMC__Velocity,UNSAT,InterfacePolicy,,Interface Class174 contains non-abstract method Method772
PaperMC__Velocity,UNSAT,InterfacePolicy,,Interface Class186 contains non-abstract method Method841
PaperMC__Velocity,UNSAT,InterfacePolicy,,Interface Class197 contains non-abstract method Method897
PaperMC__Velocity,UNSAT,InterfacePolicy,,Interface Class197 contains non-abstract method Method898
PaperMC__Velocity,UNSAT,InterfacePolicy,,Interface Class197 contains non-abstract method Method899
PaperMC__Velocity,UNSAT,InterfacePolicy,,Interface Class197 contains non-abstract method Method900
PaperMC__Velocity,UNSAT,InterfacePolicy,,Interface Class197 contains non-abstract method Method901
PaperMC__Velocity,UNSAT,InterfacePolicy,,Interface Class197 contains non-abstract method Method902
PaperMC__Velocity,UNSAT,InterfacePolicy,,Interface Class197 contains non-abstract method Method903
PaperMC__Velocity,UNSAT,InterfacePolicy,,Interface Class197 contains non-abstract method Method904
PaperMC__Velocity,UNSAT,InterfacePolicy,,Interface Class197 contains non-abstract method Method905
PaperMC__Velocity,UNSAT,InterfacePolicy,,Interface Class197 contains non-abstract method Method906
PaperMC__Velocity,UNSAT,InterfacePolicy,,Interface Class197 contains non-abstract method Method907
PaperMC__Velocity,UNSAT,InterfacePolicy,,Interface Class197 contains non-abstract method Method908
PaperMC__Velocity,UNSAT,InterfacePolicy,,Interface Class197 contains non-abstract method Method909
PaperMC__Velocity,UNSAT,InterfacePolicy,,Interface Class197 contains non-abstract method Method910
PaperMC__Velocity,UNSAT,InterfacePolicy,,Interface Class197 contains non-abstract method Method911
PaperMC__Velocity,UNSAT,InterfacePolicy,,Interface Class197 contains non-abstract method Method912
PaperMC__Velocity,UNSAT,InterfacePolicy,,Interface Class197 contains non-abstract method Method913
PaperMC__Velocity,UNSAT,InterfacePolicy,,Interface Class197 contains non-abstract method Method914
PaperMC__Velocity,UNSAT,InterfacePolicy,,Interface Class197 contains non-abstract method Method915
PaperMC__Velocity,UNSAT,InterfacePolicy,,Interface Class197 contains non-abstract method Method916
PaperMC__Velocity,UNSAT,InterfacePolicy,,Interface Class197 contains non-abstract method Method917
PaperMC__Velocity,UNSAT,InterfacePolicy,,Interface Class197 contains non-abstract method Method918
PaperMC__Velocity,UNSAT,InterfacePolicy,,Interface Class197 contains non-abstract method Method919
PaperMC__Velocity,UNSAT,InterfacePolicy,,Interface Class197 contains non-abstract method Method920
PaperMC__Velocity,UNSAT,InterfacePolicy,,Interface Class197 contains non-abstract method Method921
PaperMC__Velocity,UNSAT,InterfacePolicy,,Interface Class197 contains non-abstract method Method922
PaperMC__Velocity,UNSAT,InterfacePolicy,,Interface Class197 contains non-abstract method Method923
PaperMC__Velocity,UNSAT,InterfacePolicy,,Interface Class197 contains non-abstract method Method924
PaperMC__Velocity,UNSAT,InterfacePolicy,,Interface Class197 contains non-abstract method Method925
PaperMC__Velocity,UNSAT,InterfacePolicy,,Interface Class197 contains non-abstract method Method926
PaperMC__Velocity,UNSAT,InterfacePolicy,,Interface Class197 contains non-abstract method Method927
PaperMC__Velocity,UNSAT,InterfacePolicy,,Interface Class197 contains non-abstract method Method928
PaperMC__Velocity,UNSAT,InterfacePolicy,,Interface Class197 contains non-abstract method Method929
PaperMC__Velocity,UNSAT,InterfacePolicy,,Interface Class197 contains non-abstract method Method930
PaperMC__Velocity,UNSAT,InterfacePolicy,,Interface Class197 contains non-abstract method Method931
PaperMC__Velocity,UNSAT,InterfacePolicy,,Interface Class197 contains non-abstract method Method932
PaperMC__Velocity,UNSAT,InterfacePolicy,,Interface Class197 contains non-abstract method Method933
PaperMC__Velocity,UNSAT,InterfacePolicy,,Interface Class197 contains non-abstract method Method934
PaperMC__Velocity,UNSAT,InterfacePolicy,,Interface Class197 contains non-abstract method Method935
PaperMC__Velocity,UNSAT,InterfacePolicy,,Interface Class197 contains non-abstract method Method936
PaperMC__Velocity,UNSAT,InterfacePolicy,,Interface Class197 contains non-abstract method Method937
PaperMC__Velocity,UNSAT,InterfacePolicy,,Interface Class197 contains non-abstract method Method938
PaperMC__Velocity,UNSAT,InterfacePolicy,,Interface Class197 contains non-abstract method Method939
PaperMC__Velocity,UNSAT,InterfacePolicy,,Interface Class197 contains non-abstract method Method940
PaperMC__Velocity,UNSAT,InterfacePolicy,,Interface Class197 contains non-abstract method Method941
PaperMC__Velocity,UNSAT,InterfacePolicy,,Interface Class197 contains non-abstract method Method942
PaperMC__Velocity,UNSAT,InterfacePolicy,,Interface Class197 contains non-abstract method Method943
PaperMC__Velocity,UNSAT,InterfacePolicy,,Interface Class197 contains non-abstract method Method944
PaperMC__Velocity,UNSAT,InterfacePolicy,,Interface Class197 contains non-abstract method Method945
PaperMC__Velocity,UNSAT,InterfacePolicy,,Interface Class197 contains non-abstract method Method946
PaperMC__Velocity,UNSAT,InterfacePolicy,,Interface Class197 contains non-abstract method Method947
PaperMC__Velocity,UNSAT,InterfacePolicy,,Interface Class197 contains non-abstract method Method948
PaperMC__Velocity,UNSAT,InterfacePolicy,,Interface Class197 contains non-abstract method Method949
PaperMC__Velocity,UNSAT,InterfacePolicy,,Interface Class197 contains non-abstract method Method950
PaperMC__Velocity,UNSAT,InterfacePolicy,,Interface Class197 contains non-abstract method Method951
PaperMC__Velocity,UNSAT,InterfacePolicy,,Interface Class197 contains non-abstract method Method952
PaperMC__Velocity,UNSAT,InterfacePolicy,,Interface Class197 contains non-abstract method Method953
PaperMC__Velocity,UNSAT,InterfacePolicy,,Interface Class197 contains non-abstract method Method954
PaperMC__Velocity,UNSAT,InterfacePolicy,,Interface Class197 contains non-abstract method Method955
PaperMC__Velocity,UNSAT,InterfacePolicy,,Interface Class197 contains non-abstract method Method956
PaperMC__Velocity,UNSAT,InterfacePolicy,,Interface Class197 contains non-abstract method Method957
PaperMC__Velocity,UNSAT,InterfacePolicy,,Interface Class197 contains non-abstract method Method958
PaperMC__Velocity,UNSAT,InterfacePolicy,,Interface Class197 contains non-abstract method Method959
PaperMC__Velocity,UNSAT,InterfacePolicy,,Interface Class197 contains non-abstract method Method960
PaperMC__Velocity,UNSAT,InterfacePolicy,,Interface Class197 contains non-abstract method Method961
PaperMC__Velocity,UNSAT,InterfacePolicy,,Interface Class197 contains non-abstract method Method962
PaperMC__Velocity,UNSAT,InterfacePolicy,,Interface Class197 contains non-abstract method Method963
PaperMC__Velocity,UNSAT,InterfacePolicy,,Interface Class197 contains non-abstract method Method964
PaperMC__Velocity,UNSAT,InterfacePolicy,,Interface Class197 contains non-abstract method Method965
PaperMC__Velocity,UNSAT,InterfacePolicy,,Interface Class197 contains non-abstract method Method966
PaperMC__Velocity,UNSAT,InterfacePolicy,,Interface Class197 contains non-abstract method Method967
PaperMC__Velocity,UNSAT,InterfacePolicy,,Interface Class197 contains non-abstract method Method968
PaperMC__Velocity,UNSAT,InterfacePolicy,,Interface Class197 contains non-abstract method Method969
PaperMC__Velocity,UNSAT,InterfacePolicy,,Interface Class197 contains non-abstract method Method970
PaperMC__Velocity,UNSAT,InterfacePolicy,,Interface Class197 contains non-abstract method Method971
PaperMC__Velocity,UNSAT,InterfacePolicy,,Interface Class197 contains non-abstract method Method972
PaperMC__Velocity,UNSAT,InterfacePolicy,,Interface Class197 contains non-abstract method Method973
PaperMC__Velocity,UNSAT,InterfacePolicy,,Interface Class200 contains non-abstract method Method979
PaperMC__Velocity,UNSAT,InterfacePolicy,,Interface Class200 contains non-abstract method Method980
PaperMC__Velocity,UNSAT,InterfacePolicy,,Interface Class200 contains non-abstract method Method981
PaperMC__Velocity,UNSAT,InterfacePolicy,,Interface Class210 contains non-abstract method Method1121
PaperMC__Velocity,UNSAT,InterfacePolicy,,Interface Class210 contains non-abstract method Method1122
PaperMC__Velocity,UNSAT,InterfacePolicy,,Interface Class210 contains non-abstract method Method1123
PaperMC__Velocity,UNSAT,InterfacePolicy,,Interface Class210 contains non-abstract method Method1124
PaperMC__Velocity,UNSAT,InterfacePolicy,,Interface Class273 contains non-abstract method Method1566
PaperMC__Velocity,UNSAT,InterfacePolicy,,Interface Class273 contains non-abstract method Method1567
PaperMC__Velocity,UNSAT,InterfacePolicy,,Interface Class273 contains non-abstract method Method1569
PaperMC__Velocity,UNSAT,InterfacePolicy,,Interface Class354 contains non-abstract method Method2158
PaperMC__Velocity,UNSAT,InterfacePolicy,,Interface Class358 contains non-abstract method Method2169
PaperMC__Velocity,UNSAT,InterfacePolicy,,Interface Class358 contains non-abstract method Method2172
PaperMC__Velocity,UNSAT,InterfacePolicy,,Interface Class358 contains non-abstract method Method2173
PaperMC__Velocity,UNSAT,InterfacePolicy,,Interface Class413 contains non-abstract method Method2476
PaperMC__Velocity,UNSAT,InterfacePolicy,,Interface Class413 contains non-abstract method Method2477
PaperMC__Velocity,UNSAT,InterfacePolicy,,Interface Class413 contains non-abstract method Method2478
PaperMC__Velocity,UNSAT,InterfacePolicy,,Interface Class71 has field Field206
PaperMC__Velocity,UNSAT,InterfacePolicy,,Interface Class71 has field Field207
PaperMC__Velocity,UNSAT,InterfacePolicy,,Interface Class71 has field Field208
PaperMC__Velocity,UNSAT,InterfacePolicy,,Interface Class79 has field Field213
PaperMC__Velocity,UNSAT,InterfacePolicy,,Interface Class358 has field Field1046
PaperMC__Velocity,UNSAT,LocalMethodNamespace,,"Duplicate method name 'unregister' in class Class3: Method18, Method19"
parse-community__Parse-SDK-Android,UNSAT,LocalMethodNamespace,,"Duplicate method name 'lazyLogIn' in class Class4: Method20, Method21"
pascal-lab__Tai-e,UNSAT,InterfacePolicy,,Interface Class34 contains non-abstract method Method168
pascal-lab__Tai-e,UNSAT,InterfacePolicy,,Interface Class34 contains non-abstract method Method169
pascal-lab__Tai-e,UNSAT,InterfacePolicy,,Interface Class41 contains non-abstract method Method232
pascal-lab__Tai-e,UNSAT,InterfacePolicy,,Interface Class57 contains non-abstract method Method298
pascal-lab__Tai-e,UNSAT,InterfacePolicy,,Interface Class76 contains non-abstract method Method396
pascal-lab__Tai-e,UNSAT,InterfacePolicy,,Interface Class99 contains non-abstract method Method492
pascal-lab__Tai-e,UNSAT,InterfacePolicy,,Interface Class138 contains non-abstract method Method716
pascal-lab__Tai-e,UNSAT,InterfacePolicy,,Interface Class138 contains non-abstract method Method717
pascal-lab__Tai-e,UNSAT,InterfacePolicy,,Interface Class138 contains non-abstract method Method718
pascal-lab__Tai-e,UNSAT,InterfacePolicy,,Interface Class155 contains non-abstract method Method831
pascal-lab__Tai-e,UNSAT,InterfacePolicy,,Interface Class155 contains non-abstract method Method832
pascal-lab__Tai-e,UNSAT,InterfacePolicy,,Interface Class155 contains non-abstract method Method833
pascal-lab__Tai-e,UNSAT,InterfacePolicy,,Interface Class155 contains non-abstract method Method834
pascal-lab__Tai-e,UNSAT,InterfacePolicy,,Interface Class155 contains non-abstract method Method836
pascal-lab__Tai-e,UNSAT,InterfacePolicy,,Interface Class155 contains non-abstract method Method840
pascal-lab__Tai-e,UNSAT,InterfacePolicy,,Interface Class155 contains non-abstract method Method845
pascal-lab__Tai-e,UNSAT,InterfacePolicy,,Interface Class167 contains non-abstract method Method902
pascal-lab__Tai-e,UNSAT,InterfacePolicy,,Interface Class167 contains non-abstract method Method903
pascal-lab__Tai-e,UNSAT,InterfacePolicy,,Interface Class167 contains non-abstract method Method904
pascal-lab__Tai-e,UNSAT,InterfacePolicy,,Interface Class167 contains non-abstract method Method905
pascal-lab__Tai-e,UNSAT,InterfacePolicy,,Interface Class167 contains non-abstract method Method906
pascal-lab__Tai-e,UNSAT,InterfacePolicy,,Interface Class167 contains non-abstract method Method907
pascal-lab__Tai-e,UNSAT,InterfacePolicy,,Interface Class167 contains non-abstract method Method908
pascal-lab__Tai-e,UNSAT,InterfacePolicy,,Interface Class167 contains non-abstract method Method909
pascal-lab__Tai-e,UNSAT,InterfacePolicy,,Interface Class167 contains non-abstract method Method910
pascal-lab__Tai-e,UNSAT,InterfacePolicy,,Interface Class167 contains non-abstract method Method911
pascal-lab__Tai-e,UNSAT,InterfacePolicy,,Interface Class290 contains non-abstract method Method1481
pascal-lab__Tai-e,UNSAT,InterfacePolicy,,Interface Class318 contains non-abstract method Method1630
pascal-lab__Tai-e,UNSAT,InterfacePolicy,,Interface Class378 contains non-abstract method Method2002
pascal-lab__Tai-e,UNSAT,InterfacePolicy,,Interface Class378 contains non-abstract method Method2003
pascal-lab__Tai-e,UNSAT,InterfacePolicy,,Interface Class378 contains non-abstract method Method2004
pascal-lab__Tai-e,UNSAT,InterfacePolicy,,Interface Class378 contains non-abstract method Method2005
pascal-lab__Tai-e,UNSAT,InterfacePolicy,,Interface Class477 contains non-abstract method Method2787
pascal-lab__Tai-e,UNSAT,InterfacePolicy,,Interface Class477 contains non-abstract method Method2790
pascal-lab__Tai-e,UNSAT,InterfacePolicy,,Interface Class477 contains non-abstract method Method2791
pascal-lab__Tai-e,UNSAT,InterfacePolicy,,Interface Class492 contains non-abstract method Method2865
pascal-lab__Tai-e,UNSAT,InterfacePolicy,,Interface Class493 contains non-abstract method Method2866
pascal-lab__Tai-e,UNSAT,InterfacePolicy,,Interface Class493 contains non-abstract method Method2867
pascal-lab__Tai-e,UNSAT,InterfacePolicy,,Interface Class493 contains non-abstract method Method2868
pascal-lab__Tai-e,UNSAT,InterfacePolicy,,Interface Class493 contains non-abstract method Method2869
pascal-lab__Tai-e,UNSAT,InterfacePolicy,,Interface Class493 contains non-abstract method Method2870
pascal-lab__Tai-e,UNSAT,InterfacePolicy,,Interface Class493 contains non-abstract method Method2871
pascal-lab__Tai-e,UNSAT,InterfacePolicy,,Interface Class493 contains non-abstract method Method2872
pascal-lab__Tai-e,UNSAT,InterfacePolicy,,Interface Class493 contains non-abstract method Method2873
pascal-lab__Tai-e,UNSAT,InterfacePolicy,,Interface Class493 contains non-abstract method Method2874
pascal-lab__Tai-e,UNSAT,InterfacePolicy,,Interface Class493 contains non-abstract method Method2875
pascal-lab__Tai-e,UNSAT,InterfacePolicy,,Interface Class493 contains non-abstract method Method2876
pascal-lab__Tai-e,UNSAT,InterfacePolicy,,Interface Class493 contains non-abstract method Method2877
pascal-lab__Tai-e,UNSAT,InterfacePolicy,,Interface Class493 contains non-abstract method Method2878
pascal-lab__Tai-e,UNSAT,InterfacePolicy,,Interface Class493 contains non-abstract method Method2879
pascal-lab__Tai-e,UNSAT,InterfacePolicy,,Interface Class493 contains non-abstract method Method2880
pascal-lab__Tai-e,UNSAT,InterfacePolicy,,Interface Class493 contains non-abstract method Method2881
pascal-lab__Tai-e,UNSAT,InterfacePolicy,,Interface Class493 contains non-abstract method Method2882
pascal-lab__Tai-e,UNSAT,InterfacePolicy,,Interface Class493 contains non-abstract method Method2883
pascal-lab__Tai-e,UNSAT,InterfacePolicy,,Interface Class493 contains non-abstract method Method2884
pascal-lab__Tai-e,UNSAT,InterfacePolicy,,Interface Class493 contains non-abstract method Method2885
pascal-lab__Tai-e,UNSAT,InterfacePolicy,,Interface Class493 contains non-abstract method Method2886
pascal-lab__Tai-e,UNSAT,InterfacePolicy,,Interface Class493 contains non-abstract method Method2887
pascal-lab__Tai-e,UNSAT,InterfacePolicy,,Interface Class493 contains non-abstract method Method2888
pascal-lab__Tai-e,UNSAT,InterfacePolicy,,Interface Class493 contains non-abstract method Method2889
pascal-lab__Tai-e,UNSAT,InterfacePolicy,,Interface Class493 contains non-abstract method Method2890
pascal-lab__Tai-e,UNSAT,InterfacePolicy,,Interface Class493 contains non-abstract method Method2891
pascal-lab__Tai-e,UNSAT,InterfacePolicy,,Interface Class493 contains non-abstract method Method2892
pascal-lab__Tai-e,UNSAT,InterfacePolicy,,Interface Class493 contains non-abstract method Method2893
pascal-lab__Tai-e,UNSAT,InterfacePolicy,,Interface Class493 contains non-abstract method Method2894
pascal-lab__Tai-e,UNSAT,InterfacePolicy,,Interface Class493 contains non-abstract method Method2895
pascal-lab__Tai-e,UNSAT,InterfacePolicy,,Interface Class493 contains non-abstract method Method2896
pascal-lab__Tai-e,UNSAT,InterfacePolicy,,Interface Class493 contains non-abstract method Method2897
pascal-lab__Tai-e,UNSAT,InterfacePolicy,,Interface Class527 contains non-abstract method Method3035
pascal-lab__Tai-e,UNSAT,InterfacePolicy,,Interface Class561 contains non-abstract method Method3184
pascal-lab__Tai-e,UNSAT,InterfacePolicy,,Interface Class561 contains non-abstract method Method3185
pascal-lab__Tai-e,UNSAT,InterfacePolicy,,Interface Class561 contains non-abstract method Method3186
pascal-lab__Tai-e,UNSAT,InterfacePolicy,,Interface Class561 contains non-abstract method Method3187
pascal-lab__Tai-e,UNSAT,InterfacePolicy,,Interface Class561 contains non-abstract method Method3188
pascal-lab__Tai-e,UNSAT,InterfacePolicy,,Interface Class561 contains non-abstract method Method3189
pascal-lab__Tai-e,UNSAT,InterfacePolicy,,Interface Class561 contains non-abstract method Method3190
pascal-lab__Tai-e,UNSAT,InterfacePolicy,,Interface Class561 contains non-abstract method Method3191
pascal-lab__Tai-e,UNSAT,InterfacePolicy,,Interface Class561 contains non-abstract method Method3192
pascal-lab__Tai-e,UNSAT,InterfacePolicy,,Interface Class561 contains non-abstract method Method3193
pascal-lab__Tai-e,UNSAT,InterfacePolicy,,Interface Class561 contains non-abstract method Method3194
pascal-lab__Tai-e,UNSAT,InterfacePolicy,,Interface Class561 contains non-abstract method Method3195
pascal-lab__Tai-e,UNSAT,InterfacePolicy,,Interface Class561 contains non-abstract method Method3196
pascal-lab__Tai-e,UNSAT,InterfacePolicy,,Interface Class561 contains non-abstract method Method3197
pascal-lab__Tai-e,UNSAT,InterfacePolicy,,Interface Class561 contains non-abstract method Method3198
pascal-lab__Tai-e,UNSAT,InterfacePolicy,,Interface Class561 contains non-abstract method Method3199
pascal-lab__Tai-e,UNSAT,InterfacePolicy,,Interface Class561 contains non-abstract method Method3200
pascal-lab__Tai-e,UNSAT,InterfacePolicy,,Interface Class561 contains non-abstract method Method3201
pascal-lab__Tai-e,UNSAT,InterfacePolicy,,Interface Class561 contains non-abstract method Method3202
pascal-lab__Tai-e,UNSAT,InterfacePolicy,,Interface Class561 contains non-abstract method Method3203
pascal-lab__Tai-e,UNSAT,InterfacePolicy,,Interface Class561 contains non-abstract method Method3204
pascal-lab__Tai-e,UNSAT,InterfacePolicy,,Interface Class561 contains non-abstract method Method3205
pascal-lab__Tai-e,UNSAT,InterfacePolicy,,Interface Class561 contains non-abstract method Method3206
pascal-lab__Tai-e,UNSAT,InterfacePolicy,,Interface Class611 contains non-abstract method Method3522
pascal-lab__Tai-e,UNSAT,InterfacePolicy,,Interface Class636 contains non-abstract method Method3619
pascal-lab__Tai-e,UNSAT,InterfacePolicy,,Interface Class640 contains non-abstract method Method3624
pascal-lab__Tai-e,UNSAT,InterfacePolicy,,Interface Class640 contains non-abstract method Method3635
pascal-lab__Tai-e,UNSAT,InterfacePolicy,,Interface Class679 contains non-abstract method Method3881
pascal-lab__Tai-e,UNSAT,InterfacePolicy,,Interface Class679 contains non-abstract method Method3882
pascal-lab__Tai-e,UNSAT,InterfacePolicy,,Interface Class679 contains non-abstract method Method3884
pascal-lab__Tai-e,UNSAT,InterfacePolicy,,Interface Class679 contains non-abstract method Method3887
pascal-lab__Tai-e,UNSAT,InterfacePolicy,,Interface Class692 contains non-abstract method Method4008
pascal-lab__Tai-e,UNSAT,InterfacePolicy,,Interface Class704 contains non-abstract method Method4135
pascal-lab__Tai-e,UNSAT,InterfacePolicy,,Interface Class704 contains non-abstract method Method4140
pascal-lab__Tai-e,UNSAT,InterfacePolicy,,Interface Class704 contains non-abstract method Method4143
pascal-lab__Tai-e,UNSAT,InterfacePolicy,,Interface Class704 contains non-abstract method Method4144
pascal-lab__Tai-e,UNSAT,InterfacePolicy,,Interface Class705 contains non-abstract method Method4162
pascal-lab__Tai-e,UNSAT,InterfacePolicy,,Interface Class717 contains non-abstract method Method4262
pascal-lab__Tai-e,UNSAT,InterfacePolicy,,Interface Class717 contains non-abstract method Method4263
pascal-lab__Tai-e,UNSAT,InterfacePolicy,,Interface Class717 contains non-abstract method Method4265
pascal-lab__Tai-e,UNSAT,InterfacePolicy,,Interface Class717 contains non-abstract method Method4266
pascal-lab__Tai-e,UNSAT,InterfacePolicy,,Interface Class717 contains non-abstract method Method4267
pascal-lab__Tai-e,UNSAT,InterfacePolicy,,Interface Class717 contains non-abstract method Method4270
pascal-lab__Tai-e,UNSAT,InterfacePolicy,,Interface Class717 contains non-abstract method Method4271
pascal-lab__Tai-e,UNSAT,InterfacePolicy,,Interface Class717 contains non-abstract method Method4272
pascal-lab__Tai-e,UNSAT,InterfacePolicy,,Interface Class717 contains non-abstract method Method4273
pascal-lab__Tai-e,UNSAT,InterfacePolicy,,Interface Class717 contains non-abstract method Method4274
pascal-lab__Tai-e,UNSAT,InterfacePolicy,,Interface Class41 has field Field83
pascal-lab__Tai-e,UNSAT,InterfacePolicy,,Interface Class137 has field Field306
pascal-lab__Tai-e,UNSAT,InterfacePolicy,,Interface Class167 has field Field392
pascal-lab__Tai-e,UNSAT,InterfacePolicy,,Interface Class290 has field Field867
pascal-lab__Tai-e,UNSAT,LocalMethodNamespace,,"Duplicate method name 'buildWorld' in class Class1: Method5, Method6"
pen4uin__java-memshell-generator,UNSAT,InterfacePolicy,,Interface Class30 has field Field143
pen4uin__java-memshell-generator,UNSAT,LocalMethodNamespace,,"Duplicate method name 'invokeMethod' in class Class33: Method192, Method193"
pf4j__pf4j,UNSAT,IdentifierIntegrity,,"Duplicate name 'org.pf4j.demo.welcome.WelcomePlugin' used by: Class80, Class81"
pf4j__pf4j,UNSAT,IdentifierIntegrity,,"Duplicate name 'org.pf4j.demo.hello.HelloPlugin' used by: Class78, Class79"
pf4j__pf4j,UNSAT,IdentifierIntegrity,,"Duplicate name 'org.pf4j.demo.Boot' used by: Class63, Class64"
pf4j__pf4j,UNSAT,IdentifierIntegrity,,"Duplicate name 'org.pf4j.demo.api.Greeting' used by: Class75, Class76"
pf4j__pf4j,UNSAT,IdentifierIntegrity,,"Duplicate name 'org.pf4j.demo.WhazzupGreeting' used by: Class72, Class73"
pf4j__pf4j,UNSAT,IdentifierIntegrity,,"Duplicate name 'org.pf4j.demo.DemoPluginLoader' used by: Class68, Class69"
pf4j__pf4j,UNSAT,IdentifierIntegrity,,"Duplicate name 'org.pf4j.demo.DemoPluginClassLoader' used by: Class65, Class66"
pf4j__pf4j,UNSAT,InterfacePolicy,,Interface Class45 contains non-abstract method Method283
pf4j__pf4j,UNSAT,InterfacePolicy,,Interface Class45 contains non-abstract method Method284
pf4j__pf4j,UNSAT,LocalMethodNamespace,,"Duplicate method name 'find' in class Class0: Method3, Method4, Method5"
PlayEdu__PlayEdu,UNSAT,LocalMethodNamespace,,"Duplicate method name 'serviceExceptionHandler' in class Class4: Method10, Method11, Method12, Method13, Method14, Method15, Method16, Method17, Method18, Method19"
PowerJob__PowerJob,UNSAT,InterfacePolicy,,Interface Class215 contains non-abstract method Method446
PowerJob__PowerJob,UNSAT,InterfacePolicy,,Interface Class329 contains non-abstract method Method844
PowerJob__PowerJob,UNSAT,InterfacePolicy,,Interface Class332 contains non-abstract method Method847
PowerJob__PowerJob,UNSAT,InterfacePolicy,,Interface Class538 contains non-abstract method Method1433
PowerJob__PowerJob,UNSAT,InterfacePolicy,,Interface Class538 contains non-abstract method Method1434
PowerJob__PowerJob,UNSAT,InterfacePolicy,,Interface Class538 contains non-abstract method Method1435
PowerJob__PowerJob,UNSAT,InterfacePolicy,,Interface Class539 contains non-abstract method Method1436
PowerJob__PowerJob,UNSAT,InterfacePolicy,,Interface Class539 contains non-abstract method Method1437
PowerJob__PowerJob,UNSAT,InterfacePolicy,,Interface Class338 has field Field1150
PowerJob__PowerJob,UNSAT,InterfacePolicy,,Interface Class338 has field Field1151
PowerJob__PowerJob,UNSAT,InterfacePolicy,,Interface Class338 has field Field1152
PowerJob__PowerJob,UNSAT,InterfacePolicy,,Interface Class338 has field Field1153
PowerJob__PowerJob,UNSAT,InterfacePolicy,,Interface Class539 has field Field1991
PowerJob__PowerJob,UNSAT,InterfacePolicy,,Interface Class539 has field Field1992
PowerJob__PowerJob,UNSAT,LocalMethodNamespace,,"Duplicate method name 'runJob' in class Class2: Method23, Method24"
powermock__powermock,UNSAT,IdentifierIntegrity,,"Duplicate name 'org.powermock.modules.junit4.rule.PowerMockStatement' used by: Class256, Class257"
powermock__powermock,UNSAT,IdentifierIntegrity,,"Duplicate name 'samples.powermockito.junit4.bugs.github510.ClassUsesInterface' used by: Class410, Class411, Class412"
powermock__powermock,UNSAT,IdentifierIntegrity,,"Duplicate name 'org.powermock.modules.junit4.rule.PowerMockRule' used by: Class253, Class254"
powermock__powermock,UNSAT,IdentifierIntegrity,,"Duplicate name 'org.powermock.api.extension.listener.AnnotationEnabler' used by: Class31, Class32"
powermock__powermock,UNSAT,IdentifierIntegrity,,"Duplicate name 'org.powermock.classloading.DeepCloner' used by: Class104, Class105"
powermock__powermock,UNSAT,IdentifierIntegrity,,"Duplicate name 'samples.powermockito.junit4.bugs.github510.InterfaceWithStatic' used by: Class414, Class415, Class416"
powermock__powermock,UNSAT,IdentifierIntegrity,,"Duplicate name 'org.powermock.modules.testng.PowerMockObjectFactory' used by: Class258, Class259"
powermock__powermock,UNSAT,IdentifierIntegrity,,"Duplicate name 'org.powermock.api.extension.agent.JavaAgentFrameworkRegisterImpl' used by: Class29, Class30"
powermock__powermock,UNSAT,InterfacePolicy,,Interface Class414 contains non-abstract method Method1710
powermock__powermock,UNSAT,InterfacePolicy,,Interface Class415 contains non-abstract method Method1711
powermock__powermock,UNSAT,InterfacePolicy,,Interface Class416 contains non-abstract method Method1712
powermock__powermock,UNSAT,InterfacePolicy,,Interface Class416 contains non-abstract method Method1713
powermock__powermock,UNSAT,InterfacePolicy,,Interface Class428 contains non-abstract method Method1717
powermock__powermock,UNSAT,InterfacePolicy,,Interface Class372 has field Field462
powermock__powermock,UNSAT,InterfacePolicy,,Interface Class458 has field Field485
powermock__powermock,UNSAT,InterfacePolicy,,Interface Class459 has field Field486
powermock__powermock,UNSAT,InterfacePolicy,,Interface Class460 has field Field487
powermock__powermock,UNSAT,LocalMethodNamespace,,"Duplicate method name 'loadAgentLibrary' in class Class3: Method12, Method13"
prometheus__client_java,UNSAT,IdentifierIntegrity,,"Duplicate name 'io.prometheus.client.vertx.MetricsHandler' used by: Class31, Class32"
prometheus__client_java,UNSAT,IdentifierIntegrity,,"Duplicate name 'io.prometheus.metrics.it.exporter.httpserver.HTTPServerSample' used by: Class176, Class177"
prometheus__client_java,UNSAT,InterfacePolicy,,Interface Class54 contains non-abstract method Method237
prometheus__client_java,UNSAT,InterfacePolicy,,Interface Class54 contains non-abstract method Method239
prometheus__client_java,UNSAT,InterfacePolicy,,Interface Class54 contains non-abstract method Method241
prometheus__client_java,UNSAT,InterfacePolicy,,Interface Class54 contains non-abstract method Method242
prometheus__client_java,UNSAT,InterfacePolicy,,Interface Class56 contains non-abstract method Method247
prometheus__client_java,UNSAT,InterfacePolicy,,Interface Class57 contains non-abstract method Method248
prometheus__client_java,UNSAT,InterfacePolicy,,Interface Class57 contains non-abstract method Method249
prometheus__client_java,UNSAT,InterfacePolicy,,Interface Class57 contains non-abstract method Method250
prometheus__client_java,UNSAT,InterfacePolicy,,Interface Class57 contains non-abstract method Method251
prometheus__client_java,UNSAT,InterfacePolicy,,Interface Class57 contains non-abstract method Method253
prometheus__client_java,UNSAT,InterfacePolicy,,Interface Class57 contains non-abstract method Method256
prometheus__client_java,UNSAT,InterfacePolicy,,Interface Class57 contains non-abstract method Method259
prometheus__client_java,UNSAT,InterfacePolicy,,Interface Class58 contains non-abstract method Method260
prometheus__client_java,UNSAT,InterfacePolicy,,Interface Class58 contains non-abstract method Method262
prometheus__client_java,UNSAT,InterfacePolicy,,Interface Class60 contains non-abstract method Method267
prometheus__client_java,UNSAT,InterfacePolicy,,Interface Class60 contains non-abstract method Method268
prometheus__client_java,UNSAT,InterfacePolicy,,Interface Class60 contains non-abstract method Method269
prometheus__client_java,UNSAT,InterfacePolicy,,Interface Class98 contains non-abstract method Method433
prometheus__client_java,UNSAT,InterfacePolicy,,Interface Class98 contains non-abstract method Method436
prometheus__client_java,UNSAT,InterfacePolicy,,Interface Class98 contains non-abstract method Method437
prometheus__client_java,UNSAT,InterfacePolicy,,Interface Class142 contains non-abstract method Method611
prometheus__client_java,UNSAT,InterfacePolicy,,Interface Class142 contains non-abstract method Method612
prometheus__client_java,UNSAT,InterfacePolicy,,Interface Class142 contains non-abstract method Method613
prometheus__client_java,UNSAT,InterfacePolicy,,Interface Class142 contains non-abstract method Method614
prometheus__client_java,UNSAT,InterfacePolicy,,Interface Class182 contains non-abstract method Method922
prometheus__client_java,UNSAT,InterfacePolicy,,Interface Class182 contains non-abstract method Method923
prometheus__client_java,UNSAT,InterfacePolicy,,Interface Class182 contains non-abstract method Method924
prometheus__client_java,UNSAT,InterfacePolicy,,Interface Class182 contains non-abstract method Method925
prometheus__client_java,UNSAT,InterfacePolicy,,Interface Class182 contains non-abstract method Method926
prometheus__client_java,UNSAT,InterfacePolicy,,Interface Class182 contains non-abstract method Method927
prometheus__client_java,UNSAT,InterfacePolicy,,Interface Class182 contains non-abstract method Method928
prometheus__client_java,UNSAT,InterfacePolicy,,Interface Class182 contains non-abstract method Method929
prometheus__client_java,UNSAT,InterfacePolicy,,Interface Class185 contains non-abstract method Method937
prometheus__client_java,UNSAT,InterfacePolicy,,Interface Class185 contains non-abstract method Method938
prometheus__client_java,UNSAT,InterfacePolicy,,Interface Class185 contains non-abstract method Method939
prometheus__client_java,UNSAT,InterfacePolicy,,Interface Class185 contains non-abstract method Method940
prometheus__client_java,UNSAT,InterfacePolicy,,Interface Class185 contains non-abstract method Method941
prometheus__client_java,UNSAT,InterfacePolicy,,Interface Class185 contains non-abstract method Method942
prometheus__client_java,UNSAT,InterfacePolicy,,Interface Class185 contains non-abstract method Method943
prometheus__client_java,UNSAT,InterfacePolicy,,Interface Class185 contains non-abstract method Method944
prometheus__client_java,UNSAT,InterfacePolicy,,Interface Class157 has field Field418
prometheus__client_java,UNSAT,InterfacePolicy,,Interface Class218 has field Field611
prometheus__client_java,UNSAT,InterfacePolicy,,Interface Class218 has field Field612
prometheus__client_java,UNSAT,LocalMethodNamespace,,"Duplicate method name 'start' in class Class0: Method1, Method2"
prometheus__jmx_exporter,UNSAT,IdentifierIntegrity,,"Duplicate name 'io.prometheus.jmx.Arguments' used by: Class0, Class1"
prometheus__jmx_exporter,UNSAT,IdentifierIntegrity,,"Duplicate name 'io.prometheus.jmx.logger.LoggerFactory' used by: Class55, Class56"
prometheus__jmx_exporter,UNSAT,IdentifierIntegrity,,"Duplicate name 'io.prometheus.jmx.logger.Level' used by: Class51, Class52"
prometheus__jmx_exporter,UNSAT,IdentifierIntegrity,,"Duplicate name 'io.prometheus.jmx.logger.Logger' used by: Class53, Class54"
prometheus__jmx_exporter,UNSAT,IdentifierIntegrity,,"Duplicate name 'io.prometheus.jmx.logger.LoggerFormatter' used by: Class57, Class58"
prometheus__jmx_exporter,UNSAT,InterfacePolicy,,Interface Class81 contains non-abstract method Method366
prometheus__jmx_exporter,UNSAT,InterfacePolicy,,Interface Class81 contains non-abstract method Method367
prometheus__jmx_exporter,UNSAT,InterfacePolicy,,Interface Class81 contains non-abstract method Method368
prometheus__jmx_exporter,UNSAT,LocalMethodNamespace,,"Duplicate method name 'register' in class Class5: Method15, Method16"
protostuff__protostuff,UNSAT,IdentifierIntegrity,,"Duplicate name 'io.protostuff.runtime.RuntimeFieldFactory' used by: Class167, Class168"
protostuff__protostuff,UNSAT,IdentifierIntegrity,,"Duplicate name 'io.protostuff.runtime.RuntimeEnv' used by: Class165, Class166"
protostuff__protostuff,UNSAT,LocalMethodNamespace,,"Duplicate method name 'encode' in class Class0: Method14, Method15, Method16, Method17"
Pugmatt__BedrockConnect,UNSAT,LocalMethodNamespace,,"Duplicate method name 'loadMotdMessage' in class Class1: Method30, Method31"
pwittchen__ReactiveNetwork,UNSAT,LocalMethodNamespace,,"Duplicate method name 'reason' in class Class1: Method19, Method20"
qaiu__netdisk-fast-download,UNSAT,InterfacePolicy,,Interface Class15 contains non-abstract method Method91
qaiu__netdisk-fast-download,UNSAT,InterfacePolicy,,Interface Class61 contains non-abstract method Method292
qaiu__netdisk-fast-download,UNSAT,InterfacePolicy,,Interface Class61 contains non-abstract method Method293
qaiu__netdisk-fast-download,UNSAT,InterfacePolicy,,Interface Class61 contains non-abstract method Method294
qaiu__netdisk-fast-download,UNSAT,InterfacePolicy,,Interface Class61 contains non-abstract method Method295
qaiu__netdisk-fast-download,UNSAT,InterfacePolicy,,Interface Class61 contains non-abstract method Method296
qaiu__netdisk-fast-download,UNSAT,InterfacePolicy,,Interface Class61 contains non-abstract method Method298
qaiu__netdisk-fast-download,UNSAT,InterfacePolicy,,Interface Class61 contains non-abstract method Method299
qaiu__netdisk-fast-download,UNSAT,InterfacePolicy,,Interface Class61 contains non-abstract method Method300
qaiu__netdisk-fast-download,UNSAT,InterfacePolicy,,Interface Class61 contains non-abstract method Method301
qaiu__netdisk-fast-download,UNSAT,InterfacePolicy,,Interface Class61 contains non-abstract method Method302
qaiu__netdisk-fast-download,UNSAT,InterfacePolicy,,Interface Class61 contains non-abstract method Method303
qaiu__netdisk-fast-download,UNSAT,InterfacePolicy,,Interface Class61 contains non-abstract method Method304
qaiu__netdisk-fast-download,UNSAT,InterfacePolicy,,Interface Class61 contains non-abstract method Method305
qaiu__netdisk-fast-download,UNSAT,InterfacePolicy,,Interface Class61 contains non-abstract method Method306
qaiu__netdisk-fast-download,UNSAT,InterfacePolicy,,Interface Class65 contains non-abstract method Method354
qaiu__netdisk-fast-download,UNSAT,InterfacePolicy,,Interface Class127 contains non-abstract method Method839
qaiu__netdisk-fast-download,UNSAT,InterfacePolicy,,Interface Class152 contains non-abstract method Method925
qaiu__netdisk-fast-download,UNSAT,InterfacePolicy,,Interface Class152 contains non-abstract method Method926
qaiu__netdisk-fast-download,UNSAT,InterfacePolicy,,Interface Class153 contains non-abstract method Method927
qaiu__netdisk-fast-download,UNSAT,InterfacePolicy,,Interface Class153 contains non-abstract method Method928
qaiu__netdisk-fast-download,UNSAT,InterfacePolicy,,Interface Class153 contains non-abstract method Method929
qaiu__netdisk-fast-download,UNSAT,InterfacePolicy,,Interface Class153 contains non-abstract method Method930
qaiu__netdisk-fast-download,UNSAT,InterfacePolicy,,Interface Class153 contains non-abstract method Method931
qaiu__netdisk-fast-download,UNSAT,InterfacePolicy,,Interface Class153 contains non-abstract method Method932
qaiu__netdisk-fast-download,UNSAT,InterfacePolicy,,Interface Class153 contains non-abstract method Method933
qaiu__netdisk-fast-download,UNSAT,InterfacePolicy,,Interface Class159 contains non-abstract method Method945
qaiu__netdisk-fast-download,UNSAT,InterfacePolicy,,Interface Class159 contains non-abstract method Method946
qaiu__netdisk-fast-download,UNSAT,InterfacePolicy,,Interface Class162 contains non-abstract method Method969
qaiu__netdisk-fast-download,UNSAT,InterfacePolicy,,Interface Class61 has field Field268
qaiu__netdisk-fast-download,UNSAT,InterfacePolicy,,Interface Class61 has field Field269
qaiu__netdisk-fast-download,UNSAT,InterfacePolicy,,Interface Class135 has field Field690
qaiu__netdisk-fast-download,UNSAT,InterfacePolicy,,Interface Class135 has field Field691
qaiu__netdisk-fast-download,UNSAT,InterfacePolicy,,Interface Class135 has field Field692
qaiu__netdisk-fast-download,UNSAT,InterfacePolicy,,Interface Class135 has field Field693
qaiu__netdisk-fast-download,UNSAT,InterfacePolicy,,Interface Class153 has field Field719
qaiu__netdisk-fast-download,UNSAT,InterfacePolicy,,Interface Class153 has field Field720
qaiu__netdisk-fast-download,UNSAT,InterfacePolicy,,Interface Class159 has field Field753
qaiu__netdisk-fast-download,UNSAT,InterfacePolicy,,Interface Class164 has field Field768
qaiu__netdisk-fast-download,UNSAT,InterfacePolicy,,Interface Class164 has field Field769
qaiu__netdisk-fast-download,UNSAT,InterfacePolicy,,Interface Class164 has field Field770
qaiu__netdisk-fast-download,UNSAT,InterfacePolicy,,Interface Class164 has field Field771
qaiu__netdisk-fast-download,UNSAT,InterfacePolicy,,Interface Class164 has field Field772
qaiu__netdisk-fast-download,UNSAT,InterfacePolicy,,Interface Class164 has field Field773
qaiu__netdisk-fast-download,UNSAT,InterfacePolicy,,Interface Class164 has field Field774
qaiu__netdisk-fast-download,UNSAT,InterfacePolicy,,Interface Class164 has field Field775
qaiu__netdisk-fast-download,UNSAT,InterfacePolicy,,Interface Class164 has field Field776
qaiu__netdisk-fast-download,UNSAT,InterfacePolicy,,Interface Class164 has field Field777
qaiu__netdisk-fast-download,UNSAT,InterfacePolicy,,Interface Class164 has field Field778
qaiu__netdisk-fast-download,UNSAT,InterfacePolicy,,Interface Class164 has field Field779
qaiu__netdisk-fast-download,UNSAT,InterfacePolicy,,Interface Class164 has field Field780
qaiu__netdisk-fast-download,UNSAT,InterfacePolicy,,Interface Class164 has field Field781
qaiu__netdisk-fast-download,UNSAT,InterfacePolicy,,Interface Class164 has field Field782
qaiu__netdisk-fast-download,UNSAT,LocalMethodNamespace,,"Duplicate method name 'createDatabase' in class Class4: Method7, Method8"
qiujiayu__AutoLoadCache,UNSAT,IdentifierIntegrity,,"Duplicate name 'com.jarvis.cache.serializer.NullValue' used by: Class89, Class90"
qiujiayu__AutoLoadCache,UNSAT,InterfacePolicy,,Interface Class9 has field Field50
qiujiayu__AutoLoadCache,UNSAT,LocalMethodNamespace,,"Duplicate method name 'getCacheKey' in class Class1: Method15, Method16, Method17, Method18"
QuantumBadger__RedReader,UNSAT,InterfacePolicy,,Interface Class50 contains non-abstract method Method483
QuantumBadger__RedReader,UNSAT,InterfacePolicy,,Interface Class50 contains non-abstract method Method484
QuantumBadger__RedReader,UNSAT,InterfacePolicy,,Interface Class50 contains non-abstract method Method485
QuantumBadger__RedReader,UNSAT,InterfacePolicy,,Interface Class50 contains non-abstract method Method486
QuantumBadger__RedReader,UNSAT,InterfacePolicy,,Interface Class50 contains non-abstract method Method487
QuantumBadger__RedReader,UNSAT,InterfacePolicy,,Interface Class50 contains non-abstract method Method489
QuantumBadger__RedReader,UNSAT,InterfacePolicy,,Interface Class123 contains non-abstract method Method912
QuantumBadger__RedReader,UNSAT,InterfacePolicy,,Interface Class123 contains non-abstract method Method913
QuantumBadger__RedReader,UNSAT,InterfacePolicy,,Interface Class123 contains non-abstract method Method914
QuantumBadger__RedReader,UNSAT,InterfacePolicy,,Interface Class123 contains non-abstract method Method915
QuantumBadger__RedReader,UNSAT,LocalMethodNamespace,,"Duplicate method name 'read' in class Class1: Method27, Method28"
RameshMF__spring-boot-tutorial,UNSAT,IdentifierIntegrity,,"Duplicate name 'net.guides.springboot2.springboot2webappjsp.Springboot2WebappJspApplication' used by: Class130, Class131"
RameshMF__spring-boot-tutorial,UNSAT,IdentifierIntegrity,,"Duplicate name 'net.guides.springboot2.springboot2jpacrudexample.service.EmployeeService' used by: Class114, Class115"
RameshMF__spring-boot-tutorial,UNSAT,IdentifierIntegrity,,"Duplicate name 'net.guides.springboot2.springboot2jpacrudexample.Application' used by: Class80, Class81, Class82, Class83"
RameshMF__spring-boot-tutorial,UNSAT,IdentifierIntegrity,,"Duplicate name 'net.guides.springboot2.jdbc.Application' used by: Class57, Class58"
RameshMF__spring-boot-tutorial,UNSAT,IdentifierIntegrity,,"Duplicate name 'net.guides.springboot2.springboot2jpacrudexample.exception.ResourceNotFoundException' used by: Class102, Class103, Class104, Class105"
RameshMF__spring-boot-tutorial,UNSAT,IdentifierIntegrity,,"Duplicate name 'net.javaguides.springboot.fileuploaddownload.exception.FileStorageException' used by: Class202, Class203"
RameshMF__spring-boot-tutorial,UNSAT,IdentifierIntegrity,,"Duplicate name 'net.guides.springboot2.springboot2jpacrudexample.aspect.LoggingAspect' used by: Class88, Class89"
RameshMF__spring-boot-tutorial,UNSAT,IdentifierIntegrity,,"Duplicate name 'net.guides.springboot2.springboot2jpacrudexample.model.Employee' used by: Class106, Class107, Class108, Class109"
RameshMF__spring-boot-tutorial,UNSAT,IdentifierIntegrity,,"Duplicate name 'net.javaguides.springboot.entity.Post' used by: Class188, Class189"
RameshMF__spring-boot-tutorial,UNSAT,IdentifierIntegrity,,"Duplicate name 'net.guides.springboot2.springboot2jpacrudexample.exception.GlobalExceptionHandler' used by: Class98, Class99, Class100, Class101"
RameshMF__spring-boot-tutorial,UNSAT,IdentifierIntegrity,,"Duplicate name 'net.guides.springboot2.springboot2jpacrudexample.controller.EmployeeController' used by: Class90, Class91, Class92, Class93"
RameshMF__spring-boot-tutorial,UNSAT,IdentifierIntegrity,,"Duplicate name 'net.guides.springboot2.springboot2jpacrudexample.repository.EmployeeRepository' used by: Class110, Class111, Class112, Class113"
RameshMF__spring-boot-tutorial,UNSAT,IdentifierIntegrity,,"Duplicate name 'net.javaguides.springboot.fileuploaddownload.payload.Response' used by: Class205, Class206"
RameshMF__spring-boot-tutorial,UNSAT,IdentifierIntegrity,,"Duplicate name 'net.javaguides.springboot.controller.HelloController' used by: Class181, Class182"
RameshMF__spring-boot-tutorial,UNSAT,IdentifierIntegrity,,"Duplicate name 'net.javaguides.springboot.repository.PostRepository' used by: Class219, Class220"
RameshMF__spring-boot-tutorial,UNSAT,IdentifierIntegrity,,"Duplicate name 'net.javaguides.springboot.fileuploaddownload.controller.FileUploadController' used by: Class198, Class199"
RameshMF__spring-boot-tutorial,UNSAT,IdentifierIntegrity,,"Duplicate name 'net.guides.springboot2.springboot2jpacrudexample.SpringRestClient' used by: Class84, Class85, Class86, Class87"
RameshMF__spring-boot-tutorial,UNSAT,IdentifierIntegrity,,"Duplicate name 'net.guides.springboot2.jdbc.model.Employee' used by: Class59, Class60"
RameshMF__spring-boot-tutorial,UNSAT,IdentifierIntegrity,,"Duplicate name 'net.javaguides.springboot.fileuploaddownload.controller.FileDownloadController' used by: Class196, Class197"
RameshMF__spring-boot-tutorial,UNSAT,IdentifierIntegrity,,"Duplicate name 'net.javaguides.springboot.fileuploaddownload.exception.FileNotFoundException' used by: Class200, Class201"
RameshMF__spring-boot-tutorial,UNSAT,IdentifierIntegrity,,"Duplicate name 'net.guides.springboot2.springboot2jpacrudexample.exception.ErrorDetails' used by: Class94, Class95, Class96, Class97"
RameshMF__spring-boot-tutorial,UNSAT,IdentifierIntegrity,,"Duplicate name 'net.guides.springboot2.springboot2webappjsp.repositories.UserRepository' used by: Class136, Class137"
RameshMF__spring-boot-tutorial,UNSAT,IdentifierIntegrity,,"Duplicate name 'net.guides.springboot2.springboot2webappjsp.domain.User' used by: Class134, Class135"
RameshMF__spring-boot-tutorial,UNSAT,IdentifierIntegrity,,"Duplicate name 'net.guides.springboot2.springboot2webappjsp.controllers.UserController' used by: Class132, Class133"
RameshMF__spring-boot-tutorial,UNSAT,IdentifierIntegrity,,"Duplicate name 'net.javaguides.springboot.fileuploaddownload.SpringbootUploadDownloadFileApplication' used by: Class194, Class195"
RameshMF__spring-boot-tutorial,UNSAT,LocalMethodNamespace,,"Duplicate method name 'registration' in class Class23: Method81, Method82"
react-native-share__react-native-share,UNSAT,LocalMethodNamespace,,"Duplicate method name 'onActivityResult' in class Class1: Method3, Method4"
requery__requery,UNSAT,InterfacePolicy,,Interface Class154 contains non-abstract method Method983
requery__requery,UNSAT,InterfacePolicy,,Interface Class171 has field Field559
requery__requery,UNSAT,LocalMethodNamespace,,"Duplicate method name 'upsert' in class Class0: Method16, Method17"
rest-assured__rest-assured,UNSAT,IdentifierIntegrity,,"Duplicate name 'io.restassured.examples.springmvc.controller.FileDescription' used by: Class41, Class42"
rest-assured__rest-assured,UNSAT,IdentifierIntegrity,,"Duplicate name 'io.restassured.examples.springmvc.config.MainConfiguration' used by: Class35, Class36"
rest-assured__rest-assured,UNSAT,IdentifierIntegrity,,"Duplicate name 'io.restassured.examples.springmvc.controller.SecuredController' used by: Class47, Class48"
rest-assured__rest-assured,UNSAT,IdentifierIntegrity,,"Duplicate name 'io.restassured.examples.springmvc.controller.support.Greeting' used by: Class51, Class52"
rest-assured__rest-assured,UNSAT,IdentifierIntegrity,,"Duplicate name 'io.restassured.examples.springmvc.controller.UserAwareController' used by: Class49, Class50"
rest-assured__rest-assured,UNSAT,IdentifierIntegrity,,"Duplicate name 'io.restassured.examples.springmvc.controller.FileUploadController' used by: Class43, Class44"
rest-assured__rest-assured,UNSAT,IdentifierIntegrity,,"Duplicate name 'io.restassured.examples.springmvc.config.WebApp' used by: Class39, Class40"
rest-assured__rest-assured,UNSAT,IdentifierIntegrity,,"Duplicate name 'io.restassured.examples.springmvc.controller.FileWithParam' used by: Class45, Class46"
rest-assured__rest-assured,UNSAT,IdentifierIntegrity,,"Duplicate name 'io.restassured.examples.springmvc.config.SecurityConfiguration' used by: Class37, Class38"
rest-assured__rest-assured,UNSAT,InterfacePolicy,,Interface Class243 contains non-abstract method Method2766
rest-assured__rest-assured,UNSAT,InterfacePolicy,,Interface Class243 contains non-abstract method Method2767
rest-assured__rest-assured,UNSAT,InterfacePolicy,,Interface Class243 contains non-abstract method Method2788
rest-assured__rest-assured,UNSAT,InterfacePolicy,,Interface Class260 contains non-abstract method Method3070
rest-assured__rest-assured,UNSAT,InterfacePolicy,,Interface Class260 contains non-abstract method Method3071
rest-assured__rest-assured,UNSAT,InterfacePolicy,,Interface Class260 contains non-abstract method Method3088
rest-assured__rest-assured,UNSAT,InterfacePolicy,,Interface Class260 contains non-abstract method Method3099
rest-assured__rest-assured,UNSAT,InterfacePolicy,,Interface Class260 contains non-abstract method Method3105
rest-assured__rest-assured,UNSAT,InterfacePolicy,,Interface Class260 contains non-abstract method Method3106
rest-assured__rest-assured,UNSAT,InterfacePolicy,,Interface Class55 has field Field209
rest-assured__rest-assured,UNSAT,InterfacePolicy,,Interface Class55 has field Field210
rest-assured__rest-assured,UNSAT,InterfacePolicy,,Interface Class55 has field Field211
rest-assured__rest-assured,UNSAT,LocalMethodNamespace,,"Duplicate method name 'request' in class Class0: Method73, Method74, Method75, Method76, Method77, Method78, Method79, Method80"
RipMeApp__ripme,UNSAT,LocalMethodNamespace,,"Duplicate method name 'addURLToDownload' in class Class1: Method8, Method9, Method10"
rsocket__rsocket-java,UNSAT,InterfacePolicy,,Interface Class3 contains non-abstract method Method14
rsocket__rsocket-java,UNSAT,InterfacePolicy,,Interface Class5 contains non-abstract method Method24
rsocket__rsocket-java,UNSAT,InterfacePolicy,,Interface Class5 contains non-abstract method Method25
rsocket__rsocket-java,UNSAT,InterfacePolicy,,Interface Class5 contains non-abstract method Method26
rsocket__rsocket-java,UNSAT,InterfacePolicy,,Interface Class5 contains non-abstract method Method27
rsocket__rsocket-java,UNSAT,InterfacePolicy,,Interface Class9 contains non-abstract method Method42
rsocket__rsocket-java,UNSAT,InterfacePolicy,,Interface Class9 contains non-abstract method Method43
rsocket__rsocket-java,UNSAT,InterfacePolicy,,Interface Class9 contains non-abstract method Method44
rsocket__rsocket-java,UNSAT,InterfacePolicy,,Interface Class9 contains non-abstract method Method45
rsocket__rsocket-java,UNSAT,InterfacePolicy,,Interface Class9 contains non-abstract method Method46
rsocket__rsocket-java,UNSAT,InterfacePolicy,,Interface Class9 contains non-abstract method Method47
rsocket__rsocket-java,UNSAT,InterfacePolicy,,Interface Class9 contains non-abstract method Method48
rsocket__rsocket-java,UNSAT,InterfacePolicy,,Interface Class9 contains non-abstract method Method49
rsocket__rsocket-java,UNSAT,InterfacePolicy,,Interface Class9 contains non-abstract method Method50
rsocket__rsocket-java,UNSAT,InterfacePolicy,,Interface Class12 contains non-abstract method Method59
rsocket__rsocket-java,UNSAT,InterfacePolicy,,Interface Class12 contains non-abstract method Method60
rsocket__rsocket-java,UNSAT,InterfacePolicy,,Interface Class12 contains non-abstract method Method61
rsocket__rsocket-java,UNSAT,InterfacePolicy,,Interface Class12 contains non-abstract method Method62
rsocket__rsocket-java,UNSAT,InterfacePolicy,,Interface Class12 contains non-abstract method Method63
rsocket__rsocket-java,UNSAT,InterfacePolicy,,Interface Class38 contains non-abstract method Method207
rsocket__rsocket-java,UNSAT,InterfacePolicy,,Interface Class38 contains non-abstract method Method209
rsocket__rsocket-java,UNSAT,InterfacePolicy,,Interface Class38 contains non-abstract method Method210
rsocket__rsocket-java,UNSAT,InterfacePolicy,,Interface Class38 contains non-abstract method Method212
rsocket__rsocket-java,UNSAT,InterfacePolicy,,Interface Class53 contains non-abstract method Method417
rsocket__rsocket-java,UNSAT,InterfacePolicy,,Interface Class53 contains non-abstract method Method419
rsocket__rsocket-java,UNSAT,InterfacePolicy,,Interface Class57 contains non-abstract method Method456
rsocket__rsocket-java,UNSAT,InterfacePolicy,,Interface Class57 contains non-abstract method Method457
rsocket__rsocket-java,UNSAT,InterfacePolicy,,Interface Class57 contains non-abstract method Method458
rsocket__rsocket-java,UNSAT,InterfacePolicy,,Interface Class185 contains non-abstract method Method1070
rsocket__rsocket-java,UNSAT,InterfacePolicy,,Interface Class215 contains non-abstract method Method1206
rsocket__rsocket-java,UNSAT,InterfacePolicy,,Interface Class217 contains non-abstract method Method1213
rsocket__rsocket-java,UNSAT,InterfacePolicy,,Interface Class254 contains non-abstract method Method1466
rsocket__rsocket-java,UNSAT,InterfacePolicy,,Interface Class254 contains non-abstract method Method1467
rsocket__rsocket-java,UNSAT,InterfacePolicy,,Interface Class254 contains non-abstract method Method1468
rsocket__rsocket-java,UNSAT,InterfacePolicy,,Interface Class254 contains non-abstract method Method1469
rsocket__rsocket-java,UNSAT,InterfacePolicy,,Interface Class254 contains non-abstract method Method1470
rsocket__rsocket-java,UNSAT,InterfacePolicy,,Interface Class254 contains non-abstract method Method1471
rsocket__rsocket-java,UNSAT,InterfacePolicy,,Interface Class254 contains non-abstract method Method1472
rsocket__rsocket-java,UNSAT,InterfacePolicy,,Interface Class254 contains non-abstract method Method1475
rsocket__rsocket-java,UNSAT,InterfacePolicy,,Interface Class254 contains non-abstract method Method1476
rsocket__rsocket-java,UNSAT,InterfacePolicy,,Interface Class254 contains non-abstract method Method1477
rsocket__rsocket-java,UNSAT,InterfacePolicy,,Interface Class254 contains non-abstract method Method1478
rsocket__rsocket-java,UNSAT,InterfacePolicy,,Interface Class254 contains non-abstract method Method1479
rsocket__rsocket-java,UNSAT,InterfacePolicy,,Interface Class254 contains non-abstract method Method1480
rsocket__rsocket-java,UNSAT,InterfacePolicy,,Interface Class254 contains non-abstract method Method1481
rsocket__rsocket-java,UNSAT,InterfacePolicy,,Interface Class254 contains non-abstract method Method1482
rsocket__rsocket-java,UNSAT,InterfacePolicy,,Interface Class254 contains non-abstract method Method1483
rsocket__rsocket-java,UNSAT,InterfacePolicy,,Interface Class254 contains non-abstract method Method1484
rsocket__rsocket-java,UNSAT,InterfacePolicy,,Interface Class254 contains non-abstract method Method1485
rsocket__rsocket-java,UNSAT,InterfacePolicy,,Interface Class254 contains non-abstract method Method1486
rsocket__rsocket-java,UNSAT,InterfacePolicy,,Interface Class254 contains non-abstract method Method1487
rsocket__rsocket-java,UNSAT,InterfacePolicy,,Interface Class254 contains non-abstract method Method1488
rsocket__rsocket-java,UNSAT,InterfacePolicy,,Interface Class254 contains non-abstract method Method1489
rsocket__rsocket-java,UNSAT,InterfacePolicy,,Interface Class254 contains non-abstract method Method1490
rsocket__rsocket-java,UNSAT,InterfacePolicy,,Interface Class254 contains non-abstract method Method1491
rsocket__rsocket-java,UNSAT,InterfacePolicy,,Interface Class254 contains non-abstract method Method1492
rsocket__rsocket-java,UNSAT,InterfacePolicy,,Interface Class254 contains non-abstract method Method1493
rsocket__rsocket-java,UNSAT,InterfacePolicy,,Interface Class254 contains non-abstract method Method1494
rsocket__rsocket-java,UNSAT,InterfacePolicy,,Interface Class254 contains non-abstract method Method1495
rsocket__rsocket-java,UNSAT,InterfacePolicy,,Interface Class258 contains non-abstract method Method1499
rsocket__rsocket-java,UNSAT,InterfacePolicy,,Interface Class57 has field Field316
rsocket__rsocket-java,UNSAT,InterfacePolicy,,Interface Class132 has field Field484
rsocket__rsocket-java,UNSAT,InterfacePolicy,,Interface Class132 has field Field485
rsocket__rsocket-java,UNSAT,InterfacePolicy,,Interface Class152 has field Field1296
rsocket__rsocket-java,UNSAT,InterfacePolicy,,Interface Class155 has field Field1425
rsocket__rsocket-java,UNSAT,InterfacePolicy,,Interface Class155 has field Field1426
rsocket__rsocket-java,UNSAT,InterfacePolicy,,Interface Class155 has field Field1427
rsocket__rsocket-java,UNSAT,InterfacePolicy,,Interface Class155 has field Field1428
rsocket__rsocket-java,UNSAT,InterfacePolicy,,Interface Class254 has field Field1831
rsocket__rsocket-java,UNSAT,InterfacePolicy,,Interface Class254 has field Field1832
rsocket__rsocket-java,UNSAT,InterfacePolicy,,Interface Class254 has field Field1833
rsocket__rsocket-java,UNSAT,InterfacePolicy,,Interface Class254 has field Field1834
rsocket__rsocket-java,UNSAT,InterfacePolicy,,Interface Class254 has field Field1835
rsocket__rsocket-java,UNSAT,LocalMethodNamespace,,"Duplicate method name 'retain' in class Class2: Method9, Method10"
rubenlagus__TelegramBots,UNSAT,IdentifierIntegrity,,"Duplicate name 'org.telegram.telegrambots.client.AbstractTelegramClient' used by: Class30, Class31"
rubenlagus__TelegramBots,UNSAT,IdentifierIntegrity,,"Duplicate name 'org.telegram.telegrambots.client.ThrowingConsumer' used by: Class33, Class34"
rubenlagus__TelegramBots,UNSAT,InterfacePolicy,,Interface Class40 contains non-abstract method Method357
rubenlagus__TelegramBots,UNSAT,InterfacePolicy,,Interface Class40 contains non-abstract method Method358
rubenlagus__TelegramBots,UNSAT,InterfacePolicy,,Interface Class63 contains non-abstract method Method452
rubenlagus__TelegramBots,UNSAT,InterfacePolicy,,Interface Class67 contains non-abstract method Method454
rubenlagus__TelegramBots,UNSAT,InterfacePolicy,,Interface Class442 contains non-abstract method Method1223
rubenlagus__TelegramBots,UNSAT,InterfacePolicy,,Interface Class442 contains non-abstract method Method1224
rubenlagus__TelegramBots,UNSAT,InterfacePolicy,,Interface Class442 contains non-abstract method Method1225
rubenlagus__TelegramBots,UNSAT,InterfacePolicy,,Interface Class569 contains non-abstract method Method1372
rubenlagus__TelegramBots,UNSAT,InterfacePolicy,,Interface Class569 contains non-abstract method Method1374
rubenlagus__TelegramBots,UNSAT,InterfacePolicy,,Interface Class569 contains non-abstract method Method1376
rubenlagus__TelegramBots,UNSAT,InterfacePolicy,,Interface Class569 contains non-abstract method Method1378
rubenlagus__TelegramBots,UNSAT,InterfacePolicy,,Interface Class63 has field Field200
rubenlagus__TelegramBots,UNSAT,InterfacePolicy,,Interface Class303 has field Field2741
rubenlagus__TelegramBots,UNSAT,InterfacePolicy,,Interface Class303 has field Field2742
rubenlagus__TelegramBots,UNSAT,InterfacePolicy,,Interface Class303 has field Field2743
rubenlagus__TelegramBots,UNSAT,InterfacePolicy,,Interface Class396 has field Field3623
rubenlagus__TelegramBots,UNSAT,InterfacePolicy,,Interface Class442 has field Field4252
rubenlagus__TelegramBots,UNSAT,InterfacePolicy,,Interface Class446 has field Field4501
rubenlagus__TelegramBots,UNSAT,InterfacePolicy,,Interface Class446 has field Field4502
rubenlagus__TelegramBots,UNSAT,InterfacePolicy,,Interface Class446 has field Field4503
rubenlagus__TelegramBots,UNSAT,InterfacePolicy,,Interface Class446 has field Field4504
rubenlagus__TelegramBots,UNSAT,InterfacePolicy,,Interface Class515 has field Field5014
rubenlagus__TelegramBots,UNSAT,InterfacePolicy,,Interface Class515 has field Field5015
rubenlagus__TelegramBots,UNSAT,InterfacePolicy,,Interface Class515 has field Field5016
rubenlagus__TelegramBots,UNSAT,LocalMethodNamespace,,"Duplicate method name 'addExtensions' in class Class2: Method4, Method5"
s4kibs4mi__java-developer-roadmap,SAT,,,All metamodel constraints hold
scribejava__scribejava,UNSAT,InterfacePolicy,,Interface Class124 has field Field117
scribejava__scribejava,UNSAT,InterfacePolicy,,Interface Class124 has field Field118
scribejava__scribejava,UNSAT,InterfacePolicy,,Interface Class124 has field Field119
scribejava__scribejava,UNSAT,InterfacePolicy,,Interface Class144 has field Field165
scribejava__scribejava,UNSAT,InterfacePolicy,,Interface Class144 has field Field166
scribejava__scribejava,UNSAT,InterfacePolicy,,Interface Class144 has field Field167
scribejava__scribejava,UNSAT,InterfacePolicy,,Interface Class144 has field Field168
scribejava__scribejava,UNSAT,InterfacePolicy,,Interface Class144 has field Field169
scribejava__scribejava,UNSAT,InterfacePolicy,,Interface Class144 has field Field170
scribejava__scribejava,UNSAT,InterfacePolicy,,Interface Class144 has field Field171
scribejava__scribejava,UNSAT,InterfacePolicy,,Interface Class144 has field Field172
scribejava__scribejava,UNSAT,InterfacePolicy,,Interface Class144 has field Field173
scribejava__scribejava,UNSAT,InterfacePolicy,,Interface Class144 has field Field174
scribejava__scribejava,UNSAT,InterfacePolicy,,Interface Class144 has field Field175
scribejava__scribejava,UNSAT,InterfacePolicy,,Interface Class144 has field Field176
scribejava__scribejava,UNSAT,InterfacePolicy,,Interface Class144 has field Field177
scribejava__scribejava,UNSAT,InterfacePolicy,,Interface Class144 has field Field178
scribejava__scribejava,UNSAT,InterfacePolicy,,Interface Class144 has field Field179
scribejava__scribejava,UNSAT,InterfacePolicy,,Interface Class144 has field Field180
scribejava__scribejava,UNSAT,InterfacePolicy,,Interface Class144 has field Field181
scribejava__scribejava,UNSAT,InterfacePolicy,,Interface Class144 has field Field182
scribejava__scribejava,UNSAT,InterfacePolicy,,Interface Class144 has field Field183
scribejava__scribejava,UNSAT,InterfacePolicy,,Interface Class144 has field Field184
scribejava__scribejava,UNSAT,InterfacePolicy,,Interface Class144 has field Field185
scribejava__scribejava,UNSAT,InterfacePolicy,,Interface Class144 has field Field186
scribejava__scribejava,UNSAT,InterfacePolicy,,Interface Class144 has field Field187
scribejava__scribejava,UNSAT,InterfacePolicy,,Interface Class144 has field Field188
scribejava__scribejava,UNSAT,InterfacePolicy,,Interface Class144 has field Field189
scribejava__scribejava,UNSAT,InterfacePolicy,,Interface Class144 has field Field190
scribejava__scribejava,UNSAT,InterfacePolicy,,Interface Class144 has field Field191
scribejava__scribejava,UNSAT,InterfacePolicy,,Interface Class144 has field Field192
scribejava__scribejava,UNSAT,InterfacePolicy,,Interface Class144 has field Field193
scribejava__scribejava,UNSAT,InterfacePolicy,,Interface Class144 has field Field194
scribejava__scribejava,UNSAT,InterfacePolicy,,Interface Class144 has field Field195
scribejava__scribejava,UNSAT,InterfacePolicy,,Interface Class144 has field Field196
scribejava__scribejava,UNSAT,LocalMethodNamespace,,"Duplicate method name 'instance' in class Class9: Method36, Method37"
shmykelsa__AAAD,SAT,,,All metamodel constraints hold
sleeyax__burp-awesome-tls,UNSAT,InterfacePolicy,,Interface Class1 has field Field4
sleeyax__burp-awesome-tls,UNSAT,LocalMethodNamespace,,"Duplicate method name 'read' in class Class2: Method15, Method16, Method17"
Snailclimb__interview-guide,UNSAT,InterfacePolicy,,Interface Class43 contains non-abstract method Method206
Snailclimb__interview-guide,UNSAT,InterfacePolicy,,Interface Class43 contains non-abstract method Method207
Snailclimb__interview-guide,UNSAT,InterfacePolicy,,Interface Class43 contains non-abstract method Method209
Snailclimb__interview-guide,UNSAT,InterfacePolicy,,Interface Class43 contains non-abstract method Method211
Snailclimb__interview-guide,UNSAT,InterfacePolicy,,Interface Class43 contains non-abstract method Method212
Snailclimb__interview-guide,UNSAT,InterfacePolicy,,Interface Class45 contains non-abstract method Method218
Snailclimb__interview-guide,UNSAT,InterfacePolicy,,Interface Class45 contains non-abstract method Method219
Snailclimb__interview-guide,UNSAT,InterfacePolicy,,Interface Class45 contains non-abstract method Method220
Snailclimb__interview-guide,UNSAT,InterfacePolicy,,Interface Class45 contains non-abstract method Method221
Snailclimb__interview-guide,UNSAT,InterfacePolicy,,Interface Class45 contains non-abstract method Method225
Snailclimb__interview-guide,UNSAT,InterfacePolicy,,Interface Class46 contains non-abstract method Method227
Snailclimb__interview-guide,UNSAT,InterfacePolicy,,Interface Class46 contains non-abstract method Method230
Snailclimb__interview-guide,UNSAT,InterfacePolicy,,Interface Class46 contains non-abstract method Method232
Snailclimb__interview-guide,UNSAT,LocalMethodNamespace,,"Duplicate method name 'buildOpenAiClient' in class Class3: Method4, Method5"
sofastack__sofa-bolt,UNSAT,InterfacePolicy,,Interface Class4 contains non-abstract method Method35
sofastack__sofa-bolt,UNSAT,InterfacePolicy,,Interface Class9 has field Field16
sofastack__sofa-bolt,UNSAT,InterfacePolicy,,Interface Class51 has field Field121
sofastack__sofa-bolt,UNSAT,InterfacePolicy,,Interface Class51 has field Field122
sofastack__sofa-bolt,UNSAT,InterfacePolicy,,Interface Class51 has field Field123
sofastack__sofa-bolt,UNSAT,InterfacePolicy,,Interface Class51 has field Field124
sofastack__sofa-bolt,UNSAT,LocalMethodNamespace,,"Duplicate method name 'option' in class Class0: Method4, Method5"
sofastack__sofa-jraft,UNSAT,InterfacePolicy,,Interface Class1 contains non-abstract method Method16
sofastack__sofa-jraft,UNSAT,InterfacePolicy,,Interface Class14 contains non-abstract method Method126
sofastack__sofa-jraft,UNSAT,InterfacePolicy,,Interface Class14 contains non-abstract method Method127
sofastack__sofa-jraft,UNSAT,InterfacePolicy,,Interface Class56 contains non-abstract method Method658
sofastack__sofa-jraft,UNSAT,InterfacePolicy,,Interface Class56 contains non-abstract method Method659
sofastack__sofa-jraft,UNSAT,InterfacePolicy,,Interface Class159 contains non-abstract method Method1284
sofastack__sofa-jraft,UNSAT,InterfacePolicy,,Interface Class159 contains non-abstract method Method1285
sofastack__sofa-jraft,UNSAT,InterfacePolicy,,Interface Class162 contains non-abstract method Method1298
sofastack__sofa-jraft,UNSAT,InterfacePolicy,,Interface Class162 contains non-abstract method Method1299
sofastack__sofa-jraft,UNSAT,InterfacePolicy,,Interface Class175 contains non-abstract method Method1389
sofastack__sofa-jraft,UNSAT,InterfacePolicy,,Interface Class465 contains non-abstract method Method3391
sofastack__sofa-jraft,UNSAT,InterfacePolicy,,Interface Class470 contains non-abstract method Method3417
sofastack__sofa-jraft,UNSAT,InterfacePolicy,,Interface Class470 contains non-abstract method Method3419
sofastack__sofa-jraft,UNSAT,InterfacePolicy,,Interface Class470 contains non-abstract method Method3421
sofastack__sofa-jraft,UNSAT,InterfacePolicy,,Interface Class470 contains non-abstract method Method3422
sofastack__sofa-jraft,UNSAT,InterfacePolicy,,Interface Class470 contains non-abstract method Method3423
sofastack__sofa-jraft,UNSAT,InterfacePolicy,,Interface Class470 contains non-abstract method Method3424
sofastack__sofa-jraft,UNSAT,InterfacePolicy,,Interface Class470 contains non-abstract method Method3425
sofastack__sofa-jraft,UNSAT,InterfacePolicy,,Interface Class473 contains non-abstract method Method3444
sofastack__sofa-jraft,UNSAT,InterfacePolicy,,Interface Class473 contains non-abstract method Method3447
sofastack__sofa-jraft,UNSAT,InterfacePolicy,,Interface Class475 contains non-abstract method Method3452
sofastack__sofa-jraft,UNSAT,InterfacePolicy,,Interface Class475 contains non-abstract method Method3453
sofastack__sofa-jraft,UNSAT,InterfacePolicy,,Interface Class481 contains non-abstract method Method3469
sofastack__sofa-jraft,UNSAT,InterfacePolicy,,Interface Class481 contains non-abstract method Method3470
sofastack__sofa-jraft,UNSAT,InterfacePolicy,,Interface Class481 contains non-abstract method Method3471
sofastack__sofa-jraft,UNSAT,InterfacePolicy,,Interface Class470 has field Field1476
sofastack__sofa-jraft,UNSAT,InterfacePolicy,,Interface Class481 has field Field1519
sofastack__sofa-jraft,UNSAT,InterfacePolicy,,Interface Class535 has field Field1662
sofastack__sofa-jraft,UNSAT,InterfacePolicy,,Interface Class540 has field Field1668
sofastack__sofa-jraft,UNSAT,InterfacePolicy,,Interface Class540 has field Field1669
sofastack__sofa-jraft,UNSAT,InterfacePolicy,,Interface Class540 has field Field1670
sofastack__sofa-jraft,UNSAT,InterfacePolicy,,Interface Class540 has field Field1671
sofastack__sofa-jraft,UNSAT,InterfacePolicy,,Interface Class540 has field Field1672
sofastack__sofa-jraft,UNSAT,InterfacePolicy,,Interface Class540 has field Field1673
sofastack__sofa-jraft,UNSAT,InterfacePolicy,,Interface Class540 has field Field1674
sofastack__sofa-jraft,UNSAT,InterfacePolicy,,Interface Class540 has field Field1675
sofastack__sofa-jraft,UNSAT,InterfacePolicy,,Interface Class540 has field Field1676
sofastack__sofa-jraft,UNSAT,LocalMethodNamespace,,"Duplicate method name 'isLeader' in class Class7: Method72, Method73"
spring-cloud__spring-cloud-gateway,UNSAT,InterfacePolicy,,Interface Class82 contains non-abstract method Method418
spring-cloud__spring-cloud-gateway,UNSAT,InterfacePolicy,,Interface Class82 contains non-abstract method Method419
spring-cloud__spring-cloud-gateway,UNSAT,InterfacePolicy,,Interface Class82 contains non-abstract method Method420
spring-cloud__spring-cloud-gateway,UNSAT,InterfacePolicy,,Interface Class82 contains non-abstract method Method421
spring-cloud__spring-cloud-gateway,UNSAT,InterfacePolicy,,Interface Class82 contains non-abstract method Method422
spring-cloud__spring-cloud-gateway,UNSAT,InterfacePolicy,,Interface Class82 contains non-abstract method Method423
spring-cloud__spring-cloud-gateway,UNSAT,InterfacePolicy,,Interface Class127 contains non-abstract method Method614
spring-cloud__spring-cloud-gateway,UNSAT,InterfacePolicy,,Interface Class145 contains non-abstract method Method658
spring-cloud__spring-cloud-gateway,UNSAT,InterfacePolicy,,Interface Class145 contains non-abstract method Method660
spring-cloud__spring-cloud-gateway,UNSAT,InterfacePolicy,,Interface Class145 contains non-abstract method Method661
spring-cloud__spring-cloud-gateway,UNSAT,InterfacePolicy,,Interface Class149 contains non-abstract method Method674
spring-cloud__spring-cloud-gateway,UNSAT,InterfacePolicy,,Interface Class149 contains non-abstract method Method675
spring-cloud__spring-cloud-gateway,UNSAT,InterfacePolicy,,Interface Class151 contains non-abstract method Method679
spring-cloud__spring-cloud-gateway,UNSAT,InterfacePolicy,,Interface Class151 contains non-abstract method Method680
spring-cloud__spring-cloud-gateway,UNSAT,InterfacePolicy,,Interface Class156 contains non-abstract method Method720
spring-cloud__spring-cloud-gateway,UNSAT,InterfacePolicy,,Interface Class167 contains non-abstract method Method756
spring-cloud__spring-cloud-gateway,UNSAT,InterfacePolicy,,Interface Class167 contains non-abstract method Method757
spring-cloud__spring-cloud-gateway,UNSAT,InterfacePolicy,,Interface Class167 contains non-abstract method Method758
spring-cloud__spring-cloud-gateway,UNSAT,InterfacePolicy,,Interface Class167 contains non-abstract method Method759
spring-cloud__spring-cloud-gateway,UNSAT,InterfacePolicy,,Interface Class167 contains non-abstract method Method760
spring-cloud__spring-cloud-gateway,UNSAT,InterfacePolicy,,Interface Class167 contains non-abstract method Method761
spring-cloud__spring-cloud-gateway,UNSAT,InterfacePolicy,,Interface Class176 contains non-abstract method Method786
spring-cloud__spring-cloud-gateway,UNSAT,InterfacePolicy,,Interface Class176 contains non-abstract method Method787
spring-cloud__spring-cloud-gateway,UNSAT,InterfacePolicy,,Interface Class176 contains non-abstract method Method788
spring-cloud__spring-cloud-gateway,UNSAT,InterfacePolicy,,Interface Class176 contains non-abstract method Method789
spring-cloud__spring-cloud-gateway,UNSAT,InterfacePolicy,,Interface Class176 contains non-abstract method Method790
spring-cloud__spring-cloud-gateway,UNSAT,InterfacePolicy,,Interface Class185 contains non-abstract method Method824
spring-cloud__spring-cloud-gateway,UNSAT,InterfacePolicy,,Interface Class185 contains non-abstract method Method825
spring-cloud__spring-cloud-gateway,UNSAT,InterfacePolicy,,Interface Class185 contains non-abstract method Method826
spring-cloud__spring-cloud-gateway,UNSAT,InterfacePolicy,,Interface Class185 contains non-abstract method Method827
spring-cloud__spring-cloud-gateway,UNSAT,InterfacePolicy,,Interface Class185 contains non-abstract method Method828
spring-cloud__spring-cloud-gateway,UNSAT,InterfacePolicy,,Interface Class185 contains non-abstract method Method829
spring-cloud__spring-cloud-gateway,UNSAT,InterfacePolicy,,Interface Class185 contains non-abstract method Method830
spring-cloud__spring-cloud-gateway,UNSAT,InterfacePolicy,,Interface Class207 contains non-abstract method Method971
spring-cloud__spring-cloud-gateway,UNSAT,InterfacePolicy,,Interface Class207 contains non-abstract method Method972
spring-cloud__spring-cloud-gateway,UNSAT,InterfacePolicy,,Interface Class253 contains non-abstract method Method1329
spring-cloud__spring-cloud-gateway,UNSAT,InterfacePolicy,,Interface Class253 contains non-abstract method Method1330
spring-cloud__spring-cloud-gateway,UNSAT,InterfacePolicy,,Interface Class253 contains non-abstract method Method1331
spring-cloud__spring-cloud-gateway,UNSAT,InterfacePolicy,,Interface Class253 contains non-abstract method Method1332
spring-cloud__spring-cloud-gateway,UNSAT,InterfacePolicy,,Interface Class253 contains non-abstract method Method1333
spring-cloud__spring-cloud-gateway,UNSAT,InterfacePolicy,,Interface Class253 contains non-abstract method Method1334
spring-cloud__spring-cloud-gateway,UNSAT,InterfacePolicy,,Interface Class253 contains non-abstract method Method1335
spring-cloud__spring-cloud-gateway,UNSAT,InterfacePolicy,,Interface Class253 contains non-abstract method Method1336
spring-cloud__spring-cloud-gateway,UNSAT,InterfacePolicy,,Interface Class253 contains non-abstract method Method1337
spring-cloud__spring-cloud-gateway,UNSAT,InterfacePolicy,,Interface Class253 contains non-abstract method Method1338
spring-cloud__spring-cloud-gateway,UNSAT,InterfacePolicy,,Interface Class253 contains non-abstract method Method1339
spring-cloud__spring-cloud-gateway,UNSAT,InterfacePolicy,,Interface Class253 contains non-abstract method Method1340
spring-cloud__spring-cloud-gateway,UNSAT,InterfacePolicy,,Interface Class253 contains non-abstract method Method1341
spring-cloud__spring-cloud-gateway,UNSAT,InterfacePolicy,,Interface Class253 contains non-abstract method Method1342
spring-cloud__spring-cloud-gateway,UNSAT,InterfacePolicy,,Interface Class253 contains non-abstract method Method1343
spring-cloud__spring-cloud-gateway,UNSAT,InterfacePolicy,,Interface Class253 contains non-abstract method Method1344
spring-cloud__spring-cloud-gateway,UNSAT,InterfacePolicy,,Interface Class253 contains non-abstract method Method1345
spring-cloud__spring-cloud-gateway,UNSAT,InterfacePolicy,,Interface Class253 contains non-abstract method Method1346
spring-cloud__spring-cloud-gateway,UNSAT,InterfacePolicy,,Interface Class253 contains non-abstract method Method1347
spring-cloud__spring-cloud-gateway,UNSAT,InterfacePolicy,,Interface Class253 contains non-abstract method Method1348
spring-cloud__spring-cloud-gateway,UNSAT,InterfacePolicy,,Interface Class253 contains non-abstract method Method1349
spring-cloud__spring-cloud-gateway,UNSAT,InterfacePolicy,,Interface Class253 contains non-abstract method Method1350
spring-cloud__spring-cloud-gateway,UNSAT,InterfacePolicy,,Interface Class253 contains non-abstract method Method1351
spring-cloud__spring-cloud-gateway,UNSAT,InterfacePolicy,,Interface Class253 contains non-abstract method Method1352
spring-cloud__spring-cloud-gateway,UNSAT,InterfacePolicy,,Interface Class253 contains non-abstract method Method1353
spring-cloud__spring-cloud-gateway,UNSAT,InterfacePolicy,,Interface Class253 contains non-abstract method Method1354
spring-cloud__spring-cloud-gateway,UNSAT,InterfacePolicy,,Interface Class253 contains non-abstract method Method1355
spring-cloud__spring-cloud-gateway,UNSAT,InterfacePolicy,,Interface Class253 contains non-abstract method Method1356
spring-cloud__spring-cloud-gateway,UNSAT,InterfacePolicy,,Interface Class253 contains non-abstract method Method1357
spring-cloud__spring-cloud-gateway,UNSAT,InterfacePolicy,,Interface Class253 contains non-abstract method Method1358
spring-cloud__spring-cloud-gateway,UNSAT,InterfacePolicy,,Interface Class253 contains non-abstract method Method1359
spring-cloud__spring-cloud-gateway,UNSAT,InterfacePolicy,,Interface Class253 contains non-abstract method Method1360
spring-cloud__spring-cloud-gateway,UNSAT,InterfacePolicy,,Interface Class253 contains non-abstract method Method1361
spring-cloud__spring-cloud-gateway,UNSAT,InterfacePolicy,,Interface Class253 contains non-abstract method Method1362
spring-cloud__spring-cloud-gateway,UNSAT,InterfacePolicy,,Interface Class253 contains non-abstract method Method1363
spring-cloud__spring-cloud-gateway,UNSAT,InterfacePolicy,,Interface Class253 contains non-abstract method Method1364
spring-cloud__spring-cloud-gateway,UNSAT,InterfacePolicy,,Interface Class253 contains non-abstract method Method1365
spring-cloud__spring-cloud-gateway,UNSAT,InterfacePolicy,,Interface Class253 contains non-abstract method Method1366
spring-cloud__spring-cloud-gateway,UNSAT,InterfacePolicy,,Interface Class253 contains non-abstract method Method1367
spring-cloud__spring-cloud-gateway,UNSAT,InterfacePolicy,,Interface Class253 contains non-abstract method Method1368
spring-cloud__spring-cloud-gateway,UNSAT,InterfacePolicy,,Interface Class253 contains non-abstract method Method1369
spring-cloud__spring-cloud-gateway,UNSAT,InterfacePolicy,,Interface Class253 contains non-abstract method Method1370
spring-cloud__spring-cloud-gateway,UNSAT,InterfacePolicy,,Interface Class272 contains non-abstract method Method1421
spring-cloud__spring-cloud-gateway,UNSAT,InterfacePolicy,,Interface Class272 contains non-abstract method Method1422
spring-cloud__spring-cloud-gateway,UNSAT,InterfacePolicy,,Interface Class290 contains non-abstract method Method1589
spring-cloud__spring-cloud-gateway,UNSAT,InterfacePolicy,,Interface Class290 contains non-abstract method Method1590
spring-cloud__spring-cloud-gateway,UNSAT,InterfacePolicy,,Interface Class290 contains non-abstract method Method1591
spring-cloud__spring-cloud-gateway,UNSAT,InterfacePolicy,,Interface Class290 contains non-abstract method Method1592
spring-cloud__spring-cloud-gateway,UNSAT,InterfacePolicy,,Interface Class290 contains non-abstract method Method1593
spring-cloud__spring-cloud-gateway,UNSAT,InterfacePolicy,,Interface Class290 contains non-abstract method Method1594
spring-cloud__spring-cloud-gateway,UNSAT,InterfacePolicy,,Interface Class290 contains non-abstract method Method1595
spring-cloud__spring-cloud-gateway,UNSAT,InterfacePolicy,,Interface Class290 contains non-abstract method Method1596
spring-cloud__spring-cloud-gateway,UNSAT,InterfacePolicy,,Interface Class290 contains non-abstract method Method1597
spring-cloud__spring-cloud-gateway,UNSAT,InterfacePolicy,,Interface Class290 contains non-abstract method Method1598
spring-cloud__spring-cloud-gateway,UNSAT,InterfacePolicy,,Interface Class290 contains non-abstract method Method1599
spring-cloud__spring-cloud-gateway,UNSAT,InterfacePolicy,,Interface Class290 contains non-abstract method Method1600
spring-cloud__spring-cloud-gateway,UNSAT,InterfacePolicy,,Interface Class290 contains non-abstract method Method1602
spring-cloud__spring-cloud-gateway,UNSAT,InterfacePolicy,,Interface Class290 contains non-abstract method Method1603
spring-cloud__spring-cloud-gateway,UNSAT,InterfacePolicy,,Interface Class290 contains non-abstract method Method1604
spring-cloud__spring-cloud-gateway,UNSAT,InterfacePolicy,,Interface Class290 contains non-abstract method Method1605
spring-cloud__spring-cloud-gateway,UNSAT,InterfacePolicy,,Interface Class298 contains non-abstract method Method1650
spring-cloud__spring-cloud-gateway,UNSAT,InterfacePolicy,,Interface Class303 contains non-abstract method Method1665
spring-cloud__spring-cloud-gateway,UNSAT,InterfacePolicy,,Interface Class307 contains non-abstract method Method1674
spring-cloud__spring-cloud-gateway,UNSAT,InterfacePolicy,,Interface Class307 contains non-abstract method Method1675
spring-cloud__spring-cloud-gateway,UNSAT,InterfacePolicy,,Interface Class313 contains non-abstract method Method1689
spring-cloud__spring-cloud-gateway,UNSAT,InterfacePolicy,,Interface Class331 contains non-abstract method Method1759
spring-cloud__spring-cloud-gateway,UNSAT,InterfacePolicy,,Interface Class342 contains non-abstract method Method1813
spring-cloud__spring-cloud-gateway,UNSAT,InterfacePolicy,,Interface Class342 contains non-abstract method Method1814
spring-cloud__spring-cloud-gateway,UNSAT,InterfacePolicy,,Interface Class342 contains non-abstract method Method1815
spring-cloud__spring-cloud-gateway,UNSAT,InterfacePolicy,,Interface Class342 contains non-abstract method Method1816
spring-cloud__spring-cloud-gateway,UNSAT,InterfacePolicy,,Interface Class342 contains non-abstract method Method1817
spring-cloud__spring-cloud-gateway,UNSAT,InterfacePolicy,,Interface Class351 contains non-abstract method Method1835
spring-cloud__spring-cloud-gateway,UNSAT,InterfacePolicy,,Interface Class356 contains non-abstract method Method1843
spring-cloud__spring-cloud-gateway,UNSAT,InterfacePolicy,,Interface Class57 has field Field114
spring-cloud__spring-cloud-gateway,UNSAT,InterfacePolicy,,Interface Class57 has field Field115
spring-cloud__spring-cloud-gateway,UNSAT,InterfacePolicy,,Interface Class82 has field Field171
spring-cloud__spring-cloud-gateway,UNSAT,InterfacePolicy,,Interface Class82 has field Field172
spring-cloud__spring-cloud-gateway,UNSAT,InterfacePolicy,,Interface Class151 has field Field320
spring-cloud__spring-cloud-gateway,UNSAT,InterfacePolicy,,Interface Class185 has field Field418
spring-cloud__spring-cloud-gateway,UNSAT,InterfacePolicy,,Interface Class272 has field Field607
spring-cloud__spring-cloud-gateway,UNSAT,InterfacePolicy,,Interface Class309 has field Field689
spring-cloud__spring-cloud-gateway,UNSAT,LocalMethodNamespace,,"Duplicate method name 'isAvailable' in class Class1: Method10, Method11"
springdoc__springdoc-openapi,UNSAT,InterfacePolicy,,Interface Class66 contains non-abstract method Method306
springdoc__springdoc-openapi,UNSAT,InterfacePolicy,,Interface Class141 contains non-abstract method Method1071
springdoc__springdoc-openapi,UNSAT,InterfacePolicy,,Interface Class169 contains non-abstract method Method1376
springdoc__springdoc-openapi,UNSAT,InterfacePolicy,,Interface Class169 contains non-abstract method Method1377
springdoc__springdoc-openapi,UNSAT,InterfacePolicy,,Interface Class169 contains non-abstract method Method1378
springdoc__springdoc-openapi,UNSAT,InterfacePolicy,,Interface Class169 contains non-abstract method Method1379
springdoc__springdoc-openapi,UNSAT,InterfacePolicy,,Interface Class169 contains non-abstract method Method1380
springdoc__springdoc-openapi,UNSAT,InterfacePolicy,,Interface Class178 contains non-abstract method Method1461
springdoc__springdoc-openapi,UNSAT,LocalMethodNamespace,,"Duplicate method name 'isFilterCondition' in class Class1: Method38, Method39"
stleary__JSON-java,UNSAT,LocalMethodNamespace,,"Duplicate method name 'rowToJSONObject' in class Class0: Method5, Method6"
techa03__goodsKill,UNSAT,IdentifierIntegrity,,"Duplicate name 'com.goodskill.core.enums.SeckillSolutionEnum' used by: Class115, Class116"
techa03__goodsKill,UNSAT,IdentifierIntegrity,,"Duplicate name 'com.goodskill.core.enums.CommonConstants' used by: Class112, Class113"
techa03__goodsKill,UNSAT,LocalMethodNamespace,,"Duplicate method name 'page' in class Class65: Method160, Method161"
Tencent__Shadow,UNSAT,IdentifierIntegrity,,"Duplicate name 'com.tencent.shadow.sample.host.MainActivity' used by: Class132, Class133, Class134"
Tencent__Shadow,UNSAT,IdentifierIntegrity,,"Duplicate name 'com.tencent.shadow.sample.host.HostApplication' used by: Class130, Class131"
Tencent__Shadow,UNSAT,IdentifierIntegrity,,"Duplicate name 'com.tencent.shadow.dynamic.impl.WhiteList' used by: Class101, Class102, Class103, Class104, Class105"
Tencent__Shadow,UNSAT,IdentifierIntegrity,,"Duplicate name 'com.tencent.shadow.sample.manager.FastPluginManager' used by: Class162, Class163"
Tencent__Shadow,UNSAT,IdentifierIntegrity,,"Duplicate name 'com.tencent.shadow.sample.manager.SamplePluginManager' used by: Class164, Class165"
Tencent__Shadow,UNSAT,IdentifierIntegrity,,"Duplicate name 'com.tencent.shadow.sample.host.PluginHelper' used by: Class139, Class140"
Tencent__Shadow,UNSAT,IdentifierIntegrity,,"Duplicate name 'com.tencent.shadow.dynamic.impl.ManagerFactoryImpl' used by: Class98, Class99, Class100"
Tencent__Shadow,UNSAT,IdentifierIntegrity,,"Duplicate name 'com.tencent.shadow.sample.host.MessageFormatter' used by: Class135, Class136"
Tencent__Shadow,UNSAT,IdentifierIntegrity,,"Duplicate name 'com.tencent.shadow.sample.host.AndroidLogLoggerFactory' used by: Class126, Class127"
Tencent__Shadow,UNSAT,IdentifierIntegrity,,"Duplicate name 'com.tencent.shadow.sample.host.FormattingTuple' used by: Class128, Class129"
Tencent__Shadow,UNSAT,IdentifierIntegrity,,"Duplicate name 'com.tencent.shadow.dynamic.loader.impl.CoreLoaderFactoryImpl' used by: Class108, Class109, Class110"
Tencent__Shadow,UNSAT,InterfacePolicy,,Interface Class58 has field Field225
Tencent__Shadow,UNSAT,InterfacePolicy,,Interface Class58 has field Field226
Tencent__Shadow,UNSAT,InterfacePolicy,,Interface Class96 has field Field318
Tencent__Shadow,UNSAT,InterfacePolicy,,Interface Class96 has field Field319
Tencent__Shadow,UNSAT,InterfacePolicy,,Interface Class96 has field Field320
Tencent__Shadow,UNSAT,InterfacePolicy,,Interface Class96 has field Field321
Tencent__Shadow,UNSAT,InterfacePolicy,,Interface Class96 has field Field322
Tencent__Shadow,UNSAT,InterfacePolicy,,Interface Class96 has field Field323
Tencent__Shadow,UNSAT,InterfacePolicy,,Interface Class96 has field Field324
Tencent__Shadow,UNSAT,InterfacePolicy,,Interface Class101 has field Field325
Tencent__Shadow,UNSAT,InterfacePolicy,,Interface Class102 has field Field326
Tencent__Shadow,UNSAT,InterfacePolicy,,Interface Class103 has field Field327
Tencent__Shadow,UNSAT,InterfacePolicy,,Interface Class104 has field Field328
Tencent__Shadow,UNSAT,InterfacePolicy,,Interface Class105 has field Field329
Tencent__Shadow,UNSAT,InterfacePolicy,,Interface Class106 has field Field330
Tencent__Shadow,UNSAT,InterfacePolicy,,Interface Class106 has field Field331
Tencent__Shadow,UNSAT,InterfacePolicy,,Interface Class106 has field Field332
Tencent__Shadow,UNSAT,InterfacePolicy,,Interface Class106 has field Field333
Tencent__Shadow,UNSAT,InterfacePolicy,,Interface Class106 has field Field334
Tencent__Shadow,UNSAT,InterfacePolicy,,Interface Class106 has field Field335
Tencent__Shadow,UNSAT,InterfacePolicy,,Interface Class106 has field Field336
Tencent__Shadow,UNSAT,InterfacePolicy,,Interface Class106 has field Field337
Tencent__Shadow,UNSAT,InterfacePolicy,,Interface Class106 has field Field338
Tencent__Shadow,UNSAT,InterfacePolicy,,Interface Class106 has field Field339
Tencent__Shadow,UNSAT,InterfacePolicy,,Interface Class107 has field Field340
Tencent__Shadow,UNSAT,InterfacePolicy,,Interface Class107 has field Field341
Tencent__Shadow,UNSAT,InterfacePolicy,,Interface Class107 has field Field342
Tencent__Shadow,UNSAT,LocalMethodNamespace,,"Duplicate method name 'rotate' in class Class2: Method3, Method4"
Tencent__spring-cloud-tencent,UNSAT,IdentifierIntegrity,,"Duplicate name 'com.tencent.cloud.quickstart.callee.pojo.User' used by: Class439, Class440"
Tencent__spring-cloud-tencent,UNSAT,IdentifierIntegrity,,"Duplicate name 'com.tencent.cloud.quickstart.callee.config.CustomConfigChangeListener' used by: Class434, Class435"
Tencent__spring-cloud-tencent,UNSAT,IdentifierIntegrity,,"Duplicate name 'com.tencent.cloud.quickstart.callee.CustomMetadata' used by: Class428, Class429"
Tencent__spring-cloud-tencent,UNSAT,IdentifierIntegrity,,"Duplicate name 'com.tencent.cloud.quickstart.callee.config.DataSourceProperties' used by: Class436, Class437"
Tencent__spring-cloud-tencent,UNSAT,IdentifierIntegrity,,"Duplicate name 'com.tencent.cloud.quickstart.callee.QuickstartCalleeController' used by: Class430, Class431"
Tencent__spring-cloud-tencent,UNSAT,IdentifierIntegrity,,"Duplicate name 'com.tencent.cloud.quickstart.callee.service.CalleeServiceChangeCallback' used by: Class442, Class443"
Tencent__spring-cloud-tencent,UNSAT,InterfacePolicy,,Interface Class19 contains non-abstract method Method96
Tencent__spring-cloud-tencent,UNSAT,InterfacePolicy,,Interface Class19 contains non-abstract method Method97
Tencent__spring-cloud-tencent,UNSAT,InterfacePolicy,,Interface Class19 contains non-abstract method Method98
Tencent__spring-cloud-tencent,UNSAT,InterfacePolicy,,Interface Class19 contains non-abstract method Method99
Tencent__spring-cloud-tencent,UNSAT,InterfacePolicy,,Interface Class19 contains non-abstract method Method100
Tencent__spring-cloud-tencent,UNSAT,InterfacePolicy,,Interface Class19 contains non-abstract method Method101
Tencent__spring-cloud-tencent,UNSAT,InterfacePolicy,,Interface Class147 contains non-abstract method Method637
Tencent__spring-cloud-tencent,UNSAT,InterfacePolicy,,Interface Class147 contains non-abstract method Method638
Tencent__spring-cloud-tencent,UNSAT,InterfacePolicy,,Interface Class147 contains non-abstract method Method639
Tencent__spring-cloud-tencent,UNSAT,InterfacePolicy,,Interface Class226 contains non-abstract method Method962
Tencent__spring-cloud-tencent,UNSAT,InterfacePolicy,,Interface Class253 contains non-abstract method Method1092
Tencent__spring-cloud-tencent,UNSAT,InterfacePolicy,,Interface Class370 contains non-abstract method Method1647
Tencent__spring-cloud-tencent,UNSAT,InterfacePolicy,,Interface Class370 contains non-abstract method Method1648
Tencent__spring-cloud-tencent,UNSAT,InterfacePolicy,,Interface Class370 contains non-abstract method Method1649
Tencent__spring-cloud-tencent,UNSAT,InterfacePolicy,,Interface Class477 contains non-abstract method Method1939
Tencent__spring-cloud-tencent,UNSAT,InterfacePolicy,,Interface Class477 contains non-abstract method Method1941
Tencent__spring-cloud-tencent,UNSAT,InterfacePolicy,,Interface Class490 contains non-abstract method Method2028
Tencent__spring-cloud-tencent,UNSAT,InterfacePolicy,,Interface Class490 contains non-abstract method Method2030
Tencent__spring-cloud-tencent,UNSAT,InterfacePolicy,,Interface Class493 contains non-abstract method Method2034
Tencent__spring-cloud-tencent,UNSAT,InterfacePolicy,,Interface Class493 contains non-abstract method Method2035
Tencent__spring-cloud-tencent,UNSAT,InterfacePolicy,,Interface Class493 contains non-abstract method Method2036
Tencent__spring-cloud-tencent,UNSAT,InterfacePolicy,,Interface Class564 contains non-abstract method Method2439
Tencent__spring-cloud-tencent,UNSAT,InterfacePolicy,,Interface Class147 has field Field341
Tencent__spring-cloud-tencent,UNSAT,LocalMethodNamespace,,"Duplicate method name 'putContext' in class Class11: Method23, Method24"
termux__termux-api,UNSAT,LocalMethodNamespace,,"Duplicate method name 'writeIfKnown' in class Class35: Method129, Method130, Method131"
testcontainers__testcontainers-java,UNSAT,IdentifierIntegrity,,"Duplicate name 'com.mycompany.cache.Cache' used by: Class11, Class12"
testcontainers__testcontainers-java,UNSAT,IdentifierIntegrity,,"Duplicate name 'quickstart.RedisBackedCache' used by: Class355, Class356, Class357"
testcontainers__testcontainers-java,UNSAT,IdentifierIntegrity,,"Duplicate name 'com.mycompany.cache.RedisBackedCache' used by: Class13, Class14"
testcontainers__testcontainers-java,UNSAT,IdentifierIntegrity,,"Duplicate name 'com.example.DemoApplication' used by: Class0, Class1"
testcontainers__testcontainers-java,UNSAT,InterfacePolicy,,Interface Class46 contains non-abstract method Method251
testcontainers__testcontainers-java,UNSAT,InterfacePolicy,,Interface Class46 contains non-abstract method Method254
testcontainers__testcontainers-java,UNSAT,InterfacePolicy,,Interface Class46 contains non-abstract method Method255
testcontainers__testcontainers-java,UNSAT,InterfacePolicy,,Interface Class46 contains non-abstract method Method266
testcontainers__testcontainers-java,UNSAT,InterfacePolicy,,Interface Class46 contains non-abstract method Method280
testcontainers__testcontainers-java,UNSAT,InterfacePolicy,,Interface Class46 contains non-abstract method Method287
testcontainers__testcontainers-java,UNSAT,InterfacePolicy,,Interface Class46 contains non-abstract method Method291
testcontainers__testcontainers-java,UNSAT,InterfacePolicy,,Interface Class50 contains non-abstract method Method346
testcontainers__testcontainers-java,UNSAT,InterfacePolicy,,Interface Class50 contains non-abstract method Method347
testcontainers__testcontainers-java,UNSAT,InterfacePolicy,,Interface Class50 contains non-abstract method Method348
testcontainers__testcontainers-java,UNSAT,InterfacePolicy,,Interface Class50 contains non-abstract method Method349
testcontainers__testcontainers-java,UNSAT,InterfacePolicy,,Interface Class50 contains non-abstract method Method350
testcontainers__testcontainers-java,UNSAT,InterfacePolicy,,Interface Class50 contains non-abstract method Method351
testcontainers__testcontainers-java,UNSAT,InterfacePolicy,,Interface Class50 contains non-abstract method Method352
testcontainers__testcontainers-java,UNSAT,InterfacePolicy,,Interface Class50 contains non-abstract method Method353
testcontainers__testcontainers-java,UNSAT,InterfacePolicy,,Interface Class50 contains non-abstract method Method354
testcontainers__testcontainers-java,UNSAT,InterfacePolicy,,Interface Class50 contains non-abstract method Method355
testcontainers__testcontainers-java,UNSAT,InterfacePolicy,,Interface Class50 contains non-abstract method Method356
testcontainers__testcontainers-java,UNSAT,InterfacePolicy,,Interface Class50 contains non-abstract method Method357
testcontainers__testcontainers-java,UNSAT,InterfacePolicy,,Interface Class50 contains non-abstract method Method359
testcontainers__testcontainers-java,UNSAT,InterfacePolicy,,Interface Class50 contains non-abstract method Method360
testcontainers__testcontainers-java,UNSAT,InterfacePolicy,,Interface Class50 contains non-abstract method Method361
testcontainers__testcontainers-java,UNSAT,InterfacePolicy,,Interface Class50 contains non-abstract method Method363
testcontainers__testcontainers-java,UNSAT,InterfacePolicy,,Interface Class50 contains non-abstract method Method364
testcontainers__testcontainers-java,UNSAT,InterfacePolicy,,Interface Class50 contains non-abstract method Method365
testcontainers__testcontainers-java,UNSAT,InterfacePolicy,,Interface Class50 contains non-abstract method Method366
testcontainers__testcontainers-java,UNSAT,InterfacePolicy,,Interface Class50 contains non-abstract method Method367
testcontainers__testcontainers-java,UNSAT,InterfacePolicy,,Interface Class50 contains non-abstract method Method368
testcontainers__testcontainers-java,UNSAT,InterfacePolicy,,Interface Class50 contains non-abstract method Method369
testcontainers__testcontainers-java,UNSAT,InterfacePolicy,,Interface Class50 contains non-abstract method Method370
testcontainers__testcontainers-java,UNSAT,InterfacePolicy,,Interface Class50 contains non-abstract method Method371
testcontainers__testcontainers-java,UNSAT,InterfacePolicy,,Interface Class92 contains non-abstract method Method752
testcontainers__testcontainers-java,UNSAT,InterfacePolicy,,Interface Class92 contains non-abstract method Method755
testcontainers__testcontainers-java,UNSAT,InterfacePolicy,,Interface Class114 contains non-abstract method Method919
testcontainers__testcontainers-java,UNSAT,InterfacePolicy,,Interface Class161 contains non-abstract method Method1118
testcontainers__testcontainers-java,UNSAT,InterfacePolicy,,Interface Class218 contains non-abstract method Method1435
testcontainers__testcontainers-java,UNSAT,InterfacePolicy,,Interface Class218 contains non-abstract method Method1436
testcontainers__testcontainers-java,UNSAT,InterfacePolicy,,Interface Class218 contains non-abstract method Method1437
testcontainers__testcontainers-java,UNSAT,InterfacePolicy,,Interface Class218 contains non-abstract method Method1439
testcontainers__testcontainers-java,UNSAT,InterfacePolicy,,Interface Class218 contains non-abstract method Method1440
testcontainers__testcontainers-java,UNSAT,InterfacePolicy,,Interface Class218 contains non-abstract method Method1441
testcontainers__testcontainers-java,UNSAT,InterfacePolicy,,Interface Class218 contains non-abstract method Method1442
testcontainers__testcontainers-java,UNSAT,InterfacePolicy,,Interface Class218 contains non-abstract method Method1443
testcontainers__testcontainers-java,UNSAT,InterfacePolicy,,Interface Class218 contains non-abstract method Method1444
testcontainers__testcontainers-java,UNSAT,InterfacePolicy,,Interface Class225 contains non-abstract method Method1451
testcontainers__testcontainers-java,UNSAT,InterfacePolicy,,Interface Class226 contains non-abstract method Method1452
testcontainers__testcontainers-java,UNSAT,InterfacePolicy,,Interface Class226 contains non-abstract method Method1453
testcontainers__testcontainers-java,UNSAT,InterfacePolicy,,Interface Class227 contains non-abstract method Method1454
testcontainers__testcontainers-java,UNSAT,InterfacePolicy,,Interface Class228 contains non-abstract method Method1456
testcontainers__testcontainers-java,UNSAT,InterfacePolicy,,Interface Class229 contains non-abstract method Method1457
testcontainers__testcontainers-java,UNSAT,InterfacePolicy,,Interface Class229 contains non-abstract method Method1458
testcontainers__testcontainers-java,UNSAT,InterfacePolicy,,Interface Class230 contains non-abstract method Method1459
testcontainers__testcontainers-java,UNSAT,InterfacePolicy,,Interface Class230 contains non-abstract method Method1460
testcontainers__testcontainers-java,UNSAT,InterfacePolicy,,Interface Class231 contains non-abstract method Method1461
testcontainers__testcontainers-java,UNSAT,InterfacePolicy,,Interface Class232 contains non-abstract method Method1462
testcontainers__testcontainers-java,UNSAT,InterfacePolicy,,Interface Class233 contains non-abstract method Method1463
testcontainers__testcontainers-java,UNSAT,InterfacePolicy,,Interface Class233 contains non-abstract method Method1464
testcontainers__testcontainers-java,UNSAT,InterfacePolicy,,Interface Class234 contains non-abstract method Method1465
testcontainers__testcontainers-java,UNSAT,InterfacePolicy,,Interface Class234 contains non-abstract method Method1466
testcontainers__testcontainers-java,UNSAT,InterfacePolicy,,Interface Class235 contains non-abstract method Method1467
testcontainers__testcontainers-java,UNSAT,InterfacePolicy,,Interface Class236 contains non-abstract method Method1468
testcontainers__testcontainers-java,UNSAT,InterfacePolicy,,Interface Class237 contains non-abstract method Method1469
testcontainers__testcontainers-java,UNSAT,InterfacePolicy,,Interface Class239 contains non-abstract method Method1471
testcontainers__testcontainers-java,UNSAT,InterfacePolicy,,Interface Class240 contains non-abstract method Method1472
testcontainers__testcontainers-java,UNSAT,InterfacePolicy,,Interface Class241 contains non-abstract method Method1473
testcontainers__testcontainers-java,UNSAT,InterfacePolicy,,Interface Class241 contains non-abstract method Method1474
testcontainers__testcontainers-java,UNSAT,InterfacePolicy,,Interface Class241 contains non-abstract method Method1475
testcontainers__testcontainers-java,UNSAT,InterfacePolicy,,Interface Class241 contains non-abstract method Method1476
testcontainers__testcontainers-java,UNSAT,InterfacePolicy,,Interface Class242 contains non-abstract method Method1477
testcontainers__testcontainers-java,UNSAT,InterfacePolicy,,Interface Class268 contains non-abstract method Method1588
testcontainers__testcontainers-java,UNSAT,InterfacePolicy,,Interface Class268 contains non-abstract method Method1589
testcontainers__testcontainers-java,UNSAT,InterfacePolicy,,Interface Class271 contains non-abstract method Method1600
testcontainers__testcontainers-java,UNSAT,InterfacePolicy,,Interface Class271 contains non-abstract method Method1601
testcontainers__testcontainers-java,UNSAT,InterfacePolicy,,Interface Class305 contains non-abstract method Method1809
testcontainers__testcontainers-java,UNSAT,InterfacePolicy,,Interface Class50 has field Field247
testcontainers__testcontainers-java,UNSAT,InterfacePolicy,,Interface Class57 has field Field270
testcontainers__testcontainers-java,UNSAT,InterfacePolicy,,Interface Class57 has field Field271
testcontainers__testcontainers-java,UNSAT,InterfacePolicy,,Interface Class92 has field Field455
testcontainers__testcontainers-java,UNSAT,InterfacePolicy,,Interface Class218 has field Field961
testcontainers__testcontainers-java,UNSAT,InterfacePolicy,,Interface Class218 has field Field962
testcontainers__testcontainers-java,UNSAT,InterfacePolicy,,Interface Class305 has field Field1207
testcontainers__testcontainers-java,UNSAT,InterfacePolicy,,Interface Class305 has field Field1208
testcontainers__testcontainers-java,UNSAT,InterfacePolicy,,Interface Class351 has field Field1406
testcontainers__testcontainers-java,UNSAT,LocalMethodNamespace,,"Duplicate method name 'runInsideDocker' in class Class16: Method38, Method39"
TheAlgorithms__Java,UNSAT,InterfacePolicy,,Interface Class769 contains non-abstract method Method2398
TheAlgorithms__Java,UNSAT,InterfacePolicy,,Interface Class85 has field Field95
TheAlgorithms__Java,UNSAT,InterfacePolicy,,Interface Class85 has field Field96
TheAlgorithms__Java,UNSAT,LocalMethodNamespace,,"Duplicate method name 'gcd' in class Class26: Method67, Method68, Method69"
uber__AutoDispose,UNSAT,InterfacePolicy,,Interface Class46 contains non-abstract method Method198
uber__AutoDispose,UNSAT,InterfacePolicy,,Interface Class29 has field Field44
uber__AutoDispose,UNSAT,LocalMethodNamespace,,"Duplicate method name 'dispose' in class Class2: Method9, Method10"
uber__NullAway,UNSAT,IdentifierIntegrity,,"Duplicate name 'com.uber.nullaway.jarinfer.AndroidJarInferModels' used by: Class141, Class142, Class143, Class144"
uber__NullAway,UNSAT,IdentifierIntegrity,,"Duplicate name 'com.uber.nullaway.jarinfer.toys.unannotated.Bar' used by: Class154, Class155"
uber__NullAway,UNSAT,IdentifierIntegrity,,"Duplicate name 'com.uber.nullaway.jdkannotations.ParameterAnnotation' used by: Class168, Class169"
uber__NullAway,UNSAT,IdentifierIntegrity,,"Duplicate name 'com.uber.nullaway.jarinfer.toys.unannotated.Foo' used by: Class160, Class161"
uber__NullAway,UNSAT,IdentifierIntegrity,,"Duplicate name 'com.uber.nullaway.jarinfer.toys.unannotated.Toys' used by: Class162, Class163"
uber__NullAway,UNSAT,IdentifierIntegrity,,"Duplicate name 'com.uber.nullaway.jdkannotations.ReturnAnnotation' used by: Class170, Class171"
uber__NullAway,UNSAT,IdentifierIntegrity,,"Duplicate name 'com.uber.nullaway.jarinfer.toys.unannotated.ExpectNullable' used by: Class158, Class159"
uber__NullAway,UNSAT,IdentifierIntegrity,,"Duplicate name 'org.utilities.StringUtils' used by: Class185, Class186"
uber__NullAway,UNSAT,IdentifierIntegrity,,"Duplicate name 'com.uber.nullaway.jarinfer.toys.unannotated.ExpectNonnull' used by: Class156, Class157"
uber__NullAway,UNSAT,InterfacePolicy,,Interface Class25 contains non-abstract method Method35
uber__NullAway,UNSAT,InterfacePolicy,,Interface Class47 contains non-abstract method Method227
uber__NullAway,UNSAT,InterfacePolicy,,Interface Class47 contains non-abstract method Method230
uber__NullAway,UNSAT,InterfacePolicy,,Interface Class47 contains non-abstract method Method231
uber__NullAway,UNSAT,InterfacePolicy,,Interface Class47 contains non-abstract method Method237
uber__NullAway,UNSAT,InterfacePolicy,,Interface Class47 contains non-abstract method Method238
uber__NullAway,UNSAT,InterfacePolicy,,Interface Class47 contains non-abstract method Method240
uber__NullAway,UNSAT,InterfacePolicy,,Interface Class79 contains non-abstract method Method627
uber__NullAway,UNSAT,InterfacePolicy,,Interface Class87 contains non-abstract method Method644
uber__NullAway,UNSAT,InterfacePolicy,,Interface Class87 contains non-abstract method Method645
uber__NullAway,UNSAT,InterfacePolicy,,Interface Class101 contains non-abstract method Method805
uber__NullAway,UNSAT,InterfacePolicy,,Interface Class112 contains non-abstract method Method878
uber__NullAway,UNSAT,InterfacePolicy,,Interface Class112 contains non-abstract method Method879
uber__NullAway,UNSAT,InterfacePolicy,,Interface Class112 contains non-abstract method Method880
uber__NullAway,UNSAT,InterfacePolicy,,Interface Class112 contains non-abstract method Method881
uber__NullAway,UNSAT,InterfacePolicy,,Interface Class112 contains non-abstract method Method882
uber__NullAway,UNSAT,InterfacePolicy,,Interface Class112 contains non-abstract method Method883
uber__NullAway,UNSAT,InterfacePolicy,,Interface Class112 contains non-abstract method Method884
uber__NullAway,UNSAT,InterfacePolicy,,Interface Class112 contains non-abstract method Method885
uber__NullAway,UNSAT,InterfacePolicy,,Interface Class112 contains non-abstract method Method886
uber__NullAway,UNSAT,InterfacePolicy,,Interface Class112 contains non-abstract method Method887
uber__NullAway,UNSAT,InterfacePolicy,,Interface Class112 contains non-abstract method Method888
uber__NullAway,UNSAT,InterfacePolicy,,Interface Class112 contains non-abstract method Method889
uber__NullAway,UNSAT,InterfacePolicy,,Interface Class112 contains non-abstract method Method890
uber__NullAway,UNSAT,InterfacePolicy,,Interface Class112 contains non-abstract method Method891
uber__NullAway,UNSAT,InterfacePolicy,,Interface Class112 contains non-abstract method Method892
uber__NullAway,UNSAT,InterfacePolicy,,Interface Class112 contains non-abstract method Method893
uber__NullAway,UNSAT,InterfacePolicy,,Interface Class112 contains non-abstract method Method894
uber__NullAway,UNSAT,InterfacePolicy,,Interface Class112 contains non-abstract method Method895
uber__NullAway,UNSAT,InterfacePolicy,,Interface Class112 contains non-abstract method Method896
uber__NullAway,UNSAT,InterfacePolicy,,Interface Class112 contains non-abstract method Method897
uber__NullAway,UNSAT,InterfacePolicy,,Interface Class112 contains non-abstract method Method898
uber__NullAway,UNSAT,InterfacePolicy,,Interface Class112 contains non-abstract method Method899
uber__NullAway,UNSAT,InterfacePolicy,,Interface Class112 contains non-abstract method Method900
uber__NullAway,UNSAT,InterfacePolicy,,Interface Class112 contains non-abstract method Method901
uber__NullAway,UNSAT,InterfacePolicy,,Interface Class112 contains non-abstract method Method902
uber__NullAway,UNSAT,InterfacePolicy,,Interface Class112 contains non-abstract method Method903
uber__NullAway,UNSAT,InterfacePolicy,,Interface Class112 contains non-abstract method Method904
uber__NullAway,UNSAT,InterfacePolicy,,Interface Class79 has field Field192
uber__NullAway,UNSAT,InterfacePolicy,,Interface Class101 has field Field245
uber__NullAway,UNSAT,LocalMethodNamespace,,"Duplicate method name 'createErrorDescription' in class Class43: Method172, Method173"
UnevenSoftware__LeafPic,UNSAT,InterfacePolicy,,Interface Class34 contains non-abstract method Method365
UnevenSoftware__LeafPic,UNSAT,InterfacePolicy,,Interface Class84 has field Field343
UnevenSoftware__LeafPic,UNSAT,InterfacePolicy,,Interface Class84 has field Field344
UnevenSoftware__LeafPic,UNSAT,LocalMethodNamespace,,"Duplicate method name 'buildHttpDataSourceFactory' in class Class19: Method146, Method147"
vector4wang__spring-boot-quick,UNSAT,IdentifierIntegrity,,"Duplicate name 'com.modules.api.APIController' used by: Class72, Class73"
vector4wang__spring-boot-quick,UNSAT,IdentifierIntegrity,,"Duplicate name 'com.quick.mapper.CityMapper' used by: Class316, Class317"
vector4wang__spring-boot-quick,UNSAT,IdentifierIntegrity,,"Duplicate name 'com.quick.Application' used by: Class111, Class112, Class113, Class114"
vector4wang__spring-boot-quick,UNSAT,IdentifierIntegrity,,"Duplicate name 'com.shiro.config.ShiroConfig' used by: Class479, Class480"
vector4wang__spring-boot-quick,UNSAT,IdentifierIntegrity,,"Duplicate name 'com.modules.Application' used by: Class70, Class71"
vector4wang__spring-boot-quick,UNSAT,IdentifierIntegrity,,"Duplicate name 'com.quick.entity.CityExample' used by: Class238, Class239"
vector4wang__spring-boot-quick,UNSAT,IdentifierIntegrity,,"Duplicate name 'com.shiro.service.UserService' used by: Class512, Class513"
vector4wang__spring-boot-quick,UNSAT,IdentifierIntegrity,,"Duplicate name 'com.quick.flowable.FlowableApplication' used by: Class258, Class259"
vector4wang__spring-boot-quick,UNSAT,IdentifierIntegrity,,"Duplicate name 'com.quick.controller.WebController' used by: Class196, Class197"
vector4wang__spring-boot-quick,UNSAT,IdentifierIntegrity,,"Duplicate name 'com.quick.entity.City' used by: Class236, Class237"
vector4wang__spring-boot-quick,UNSAT,InterfacePolicy,,Interface Class126 contains non-abstract method Method309
vector4wang__spring-boot-quick,UNSAT,InterfacePolicy,,Interface Class134 contains non-abstract method Method319
vector4wang__spring-boot-quick,UNSAT,InterfacePolicy,,Interface Class134 contains non-abstract method Method320
vector4wang__spring-boot-quick,UNSAT,InterfacePolicy,,Interface Class172 contains non-abstract method Method410
vector4wang__spring-boot-quick,UNSAT,InterfacePolicy,,Interface Class172 contains non-abstract method Method411
vector4wang__spring-boot-quick,UNSAT,InterfacePolicy,,Interface Class172 contains non-abstract method Method412
vector4wang__spring-boot-quick,UNSAT,InterfacePolicy,,Interface Class172 contains non-abstract method Method413
vector4wang__spring-boot-quick,UNSAT,InterfacePolicy,,Interface Class172 contains non-abstract method Method414
vector4wang__spring-boot-quick,UNSAT,InterfacePolicy,,Interface Class482 has field Field994
vector4wang__spring-boot-quick,UNSAT,InterfacePolicy,,Interface Class482 has field Field995
vector4wang__spring-boot-quick,UNSAT,InterfacePolicy,,Interface Class482 has field Field996
vector4wang__spring-boot-quick,UNSAT,InterfacePolicy,,Interface Class482 has field Field997
vector4wang__spring-boot-quick,UNSAT,LocalMethodNamespace,,"Duplicate method name 'findAll' in class Class42: Method103, Method104, Method105, Method106"
Vineflower__vineflower,UNSAT,InterfacePolicy,,Interface Class2 contains non-abstract method Method8
Vineflower__vineflower,UNSAT,InterfacePolicy,,Interface Class7 contains non-abstract method Method24
Vineflower__vineflower,UNSAT,InterfacePolicy,,Interface Class60 contains non-abstract method Method234
Vineflower__vineflower,UNSAT,InterfacePolicy,,Interface Class2 has field Field3
Vineflower__vineflower,UNSAT,InterfacePolicy,,Interface Class7 has field Field7
Vineflower__vineflower,UNSAT,InterfacePolicy,,Interface Class7 has field Field8
Vineflower__vineflower,UNSAT,InterfacePolicy,,Interface Class7 has field Field9
Vineflower__vineflower,UNSAT,InterfacePolicy,,Interface Class7 has field Field10
Vineflower__vineflower,UNSAT,InterfacePolicy,,Interface Class7 has field Field11
Vineflower__vineflower,UNSAT,InterfacePolicy,,Interface Class7 has field Field12
Vineflower__vineflower,UNSAT,InterfacePolicy,,Interface Class40 has field Field66
Vineflower__vineflower,UNSAT,InterfacePolicy,,Interface Class60 has field Field146
Vineflower__vineflower,UNSAT,InterfacePolicy,,Interface Class60 has field Field147
Vineflower__vineflower,UNSAT,InterfacePolicy,,Interface Class60 has field Field148
Vineflower__vineflower,UNSAT,InterfacePolicy,,Interface Class60 has field Field149
Vineflower__vineflower,UNSAT,LocalMethodNamespace,,"Duplicate method name 'setDestinationDir' in class Class0: Method4, Method5"
vladmihalcea__hypersistence-utils,UNSAT,IdentifierIntegrity,,"Duplicate name 'io.hypersistence.utils.hibernate.type.array.internal.UUIDArrayTypeDescriptor' used by: Class175, Class176, Class177"
vladmihalcea__hypersistence-utils,UNSAT,IdentifierIntegrity,,"Duplicate name 'io.hypersistence.utils.hibernate.type.search.internal.PostgreSQLTSVectorSqlTypeDescriptor' used by: Class334, Class335, Class336"
vladmihalcea__hypersistence-utils,UNSAT,IdentifierIntegrity,,"Duplicate name 'io.hypersistence.utils.hibernate.type.money.internal.CurrencyUnitTypeDescriptor' used by: Class316, Class317, Class318"
vladmihalcea__hypersistence-utils,UNSAT,IdentifierIntegrity,,"Duplicate name 'io.hypersistence.utils.hibernate.type.array.LocalDateArrayType' used by: Class100, Class101, Class102"
vladmihalcea__hypersistence-utils,UNSAT,IdentifierIntegrity,,"Duplicate name 'io.hypersistence.utils.hibernate.type.json.JsonNodeStringType' used by: Class268, Class269, Class270"
vladmihalcea__hypersistence-utils,UNSAT,IdentifierIntegrity,,"Duplicate name 'io.hypersistence.utils.spring.repository.HibernateRepositoryImpl' used by: Class403, Class404, Class405"
vladmihalcea__hypersistence-utils,UNSAT,IdentifierIntegrity,,"Duplicate name 'io.hypersistence.utils.hibernate.type.array.internal.FloatArrayTypeDescriptor' used by: Class148, Class149, Class150"
vladmihalcea__hypersistence-utils,UNSAT,IdentifierIntegrity,,"Duplicate name 'io.hypersistence.utils.test.transaction.EntityManagerTransactionFunction' used by: Class432, Class433, Class434"
vladmihalcea__hypersistence-utils,UNSAT,IdentifierIntegrity,,"Duplicate name 'io.hypersistence.utils.hibernate.type.json.internal.JsonJavaTypeDescriptor' used by: Class298, Class299, Class300"
vladmihalcea__hypersistence-utils,UNSAT,IdentifierIntegrity,,"Duplicate name 'io.hypersistence.utils.hibernate.id.TsidValueGenerator' used by: Class34, Class35, Class36"
vladmihalcea__hypersistence-utils,UNSAT,IdentifierIntegrity,,"Duplicate name 'io.hypersistence.utils.hibernate.type.util.Configuration' used by: Class343, Class344, Class345"
vladmihalcea__hypersistence-utils,UNSAT,IdentifierIntegrity,,"Duplicate name 'io.hypersistence.utils.jdbc.validator.SQLStatementCountMismatchException' used by: Class376, Class377, Class378"
vladmihalcea__hypersistence-utils,UNSAT,IdentifierIntegrity,,"Duplicate name 'io.hypersistence.utils.hibernate.type.array.internal.GenericArrayTypeDescriptor' used by: Class151, Class152, Class153"
vladmihalcea__hypersistence-utils,UNSAT,IdentifierIntegrity,,"Duplicate name 'io.hypersistence.utils.hibernate.type.json.internal.JdbcTypeSetter' used by: Class283, Class284, Class285"
vladmihalcea__hypersistence-utils,UNSAT,IdentifierIntegrity,,"Duplicate name 'io.hypersistence.utils.hibernate.type.array.internal.LocalDateTimeArrayTypeDescriptor' used by: Class163, Class164, Class165"
vladmihalcea__hypersistence-utils,UNSAT,IdentifierIntegrity,,"Duplicate name 'io.hypersistence.utils.hibernate.type.array.internal.TimestampArrayTypeDescriptor' used by: Class172, Class173, Class174"
vladmihalcea__hypersistence-utils,UNSAT,IdentifierIntegrity,,"Duplicate name 'io.hypersistence.utils.hibernate.type.range.spring.PostgreSQLSpringRangeType' used by: Class328, Class329, Class330"
vladmihalcea__hypersistence-utils,UNSAT,IdentifierIntegrity,,"Duplicate name 'io.hypersistence.utils.hibernate.type.basic.YearMonthIntegerType' used by: Class214, Class215, Class216"
vladmihalcea__hypersistence-utils,UNSAT,IdentifierIntegrity,,"Duplicate name 'io.hypersistence.utils.hibernate.type.array.internal.DecimalArrayTypeDescriptor' used by: Class139, Class140, Class141"
vladmihalcea__hypersistence-utils,UNSAT,IdentifierIntegrity,,"Duplicate name 'io.hypersistence.utils.hibernate.query.SQLExtractor' used by: Class55, Class56, Class57"
vladmihalcea__hypersistence-utils,UNSAT,IdentifierIntegrity,,"Duplicate name 'io.hypersistence.utils.test.transaction.SessionTransactionConsumer' used by: Class435, Class436, Class437"
vladmihalcea__hypersistence-utils,UNSAT,IdentifierIntegrity,,"Duplicate name 'io.hypersistence.utils.hibernate.type.array.BooleanArrayType' used by: Class76, Class77, Class78"
vladmihalcea__hypersistence-utils,UNSAT,IdentifierIntegrity,,"Duplicate name 'io.hypersistence.utils.hibernate.query.QueryStackTraceLogger' used by: Class52, Class53, Class54"
vladmihalcea__hypersistence-utils,UNSAT,IdentifierIntegrity,,"Duplicate name 'io.hypersistence.utils.hibernate.type.json.JsonBinaryType' used by: Class256, Class257, Class258"
vladmihalcea__hypersistence-utils,UNSAT,IdentifierIntegrity,,"Duplicate name 'io.hypersistence.utils.hibernate.type.array.MultiDimensionalArrayType' used by: Class109, Class110, Class111"
vladmihalcea__hypersistence-utils,UNSAT,IdentifierIntegrity,,"Duplicate name 'io.hypersistence.utils.hibernate.type.util.ObjectMapperJsonSerializer' used by: Class361, Class362, Class363"
vladmihalcea__hypersistence-utils,UNSAT,IdentifierIntegrity,,"Duplicate name 'io.hypersistence.utils.hibernate.type.util.JsonSerializerSupplier' used by: Class352, Class353, Class354"
vladmihalcea__hypersistence-utils,UNSAT,IdentifierIntegrity,,"Duplicate name 'io.hypersistence.utils.hibernate.query.DistinctListTransformer' used by: Class40, Class41, Class42"
vladmihalcea__hypersistence-utils,UNSAT,IdentifierIntegrity,,"Duplicate name 'io.hypersistence.utils.hibernate.query.ListResultTransformer' used by: Class46, Class47, Class48"
vladmihalcea__hypersistence-utils,UNSAT,IdentifierIntegrity,,"Duplicate name 'io.hypersistence.utils.hibernate.type.array.EnumArrayType' used by: Class88, Class89, Class90"
vladmihalcea__hypersistence-utils,UNSAT,IdentifierIntegrity,,"Duplicate name 'io.hypersistence.utils.hibernate.type.array.internal.StringArrayTypeDescriptor' used by: Class169, Class170, Class171"
vladmihalcea__hypersistence-utils,UNSAT,IdentifierIntegrity,,"Duplicate name 'io.hypersistence.utils.hibernate.type.util.ParameterTypeUtils' used by: Class370, Class371, Class372"
vladmihalcea__hypersistence-utils,UNSAT,IdentifierIntegrity,,"Duplicate name 'io.hypersistence.utils.hibernate.type.interval.PostgreSQLIntervalType' used by: Class250, Class251, Class252"
vladmihalcea__hypersistence-utils,UNSAT,IdentifierIntegrity,,"Duplicate name 'io.hypersistence.utils.hibernate.type.basic.internal.YearMonthEpochTypeDescriptor' used by: Class235, Class236, Class237"
vladmihalcea__hypersistence-utils,UNSAT,IdentifierIntegrity,,"Duplicate name 'io.hypersistence.utils.hibernate.type.array.TimestampArrayType' used by: Class115, Class116, Class117"
vladmihalcea__hypersistence-utils,UNSAT,IdentifierIntegrity,,"Duplicate name 'io.hypersistence.utils.hibernate.type.range.Range' used by: Class322, Class323, Class324"
vladmihalcea__hypersistence-utils,UNSAT,IdentifierIntegrity,,"Duplicate name 'io.hypersistence.utils.hibernate.id.TsidGenerator' used by: Class31, Class32, Class33"
vladmihalcea__hypersistence-utils,UNSAT,IdentifierIntegrity,,"Duplicate name 'io.hypersistence.utils.hibernate.type.basic.NullableCharacterType' used by: Class193, Class194, Class195"
vladmihalcea__hypersistence-utils,UNSAT,IdentifierIntegrity,,"Duplicate name 'io.hypersistence.utils.hibernate.type.json.internal.JacksonUtil' used by: Class280, Class281, Class282"
vladmihalcea__hypersistence-utils,UNSAT,IdentifierIntegrity,,"Duplicate name 'io.hypersistence.utils.common.LogUtils' used by: Class6, Class7, Class8"
vladmihalcea__hypersistence-utils,UNSAT,IdentifierIntegrity,,"Duplicate name 'io.hypersistence.utils.spring.repository.StatelessSessionUtil' used by: Class406, Class407"
vladmihalcea__hypersistence-utils,UNSAT,IdentifierIntegrity,,"Duplicate name 'io.hypersistence.utils.hibernate.type.array.internal.ArraySqlTypeDescriptor' used by: Class127, Class128, Class129"
vladmihalcea__hypersistence-utils,UNSAT,IdentifierIntegrity,,"Duplicate name 'io.hypersistence.utils.hibernate.type.basic.Iso8601MonthType' used by: Class184, Class185, Class186"
vladmihalcea__hypersistence-utils,UNSAT,IdentifierIntegrity,,"Duplicate name 'io.hypersistence.utils.hibernate.type.MutableType' used by: Class73, Class74, Class75"
vladmihalcea__hypersistence-utils,UNSAT,IdentifierIntegrity,,"Duplicate name 'io.hypersistence.utils.test.providers.AbstractContainerDataSourceProvider' used by: Class411, Class412, Class413"
vladmihalcea__hypersistence-utils,UNSAT,IdentifierIntegrity,,"Duplicate name 'io.hypersistence.utils.hibernate.type.basic.internal.NumberJdbcTypeDescriptor' used by: Class232, Class233, Class234"
vladmihalcea__hypersistence-utils,UNSAT,IdentifierIntegrity,,"Duplicate name 'io.hypersistence.utils.hibernate.type.basic.internal.Iso8601MonthTypeDescriptor' used by: Class226, Class227, Class228"
vladmihalcea__hypersistence-utils,UNSAT,IdentifierIntegrity,,"Duplicate name 'io.hypersistence.utils.spring.repository.HibernateRepository' used by: Class400, Class401, Class402"
vladmihalcea__hypersistence-utils,UNSAT,IdentifierIntegrity,,"Duplicate name 'io.hypersistence.utils.hibernate.type.interval.PostgreSQLPeriodType' used by: Class253, Class254, Class255"
vladmihalcea__hypersistence-utils,UNSAT,IdentifierIntegrity,,"Duplicate name 'io.hypersistence.utils.hibernate.type.array.internal.DoubleArrayTypeDescriptor' used by: Class142, Class143, Class144"
vladmihalcea__hypersistence-utils,UNSAT,IdentifierIntegrity,,"Duplicate name 'io.hypersistence.utils.hibernate.type.array.DecimalArrayType' used by: Class82, Class83, Class84"
vladmihalcea__hypersistence-utils,UNSAT,IdentifierIntegrity,,"Duplicate name 'io.hypersistence.utils.hibernate.id.BatchSequence' used by: Class15, Class16, Class17"
vladmihalcea__hypersistence-utils,UNSAT,IdentifierIntegrity,,"Duplicate name 'io.hypersistence.utils.spring.repository.BaseJpaRepositoryImpl' used by: Class397, Class398, Class399"
vladmihalcea__hypersistence-utils,UNSAT,IdentifierIntegrity,,"Duplicate name 'io.hypersistence.utils.hibernate.type.util.JsonConfiguration' used by: Class346, Class347, Class348"
vladmihalcea__hypersistence-utils,UNSAT,IdentifierIntegrity,,"Duplicate name 'io.hypersistence.utils.hibernate.type.json.JsonStringType' used by: Class271, Class272, Class273"
vladmihalcea__hypersistence-utils,UNSAT,IdentifierIntegrity,,"Duplicate name 'io.hypersistence.utils.test.transaction.VoidCallable' used by: Class441, Class442, Class443"
vladmihalcea__hypersistence-utils,UNSAT,IdentifierIntegrity,,"Duplicate name 'io.hypersistence.utils.test.transaction.ConnectionTransactionFunction' used by: Class426, Class427, Class428"
vladmihalcea__hypersistence-utils,UNSAT,IdentifierIntegrity,,"Duplicate name 'io.hypersistence.utils.hibernate.id.Tsid' used by: Class28, Class29, Class30"
vladmihalcea__hypersistence-utils,UNSAT,IdentifierIntegrity,,"Duplicate name 'io.hypersistence.utils.hibernate.type.money.MonetaryAmountType' used by: Class313, Class314, Class315"
vladmihalcea__hypersistence-utils,UNSAT,IdentifierIntegrity,,"Duplicate name 'io.hypersistence.utils.hibernate.type.json.JsonClobType' used by: Class262, Class263, Class264"
vladmihalcea__hypersistence-utils,UNSAT,IdentifierIntegrity,,"Duplicate name 'io.hypersistence.utils.hibernate.type.basic.PostgreSQLCITextType' used by: Class196, Class197, Class198"
vladmihalcea__hypersistence-utils,UNSAT,IdentifierIntegrity,,"Duplicate name 'io.hypersistence.utils.spring.repository.BaseJpaRepository' used by: Class394, Class395, Class396"
vladmihalcea__hypersistence-utils,UNSAT,IdentifierIntegrity,,"Duplicate name 'io.hypersistence.utils.hibernate.type.array.internal.AbstractArrayTypeDescriptor' used by: Class124, Class125, Class126"
vladmihalcea__hypersistence-utils,UNSAT,IdentifierIntegrity,,"Duplicate name 'io.hypersistence.utils.logging.InlineQueryLogEntryCreator' used by: Class385, Class386, Class387"
vladmihalcea__hypersistence-utils,UNSAT,IdentifierIntegrity,,"Duplicate name 'io.hypersistence.utils.hibernate.type.range.guava.PostgreSQLGuavaRangeType' used by: Class325, Class326, Class327"
vladmihalcea__hypersistence-utils,UNSAT,IdentifierIntegrity,,"Duplicate name 'io.hypersistence.utils.jdbc.validator.SQLStatementCountValidator' used by: Class379, Class380, Class381"
vladmihalcea__hypersistence-utils,UNSAT,IdentifierIntegrity,,"Duplicate name 'io.hypersistence.utils.hibernate.naming.CamelCaseToSnakeCaseNamingStrategy' used by: Class37, Class38, Class39"
vladmihalcea__hypersistence-utils,UNSAT,IdentifierIntegrity,,"Duplicate name 'io.hypersistence.utils.hibernate.type.basic.internal.YearMonthTypeDescriptor' used by: Class238, Class239, Class240"
vladmihalcea__hypersistence-utils,UNSAT,IdentifierIntegrity,,"Duplicate name 'io.hypersistence.utils.hibernate.query.MapResultTransformer' used by: Class49, Class50, Class51"
vladmihalcea__hypersistence-utils,UNSAT,IdentifierIntegrity,,"Duplicate name 'io.hypersistence.utils.hibernate.type.util.ParameterizedParameterType' used by: Class373, Class374, Class375"
vladmihalcea__hypersistence-utils,UNSAT,IdentifierIntegrity,,"Duplicate name 'io.hypersistence.utils.test.transaction.ConnectionTransactionConsumer' used by: Class423, Class424, Class425"
vladmihalcea__hypersistence-utils,UNSAT,IdentifierIntegrity,,"Duplicate name 'io.hypersistence.utils.spring.aop.RetryAspect' used by: Class391, Class392, Class393"
vladmihalcea__hypersistence-utils,UNSAT,IdentifierIntegrity,,"Duplicate name 'io.hypersistence.utils.hibernate.type.basic.internal.YearTypeDescriptor' used by: Class241, Class242, Class243"
vladmihalcea__hypersistence-utils,UNSAT,IdentifierIntegrity,,"Duplicate name 'io.hypersistence.utils.hibernate.type.json.internal.JsonJdbcTypeDescriptor' used by: Class301, Class302, Class303"
vladmihalcea__hypersistence-utils,UNSAT,IdentifierIntegrity,,"Duplicate name 'io.hypersistence.utils.test.providers.DataSourceProvider' used by: Class414, Class415, Class416"
vladmihalcea__hypersistence-utils,UNSAT,IdentifierIntegrity,,"Duplicate name 'io.hypersistence.utils.hibernate.type.json.internal.JsonStringJdbcTypeDescriptor' used by: Class307, Class308, Class309"
vladmihalcea__hypersistence-utils,UNSAT,IdentifierIntegrity,,"Duplicate name 'io.hypersistence.utils.hibernate.type.basic.Inet' used by: Class181, Class182, Class183"
vladmihalcea__hypersistence-utils,UNSAT,IdentifierIntegrity,,"Duplicate name 'io.hypersistence.utils.hibernate.type.MutableDynamicParameterizedType' used by: Class70, Class71, Class72"
vladmihalcea__hypersistence-utils,UNSAT,IdentifierIntegrity,,"Duplicate name 'io.hypersistence.utils.hibernate.type.basic.PostgreSQLHStoreType' used by: Class199, Class200, Class201"
vladmihalcea__hypersistence-utils,UNSAT,IdentifierIntegrity,,"Duplicate name 'io.hypersistence.utils.hibernate.type.array.IntArrayType' used by: Class94, Class95, Class96"
vladmihalcea__hypersistence-utils,UNSAT,IdentifierIntegrity,,"Duplicate name 'io.hypersistence.utils.hibernate.type.range.PostgreSQLRangeType' used by: Class319, Class320, Class321"
vladmihalcea__hypersistence-utils,UNSAT,IdentifierIntegrity,,"Duplicate name 'io.hypersistence.utils.common.ClassLoaderUtils' used by: Class0, Class1, Class2"
vladmihalcea__hypersistence-utils,UNSAT,IdentifierIntegrity,,"Duplicate name 'io.hypersistence.utils.hibernate.id.BatchSequenceGenerator' used by: Class18, Class19, Class20, Class21"
vladmihalcea__hypersistence-utils,UNSAT,IdentifierIntegrity,,"Duplicate name 'io.hypersistence.utils.hibernate.type.basic.YearMonthEpochType' used by: Class211, Class212, Class213"
vladmihalcea__hypersistence-utils,UNSAT,IdentifierIntegrity,,"Duplicate name 'io.hypersistence.utils.jdbc.validator.StatementType' used by: Class382, Class383, Class384"
vladmihalcea__hypersistence-utils,UNSAT,IdentifierIntegrity,,"Duplicate name 'io.hypersistence.utils.test.providers.DataSourceProviderSupplier' used by: Class417, Class418, Class419"
vladmihalcea__hypersistence-utils,UNSAT,IdentifierIntegrity,,"Duplicate name 'io.hypersistence.utils.hibernate.type.util.KotlinObjectMapperBuilder' used by: Class355, Class356, Class357"
vladmihalcea__hypersistence-utils,UNSAT,IdentifierIntegrity,,"Duplicate name 'io.hypersistence.utils.hibernate.type.json.internal.AbstractJsonJdbcTypeDescriptor' used by: Class277, Class278, Class279"
vladmihalcea__hypersistence-utils,UNSAT,IdentifierIntegrity,,"Duplicate name 'io.hypersistence.utils.hibernate.type.DescriptorImmutableType' used by: Class58, Class59, Class60"
vladmihalcea__hypersistence-utils,UNSAT,IdentifierIntegrity,,"Duplicate name 'io.hypersistence.utils.hibernate.type.util.ObjectMapperWrapper' used by: Class367, Class368, Class369"
vladmihalcea__hypersistence-utils,UNSAT,IdentifierIntegrity,,"Duplicate name 'io.hypersistence.utils.hibernate.type.array.internal.DateArrayTypeDescriptor' used by: Class136, Class137, Class138"
vladmihalcea__hypersistence-utils,UNSAT,IdentifierIntegrity,,"Duplicate name 'io.hypersistence.utils.hibernate.type.json.internal.JsonClobJdbcTypeDescriptor' used by: Class295, Class296, Class297"
vladmihalcea__hypersistence-utils,UNSAT,IdentifierIntegrity,,"Duplicate name 'io.hypersistence.utils.hibernate.type.ImmutableType' used by: Class67, Class68, Class69"
vladmihalcea__hypersistence-utils,UNSAT,IdentifierIntegrity,,"Duplicate name 'io.hypersistence.utils.hibernate.type.json.JsonType' used by: Class274, Class275, Class276"
vladmihalcea__hypersistence-utils,UNSAT,IdentifierIntegrity,,"Duplicate name 'io.hypersistence.utils.hibernate.type.array.internal.ArrayUtil' used by: Class130, Class131, Class132"
vladmihalcea__hypersistence-utils,UNSAT,IdentifierIntegrity,,"Duplicate name 'io.hypersistence.utils.hibernate.type.array.internal.IntArrayTypeDescriptor' used by: Class154, Class155, Class156"
vladmihalcea__hypersistence-utils,UNSAT,IdentifierIntegrity,,"Duplicate name 'io.hypersistence.utils.hibernate.type.array.DoubleArrayType' used by: Class85, Class86, Class87"
vladmihalcea__hypersistence-utils,UNSAT,IdentifierIntegrity,,"Duplicate name 'io.hypersistence.utils.common.ExceptionUtil' used by: Class3, Class4, Class5"
vladmihalcea__hypersistence-utils,UNSAT,IdentifierIntegrity,,"Duplicate name 'io.hypersistence.utils.hibernate.type.array.internal.LocalDateArrayTypeDescriptor' used by: Class160, Class161, Class162"
vladmihalcea__hypersistence-utils,UNSAT,IdentifierIntegrity,,"Duplicate name 'io.hypersistence.utils.hibernate.type.array.ListArrayType' used by: Class97, Class98, Class99"
vladmihalcea__hypersistence-utils,UNSAT,IdentifierIntegrity,,"Duplicate name 'io.hypersistence.utils.common.ReflectionUtils' used by: Class9, Class10, Class11"
vladmihalcea__hypersistence-utils,UNSAT,IdentifierIntegrity,,"Duplicate name 'io.hypersistence.utils.hibernate.type.json.JsonBlobType' used by: Class259, Class260, Class261"
vladmihalcea__hypersistence-utils,UNSAT,IdentifierIntegrity,,"Duplicate name 'io.hypersistence.utils.hibernate.type.util.NonSerializableObjectException' used by: Class358, Class359, Class360"
vladmihalcea__hypersistence-utils,UNSAT,IdentifierIntegrity,,"Duplicate name 'io.hypersistence.utils.hibernate.type.util.JsonSerializer' used by: Class349, Class350, Class351"
vladmihalcea__hypersistence-utils,UNSAT,IdentifierIntegrity,,"Duplicate name 'io.hypersistence.utils.hibernate.type.basic.ZoneIdType' used by: Class223, Class224, Class225"
vladmihalcea__hypersistence-utils,UNSAT,IdentifierIntegrity,,"Duplicate name 'io.hypersistence.utils.test.providers.EntityProvider' used by: Class420, Class421, Class422"
vladmihalcea__hypersistence-utils,UNSAT,IdentifierIntegrity,,"Duplicate name 'io.hypersistence.utils.hibernate.type.basic.YearMonthDateType' used by: Class208, Class209, Class210"
vladmihalcea__hypersistence-utils,UNSAT,IdentifierIntegrity,,"Duplicate name 'io.hypersistence.utils.hibernate.type.HibernateTypesContributor' used by: Class61, Class62, Class63"
vladmihalcea__hypersistence-utils,UNSAT,IdentifierIntegrity,,"Duplicate name 'io.hypersistence.utils.hibernate.type.json.internal.JsonBytesJdbcTypeDescriptor' used by: Class292, Class293, Class294"
vladmihalcea__hypersistence-utils,UNSAT,IdentifierIntegrity,,"Duplicate name 'io.hypersistence.utils.hibernate.type.interval.OracleIntervalDayToSecondType' used by: Class247, Class248, Class249"
vladmihalcea__hypersistence-utils,UNSAT,IdentifierIntegrity,,"Duplicate name 'io.hypersistence.utils.test.AbstractHibernateTest' used by: Class408, Class409, Class410"
vladmihalcea__hypersistence-utils,UNSAT,IdentifierIntegrity,,"Duplicate name 'io.hypersistence.utils.hibernate.type.basic.PostgreSQLLTreeType' used by: Class205, Class206, Class207"
vladmihalcea__hypersistence-utils,UNSAT,IdentifierIntegrity,,"Duplicate name 'io.hypersistence.utils.hibernate.type.array.internal.LongArrayTypeDescriptor' used by: Class166, Class167, Class168"
vladmihalcea__hypersistence-utils,UNSAT,IdentifierIntegrity,,"Duplicate name 'io.hypersistence.utils.test.transaction.SessionTransactionFunction' used by: Class438, Class439, Class440"
vladmihalcea__hypersistence-utils,UNSAT,IdentifierIntegrity,,"Duplicate name 'io.hypersistence.utils.hibernate.type.basic.MonthDayIntegerType' used by: Class190, Class191, Class192"
vladmihalcea__hypersistence-utils,UNSAT,IdentifierIntegrity,,"Duplicate name 'io.hypersistence.utils.hibernate.type.json.JsonNodeBinaryType' used by: Class265, Class266, Class267"
vladmihalcea__hypersistence-utils,UNSAT,IdentifierIntegrity,,"Duplicate name 'io.hypersistence.utils.hibernate.type.array.internal.EnumArrayTypeDescriptor' used by: Class145, Class146, Class147"
vladmihalcea__hypersistence-utils,UNSAT,IdentifierIntegrity,,"Duplicate name 'io.hypersistence.utils.hibernate.type.array.UUIDArrayType' used by: Class118, Class119, Class120"
vladmihalcea__hypersistence-utils,UNSAT,IdentifierIntegrity,,"Duplicate name 'io.hypersistence.utils.hibernate.type.search.PostgreSQLTSVectorType' used by: Class331, Class332, Class333"
vladmihalcea__hypersistence-utils,UNSAT,IdentifierIntegrity,,"Duplicate name 'io.hypersistence.utils.hibernate.id.SequenceOptimizerGenerator' used by: Class25, Class26, Class27"
vladmihalcea__hypersistence-utils,UNSAT,IdentifierIntegrity,,"Duplicate name 'io.hypersistence.utils.hibernate.type.json.internal.JsonNodeJavaTypeDescriptor' used by: Class304, Class305, Class306"
vladmihalcea__hypersistence-utils,UNSAT,IdentifierIntegrity,,"Duplicate name 'io.hypersistence.utils.hibernate.type.basic.YearMonthTimestampType' used by: Class217, Class218, Class219"
vladmihalcea__hypersistence-utils,UNSAT,IdentifierIntegrity,,"Duplicate name 'io.hypersistence.utils.common.StringUtils' used by: Class12, Class13, Class14"
vladmihalcea__hypersistence-utils,UNSAT,IdentifierIntegrity,,"Duplicate name 'io.hypersistence.utils.hibernate.type.array.internal.BooleanArrayTypeDescriptor' used by: Class133, Class134, Class135"
vladmihalcea__hypersistence-utils,UNSAT,IdentifierIntegrity,,"Duplicate name 'io.hypersistence.utils.hibernate.type.json.internal.JsonBinaryJdbcTypeDescriptor' used by: Class286, Class287, Class288"
vladmihalcea__hypersistence-utils,UNSAT,IdentifierIntegrity,,"Duplicate name 'io.hypersistence.utils.test.transaction.EntityManagerTransactionConsumer' used by: Class429, Class430, Class431"
vladmihalcea__hypersistence-utils,UNSAT,IdentifierIntegrity,,"Duplicate name 'io.hypersistence.utils.hibernate.type.array.internal.AbstractArrayType' used by: Class121, Class122, Class123"
vladmihalcea__hypersistence-utils,UNSAT,IdentifierIntegrity,,"Duplicate name 'io.hypersistence.utils.spring.annotation.Retry' used by: Class388, Class389, Class390"
vladmihalcea__hypersistence-utils,UNSAT,IdentifierIntegrity,,"Duplicate name 'io.hypersistence.utils.hibernate.id.SequenceOptimizer' used by: Class22, Class23, Class24"
vladmihalcea__hypersistence-utils,UNSAT,IdentifierIntegrity,,"Duplicate name 'io.hypersistence.utils.hibernate.type.ImmutableDynamicParameterizedType' used by: Class64, Class65, Class66"
vladmihalcea__hypersistence-utils,UNSAT,IdentifierIntegrity,,"Duplicate name 'io.hypersistence.utils.hibernate.type.util.ClassImportIntegrator' used by: Class340, Class341, Class342"
vladmihalcea__hypersistence-utils,UNSAT,IdentifierIntegrity,,"Duplicate name 'io.hypersistence.utils.hibernate.type.money.CurrencyUnitType' used by: Class310, Class311, Class312"
vladmihalcea__hypersistence-utils,UNSAT,IdentifierIntegrity,,"Duplicate name 'io.hypersistence.utils.hibernate.type.basic.YearType' used by: Class220, Class221, Class222"
vladmihalcea__hypersistence-utils,UNSAT,IdentifierIntegrity,,"Duplicate name 'io.hypersistence.utils.hibernate.type.basic.internal.ZoneIdTypeDescriptor' used by: Class244, Class245, Class246"
vladmihalcea__hypersistence-utils,UNSAT,IdentifierIntegrity,,"Duplicate name 'io.hypersistence.utils.hibernate.type.basic.CustomOrdinalEnumConverter' used by: Class178, Class179, Class180"
vladmihalcea__hypersistence-utils,UNSAT,IdentifierIntegrity,,"Duplicate name 'io.hypersistence.utils.hibernate.type.search.internal.PostgreSQLTSVectorTypeDescriptor' used by: Class337, Class338, Class339"
vladmihalcea__hypersistence-utils,UNSAT,IdentifierIntegrity,,"Duplicate name 'io.hypersistence.utils.hibernate.type.json.internal.JsonBlobJdbcTypeDescriptor' used by: Class289, Class290, Class291"
vladmihalcea__hypersistence-utils,UNSAT,IdentifierIntegrity,,"Duplicate name 'io.hypersistence.utils.hibernate.type.array.LongArrayType' used by: Class106, Class107, Class108"
vladmihalcea__hypersistence-utils,UNSAT,IdentifierIntegrity,,"Duplicate name 'io.hypersistence.utils.hibernate.type.basic.MonthDayDateType' used by: Class187, Class188, Class189"
vladmihalcea__hypersistence-utils,UNSAT,IdentifierIntegrity,,"Duplicate name 'io.hypersistence.utils.hibernate.type.basic.internal.MonthDayTypeDescriptor' used by: Class229, Class230, Class231"
vladmihalcea__hypersistence-utils,UNSAT,IdentifierIntegrity,,"Duplicate name 'io.hypersistence.utils.hibernate.type.util.ObjectMapperSupplier' used by: Class364, Class365, Class366"
vladmihalcea__hypersistence-utils,UNSAT,IdentifierIntegrity,,"Duplicate name 'io.hypersistence.utils.hibernate.type.basic.PostgreSQLInetType' used by: Class202, Class203, Class204"
vladmihalcea__hypersistence-utils,UNSAT,IdentifierIntegrity,,"Duplicate name 'io.hypersistence.utils.hibernate.type.array.FloatArrayType' used by: Class91, Class92, Class93"
vladmihalcea__hypersistence-utils,UNSAT,IdentifierIntegrity,,"Duplicate name 'io.hypersistence.utils.hibernate.query.JfrQueryLogger' used by: Class43, Class44, Class45"
vladmihalcea__hypersistence-utils,UNSAT,IdentifierIntegrity,,"Duplicate name 'io.hypersistence.utils.hibernate.type.array.StringArrayType' used by: Class112, Class113, Class114"
vladmihalcea__hypersistence-utils,UNSAT,IdentifierIntegrity,,"Duplicate name 'io.hypersistence.utils.hibernate.type.array.internal.ListArrayTypeDescriptor' used by: Class157, Class158, Class159"
vladmihalcea__hypersistence-utils,UNSAT,IdentifierIntegrity,,"Duplicate name 'io.hypersistence.utils.hibernate.type.array.LocalDateTimeArrayType' used by: Class103, Class104, Class105"
vladmihalcea__hypersistence-utils,UNSAT,IdentifierIntegrity,,"Duplicate name 'io.hypersistence.utils.hibernate.type.array.DateArrayType' used by: Class79, Class80, Class81"
vladmihalcea__hypersistence-utils,UNSAT,InterfacePolicy,,Interface Class3 contains non-abstract method Method15
vladmihalcea__hypersistence-utils,UNSAT,InterfacePolicy,,Interface Class3 contains non-abstract method Method16
vladmihalcea__hypersistence-utils,UNSAT,InterfacePolicy,,Interface Class3 contains non-abstract method Method17
vladmihalcea__hypersistence-utils,UNSAT,InterfacePolicy,,Interface Class3 contains non-abstract method Method18
vladmihalcea__hypersistence-utils,UNSAT,InterfacePolicy,,Interface Class3 contains non-abstract method Method19
vladmihalcea__hypersistence-utils,UNSAT,InterfacePolicy,,Interface Class4 contains non-abstract method Method20
vladmihalcea__hypersistence-utils,UNSAT,InterfacePolicy,,Interface Class4 contains non-abstract method Method21
vladmihalcea__hypersistence-utils,UNSAT,InterfacePolicy,,Interface Class4 contains non-abstract method Method22
vladmihalcea__hypersistence-utils,UNSAT,InterfacePolicy,,Interface Class4 contains non-abstract method Method23
vladmihalcea__hypersistence-utils,UNSAT,InterfacePolicy,,Interface Class4 contains non-abstract method Method24
vladmihalcea__hypersistence-utils,UNSAT,InterfacePolicy,,Interface Class5 contains non-abstract method Method25
vladmihalcea__hypersistence-utils,UNSAT,InterfacePolicy,,Interface Class5 contains non-abstract method Method26
vladmihalcea__hypersistence-utils,UNSAT,InterfacePolicy,,Interface Class5 contains non-abstract method Method27
vladmihalcea__hypersistence-utils,UNSAT,InterfacePolicy,,Interface Class5 contains non-abstract method Method28
vladmihalcea__hypersistence-utils,UNSAT,InterfacePolicy,,Interface Class5 contains non-abstract method Method29
vladmihalcea__hypersistence-utils,UNSAT,InterfacePolicy,,Interface Class46 contains non-abstract method Method295
vladmihalcea__hypersistence-utils,UNSAT,InterfacePolicy,,Interface Class47 contains non-abstract method Method296
vladmihalcea__hypersistence-utils,UNSAT,InterfacePolicy,,Interface Class48 contains non-abstract method Method297
vladmihalcea__hypersistence-utils,UNSAT,InterfacePolicy,,Interface Class414 contains non-abstract method Method2146
vladmihalcea__hypersistence-utils,UNSAT,InterfacePolicy,,Interface Class414 contains non-abstract method Method2148
vladmihalcea__hypersistence-utils,UNSAT,InterfacePolicy,,Interface Class414 contains non-abstract method Method2149
vladmihalcea__hypersistence-utils,UNSAT,InterfacePolicy,,Interface Class415 contains non-abstract method Method2155
vladmihalcea__hypersistence-utils,UNSAT,InterfacePolicy,,Interface Class415 contains non-abstract method Method2157
vladmihalcea__hypersistence-utils,UNSAT,InterfacePolicy,,Interface Class415 contains non-abstract method Method2158
vladmihalcea__hypersistence-utils,UNSAT,InterfacePolicy,,Interface Class416 contains non-abstract method Method2164
vladmihalcea__hypersistence-utils,UNSAT,InterfacePolicy,,Interface Class416 contains non-abstract method Method2166
vladmihalcea__hypersistence-utils,UNSAT,InterfacePolicy,,Interface Class416 contains non-abstract method Method2167
vladmihalcea__hypersistence-utils,UNSAT,InterfacePolicy,,Interface Class423 contains non-abstract method Method2173
vladmihalcea__hypersistence-utils,UNSAT,InterfacePolicy,,Interface Class423 contains non-abstract method Method2174
vladmihalcea__hypersistence-utils,UNSAT,InterfacePolicy,,Interface Class424 contains non-abstract method Method2176
vladmihalcea__hypersistence-utils,UNSAT,InterfacePolicy,,Interface Class424 contains non-abstract method Method2177
vladmihalcea__hypersistence-utils,UNSAT,InterfacePolicy,,Interface Class425 contains non-abstract method Method2179
vladmihalcea__hypersistence-utils,UNSAT,InterfacePolicy,,Interface Class425 contains non-abstract method Method2180
vladmihalcea__hypersistence-utils,UNSAT,InterfacePolicy,,Interface Class426 contains non-abstract method Method2182
vladmihalcea__hypersistence-utils,UNSAT,InterfacePolicy,,Interface Class426 contains non-abstract method Method2183
vladmihalcea__hypersistence-utils,UNSAT,InterfacePolicy,,Interface Class427 contains non-abstract method Method2185
vladmihalcea__hypersistence-utils,UNSAT,InterfacePolicy,,Interface Class427 contains non-abstract method Method2186
vladmihalcea__hypersistence-utils,UNSAT,InterfacePolicy,,Interface Class428 contains non-abstract method Method2188
vladmihalcea__hypersistence-utils,UNSAT,InterfacePolicy,,Interface Class428 contains non-abstract method Method2189
vladmihalcea__hypersistence-utils,UNSAT,InterfacePolicy,,Interface Class429 contains non-abstract method Method2191
vladmihalcea__hypersistence-utils,UNSAT,InterfacePolicy,,Interface Class429 contains non-abstract method Method2192
vladmihalcea__hypersistence-utils,UNSAT,InterfacePolicy,,Interface Class430 contains non-abstract method Method2193
vladmihalcea__hypersistence-utils,UNSAT,InterfacePolicy,,Interface Class430 contains non-abstract method Method2194
vladmihalcea__hypersistence-utils,UNSAT,InterfacePolicy,,Interface Class431 contains non-abstract method Method2195
vladmihalcea__hypersistence-utils,UNSAT,InterfacePolicy,,Interface Class431 contains non-abstract method Method2196
vladmihalcea__hypersistence-utils,UNSAT,InterfacePolicy,,Interface Class432 contains non-abstract method Method2197
vladmihalcea__hypersistence-utils,UNSAT,InterfacePolicy,,Interface Class432 contains non-abstract method Method2198
vladmihalcea__hypersistence-utils,UNSAT,InterfacePolicy,,Interface Class433 contains non-abstract method Method2199
vladmihalcea__hypersistence-utils,UNSAT,InterfacePolicy,,Interface Class433 contains non-abstract method Method2200
vladmihalcea__hypersistence-utils,UNSAT,InterfacePolicy,,Interface Class434 contains non-abstract method Method2201
vladmihalcea__hypersistence-utils,UNSAT,InterfacePolicy,,Interface Class434 contains non-abstract method Method2202
vladmihalcea__hypersistence-utils,UNSAT,InterfacePolicy,,Interface Class435 contains non-abstract method Method2203
vladmihalcea__hypersistence-utils,UNSAT,InterfacePolicy,,Interface Class435 contains non-abstract method Method2204
vladmihalcea__hypersistence-utils,UNSAT,InterfacePolicy,,Interface Class436 contains non-abstract method Method2205
vladmihalcea__hypersistence-utils,UNSAT,InterfacePolicy,,Interface Class436 contains non-abstract method Method2206
vladmihalcea__hypersistence-utils,UNSAT,InterfacePolicy,,Interface Class437 contains non-abstract method Method2207
vladmihalcea__hypersistence-utils,UNSAT,InterfacePolicy,,Interface Class437 contains non-abstract method Method2208
vladmihalcea__hypersistence-utils,UNSAT,InterfacePolicy,,Interface Class438 contains non-abstract method Method2209
vladmihalcea__hypersistence-utils,UNSAT,InterfacePolicy,,Interface Class438 contains non-abstract method Method2210
vladmihalcea__hypersistence-utils,UNSAT,InterfacePolicy,,Interface Class439 contains non-abstract method Method2211
vladmihalcea__hypersistence-utils,UNSAT,InterfacePolicy,,Interface Class439 contains non-abstract method Method2212
vladmihalcea__hypersistence-utils,UNSAT,InterfacePolicy,,Interface Class440 contains non-abstract method Method2213
vladmihalcea__hypersistence-utils,UNSAT,InterfacePolicy,,Interface Class440 contains non-abstract method Method2214
vladmihalcea__hypersistence-utils,UNSAT,InterfacePolicy,,Interface Class441 contains non-abstract method Method2215
vladmihalcea__hypersistence-utils,UNSAT,InterfacePolicy,,Interface Class442 contains non-abstract method Method2217
vladmihalcea__hypersistence-utils,UNSAT,InterfacePolicy,,Interface Class443 contains non-abstract method Method2219
vladmihalcea__hypersistence-utils,UNSAT,InterfacePolicy,,Interface Class3 has field Field0
vladmihalcea__hypersistence-utils,UNSAT,InterfacePolicy,,Interface Class4 has field Field1
vladmihalcea__hypersistence-utils,UNSAT,InterfacePolicy,,Interface Class5 has field Field2
vladmihalcea__hypersistence-utils,UNSAT,LocalMethodNamespace,,"Duplicate method name 'getMethod' in class Class9: Method46, Method47"
wasabeef__richeditor-android,UNSAT,LocalMethodNamespace,,"Duplicate method name 'insertImage' in class Class0: Method9, Method10, Method11"
wenbochang888__house,SAT,,,All metamodel constraints hold
wushuo894__ani-rss,UNSAT,InterfacePolicy,,Interface Class53 contains non-abstract method Method163
wushuo894__ani-rss,UNSAT,InterfacePolicy,,Interface Class53 contains non-abstract method Method165
wushuo894__ani-rss,UNSAT,InterfacePolicy,,Interface Class53 contains non-abstract method Method167
wushuo894__ani-rss,UNSAT,InterfacePolicy,,Interface Class110 contains non-abstract method Method250
wushuo894__ani-rss,UNSAT,InterfacePolicy,,Interface Class110 contains non-abstract method Method251
wushuo894__ani-rss,UNSAT,InterfacePolicy,,Interface Class131 contains non-abstract method Method345
wushuo894__ani-rss,UNSAT,InterfacePolicy,,Interface Class131 contains non-abstract method Method346
wushuo894__ani-rss,UNSAT,InterfacePolicy,,Interface Class131 contains non-abstract method Method347
wushuo894__ani-rss,UNSAT,InterfacePolicy,,Interface Class134 contains non-abstract method Method357
wushuo894__ani-rss,UNSAT,InterfacePolicy,,Interface Class138 contains non-abstract method Method363
wushuo894__ani-rss,UNSAT,InterfacePolicy,,Interface Class138 contains non-abstract method Method364
wushuo894__ani-rss,UNSAT,InterfacePolicy,,Interface Class134 has field Field521
wushuo894__ani-rss,UNSAT,LocalMethodNamespace,,"Duplicate method name 'put' in class Class9: Method13, Method14"
xtuhcy__gecco,UNSAT,LocalMethodNamespace,,"Duplicate method name 'seed' in class Class0: Method42, Method43, Method44, Method45"
xuchengsheng__spring-reading,UNSAT,IdentifierIntegrity,,"Duplicate name 'com.xcs.spring.ScoresServiceImpl' used by: Class221, Class222, Class223, Class224"
xuchengsheng__spring-reading,UNSAT,IdentifierIntegrity,,"Duplicate name 'com.xcs.spring.controller.MyController' used by: Class366, Class367, Class368, Class369, Class370, Class371, Class372, Class373, Class374, Class375"
xuchengsheng__spring-reading,UNSAT,IdentifierIntegrity,,"Duplicate name 'com.xcs.spring.config.MyConfiguration' used by: Class300, Class301, Class302, Class303, Class304, Class305, Class306, Class307, Class308, Class309, Class310, Class311, Class312, Class313, Class314, Class315, Class316, Class317, Class318, Class319, Class320, Class321, Class322, Class323, Class324, Class325, Class326, Class327, Class328, Class329, Class330, Class331, Class332, Class333, Class334, Class335, Class336, Class337, Class338, Class339, Class340, Class341, Class342"
xuchengsheng__spring-reading,UNSAT,IdentifierIntegrity,,"Duplicate name 'com.xcs.spring.ScoresService' used by: Class217, Class218, Class219, Class220"
xuchengsheng__spring-reading,UNSAT,IdentifierIntegrity,,"Duplicate name 'com.xcs.spring.bean.MyBeanA' used by: Class281, Class282"
xuchengsheng__spring-reading,UNSAT,IdentifierIntegrity,,"Duplicate name 'com.xcs.spring.bean.MyBeanB' used by: Class283, Class284"
xuchengsheng__spring-reading,UNSAT,IdentifierIntegrity,,"Duplicate name 'com.xcs.spring.MyClassAnnotation' used by: Class126, Class127"
xuchengsheng__spring-reading,UNSAT,IdentifierIntegrity,,"Duplicate name 'com.xcs.spring.MyMethodInterceptor' used by: Class144, Class145, Class146, Class147, Class148"
xuchengsheng__spring-reading,UNSAT,IdentifierIntegrity,,"Duplicate name 'com.xcs.spring.MyService' used by: Class153, Class154, Class155, Class156, Class157, Class158, Class159, Class160, Class161, Class162, Class163, Class164, Class165, Class166, Class167, Class168, Class169, Class170, Class171, Class172, Class173, Class174, Class175, Class176, Class177, Class178"
xuchengsheng__spring-reading,UNSAT,IdentifierIntegrity,,"Duplicate name 'com.xcs.spring.repository.MyRepository' used by: Class391, Class392, Class393, Class394, Class395"
xuchengsheng__spring-reading,UNSAT,IdentifierIntegrity,,"Duplicate name 'com.xcs.spring.config.MySimpleBean' used by: Class356, Class357"
xuchengsheng__spring-reading,UNSAT,IdentifierIntegrity,,"Duplicate name 'com.xcs.spring.MyMethodBeforeAdvice' used by: Class140, Class141, Class142, Class143"
xuchengsheng__spring-reading,UNSAT,IdentifierIntegrity,,"Duplicate name 'com.xcs.spring.MyConnection' used by: Class128, Class129"
xuchengsheng__spring-reading,UNSAT,IdentifierIntegrity,,"Duplicate name 'com.xcs.spring.service.MyServiceB' used by: Class430, Class431, Class432, Class433"
xuchengsheng__spring-reading,UNSAT,IdentifierIntegrity,,"Duplicate name 'com.xcs.spring.service.MyServiceA' used by: Class426, Class427, Class428, Class429"
xuchengsheng__spring-reading,UNSAT,IdentifierIntegrity,,"Duplicate name 'com.xcs.spring.MyAdvice' used by: Class110, Class111"
xuchengsheng__spring-reading,UNSAT,IdentifierIntegrity,,"Duplicate name 'com.xcs.spring.MyMethodAnnotation' used by: Class138, Class139"
xuchengsheng__spring-reading,UNSAT,IdentifierIntegrity,,"Duplicate name 'com.xcs.spring.service.MyService' used by: Class405, Class406, Class407, Class408, Class409, Class410, Class411, Class412, Class413, Class414, Class415, Class416, Class417, Class418, Class419, Class420, Class421, Class422, Class423, Class424, Class425"
xuchengsheng__spring-reading,UNSAT,IdentifierIntegrity,,"Duplicate name 'com.xcs.spring.MyAspect' used by: Class116, Class117, Class118, Class119, Class120, Class121"
xuchengsheng__spring-reading,UNSAT,IdentifierIntegrity,,"Duplicate name 'com.xcs.spring.MyInvocationHandler' used by: Class135, Class136"
xuchengsheng__spring-reading,UNSAT,IdentifierIntegrity,,"Duplicate name 'com.xcs.spring.service.impl.MyServiceImpl' used by: Class441, Class442"
xuchengsheng__spring-reading,UNSAT,IdentifierIntegrity,,"Duplicate name 'com.xcs.spring.ConnectionPoolTargetSource' used by: Class62, Class63"
xuchengsheng__spring-reading,UNSAT,IdentifierIntegrity,,"Duplicate name 'com.xcs.spring.bean.MyBean' used by: Class259, Class260, Class261, Class262, Class263, Class264, Class265, Class266, Class267, Class268, Class269, Class270, Class271, Class272, Class273, Class274, Class275, Class276, Class277, Class278, Class279, Class280"
xuchengsheng__spring-reading,UNSAT,IdentifierIntegrity,,"Duplicate name 'com.xcs.spring.MyBean' used by: Class122, Class123, Class124, Class125"
xuchengsheng__spring-reading,UNSAT,IdentifierIntegrity,,"Duplicate name 'com.xcs.spring.service.UserService' used by: Class436, Class437, Class438"
xuchengsheng__spring-reading,UNSAT,IdentifierIntegrity,,"Duplicate name 'com.xcs.spring.annotation.MyAnnotation' used by: Class248, Class249"
xuchengsheng__spring-reading,UNSAT,IdentifierIntegrity,,"Duplicate name 'com.xcs.spring.AppConfig' used by: Class17, Class18, Class19, Class20, Class21, Class22, Class23, Class24"
xuchengsheng__spring-reading,UNSAT,IdentifierIntegrity,,"Duplicate name 'com.xcs.spring.config.MyBeanPostProcessor' used by: Class298, Class299"
xuchengsheng__spring-reading,UNSAT,IdentifierIntegrity,,"Duplicate name 'com.xcs.spring.MyServiceImpl' used by: Class179, Class180, Class181, Class182, Class183, Class184"
xuchengsheng__spring-reading,UNSAT,IdentifierIntegrity,,"Duplicate name 'com.xcs.spring.MyAfterReturningAdvice' used by: Class113, Class114"
xuchengsheng__wx-dump-4j,UNSAT,InterfacePolicy,,Interface Class94 contains non-abstract method Method66
xuchengsheng__wx-dump-4j,UNSAT,LocalMethodNamespace,,"Duplicate method name 'handleException' in class Class2: Method2, Method3, Method4"
xuxueli__xxl-sso,UNSAT,IdentifierIntegrity,,"Duplicate name 'com.xxl.sso.sample.weblogin.service.AccountService' used by: Class57, Class58"
xuxueli__xxl-sso,UNSAT,IdentifierIntegrity,,"Duplicate name 'com.xxl.sso.sample.weblogin.service.impl.AccountServiceImpl' used by: Class59, Class60"
xuxueli__xxl-sso,UNSAT,IdentifierIntegrity,,"Duplicate name 'com.xxl.sso.sample.openapi.service.AccountService' used by: Class46, Class47"
xuxueli__xxl-sso,UNSAT,IdentifierIntegrity,,"Duplicate name 'com.xxl.sso.sample.openapi.controller.NativeOpenAPIController' used by: Class40, Class41"
xuxueli__xxl-sso,UNSAT,IdentifierIntegrity,,"Duplicate name 'com.xxl.sso.sample.controller.resolver.WebHandlerExceptionResolver' used by: Class37, Class38, Class39"
xuxueli__xxl-sso,UNSAT,IdentifierIntegrity,,"Duplicate name 'com.xxl.sso.sample.XxlSsoWebApplication' used by: Class23, Class24"
xuxueli__xxl-sso,UNSAT,IdentifierIntegrity,,"Duplicate name 'com.xxl.sso.sample.openapi.model.AccountInfo' used by: Class42, Class43"
xuxueli__xxl-sso,UNSAT,IdentifierIntegrity,,"Duplicate name 'com.xxl.sso.sample.config.XxlSsoConfig' used by: Class25, Class26, Class27, Class28, Class29, Class30"
xuxueli__xxl-sso,UNSAT,IdentifierIntegrity,,"Duplicate name 'com.xxl.sso.sample.weblogin.controller.WebLoginController' used by: Class50, Class51"
xuxueli__xxl-sso,UNSAT,IdentifierIntegrity,,"Duplicate name 'com.xxl.sso.sample.XxlSsoNativeApplication' used by: Class21, Class22"
xuxueli__xxl-sso,UNSAT,IdentifierIntegrity,,"Duplicate name 'com.xxl.sso.sample.openapi.service.impl.AccountServiceImpl' used by: Class48, Class49"
xuxueli__xxl-sso,UNSAT,IdentifierIntegrity,,"Duplicate name 'com.xxl.sso.sample.weblogin.model.AccountInfo' used by: Class52, Class53"
xuxueli__xxl-sso,UNSAT,IdentifierIntegrity,,"Duplicate name 'com.xxl.sso.sample.controller.IndexController' used by: Class31, Class32, Class33, Class34, Class35, Class36"
xuxueli__xxl-sso,UNSAT,IdentifierIntegrity,,"Duplicate name 'com.xxl.sso.sample.XxlSsoCasApplication' used by: Class19, Class20"
xuxueli__xxl-sso,UNSAT,IdentifierIntegrity,,"Duplicate name 'com.xxl.sso.sample.openapi.model.LoginRequest' used by: Class44, Class45"
xuxueli__xxl-sso,UNSAT,InterfacePolicy,,Interface Class14 contains non-abstract method Method91
xuxueli__xxl-sso,UNSAT,InterfacePolicy,,Interface Class14 contains non-abstract method Method95
xuxueli__xxl-sso,UNSAT,InterfacePolicy,,Interface Class14 contains non-abstract method Method96
xuxueli__xxl-sso,UNSAT,InterfacePolicy,,Interface Class14 contains non-abstract method Method98
yangzongzhuan__RuoYi-Vue,UNSAT,LocalMethodNamespace,,"Duplicate method name 'error' in class Class19: Method71, Method72"
yizhiwazi__springboot-socks,UNSAT,IdentifierIntegrity,,"Duplicate name 'com.hehe.error.ErrorInfoBuilder' used by: Class62, Class63"
yizhiwazi__springboot-socks,UNSAT,IdentifierIntegrity,,"Duplicate name 'com.hehe.pojo.User' used by: Class80, Class81"
yizhiwazi__springboot-socks,UNSAT,IdentifierIntegrity,,"Duplicate name 'com.hehe.service.UserService' used by: Class85, Class86, Class87"
yizhiwazi__springboot-socks,UNSAT,IdentifierIntegrity,,"Duplicate name 'com.hehe.repository.UserRepository' used by: Class82, Class83"
yizhiwazi__springboot-socks,UNSAT,IdentifierIntegrity,,"Duplicate name 'com.hehe.controller.HelloController' used by: Class37, Class38"
yizhiwazi__springboot-socks,UNSAT,IdentifierIntegrity,,"Duplicate name 'com.hehe.error.ErrorInfo' used by: Class60, Class61"
yizhiwazi__springboot-socks,UNSAT,IdentifierIntegrity,,"Duplicate name 'com.hehe.JpaApplication' used by: Class6, Class7"
yizhiwazi__springboot-socks,UNSAT,IdentifierIntegrity,,"Duplicate name 'com.hehe.controller.UserController' used by: Class40, Class41, Class42, Class43, Class44, Class45, Class46, Class47"
yizhiwazi__springboot-socks,UNSAT,IdentifierIntegrity,,"Duplicate name 'com.hehe.web.UserController' used by: Class95, Class96, Class97, Class98"
yizhiwazi__springboot-socks,UNSAT,IdentifierIntegrity,,"Duplicate name 'com.hehe.entity.User' used by: Class49, Class50, Class51, Class52, Class53, Class54, Class55, Class56, Class57, Class58, Class59"
yizhiwazi__springboot-socks,UNSAT,IdentifierIntegrity,,"Duplicate name 'com.hehe.service.UserServiceImpl' used by: Class88, Class89, Class90"
yizhiwazi__springboot-socks,UNSAT,IdentifierIntegrity,,"Duplicate name 'com.hehe.mapper.UserMapper' used by: Class75, Class76, Class77"
yizhiwazi__springboot-socks,UNSAT,IdentifierIntegrity,,"Duplicate name 'com.hehe.config.Swagger2Config' used by: Class35, Class36"
yizhiwazi__springboot-socks,UNSAT,LocalMethodNamespace,,"Duplicate method name 'isFail' in class Class48: Method118, Method119"
yzcheng90__x-springboot,UNSAT,InterfacePolicy,,Interface Class96 contains non-abstract method Method188
yzcheng90__x-springboot,UNSAT,InterfacePolicy,,Interface Class96 contains non-abstract method Method189
yzcheng90__x-springboot,UNSAT,InterfacePolicy,,Interface Class96 contains non-abstract method Method190
yzcheng90__x-springboot,UNSAT,LocalMethodNamespace,,"Duplicate method name 'generateAuth' in class Class12: Method23, Method24"
zalando__logbook,UNSAT,IdentifierIntegrity,,"Duplicate name 'org.zalando.logbook.Origin' used by: Class29, Class30"
zalando__logbook,UNSAT,InterfacePolicy,,Interface Class4 contains non-abstract method Method0
zalando__logbook,UNSAT,InterfacePolicy,,Interface Class4 contains non-abstract method Method1
zalando__logbook,UNSAT,InterfacePolicy,,Interface Class4 contains non-abstract method Method2
zalando__logbook,UNSAT,InterfacePolicy,,Interface Class4 contains non-abstract method Method3
zalando__logbook,UNSAT,InterfacePolicy,,Interface Class4 contains non-abstract method Method4
zalando__logbook,UNSAT,InterfacePolicy,,Interface Class5 contains non-abstract method Method6
zalando__logbook,UNSAT,InterfacePolicy,,Interface Class5 contains non-abstract method Method7
zalando__logbook,UNSAT,InterfacePolicy,,Interface Class5 contains non-abstract method Method8
zalando__logbook,UNSAT,InterfacePolicy,,Interface Class6 contains non-abstract method Method9
zalando__logbook,UNSAT,InterfacePolicy,,Interface Class8 contains non-abstract method Method14
zalando__logbook,UNSAT,InterfacePolicy,,Interface Class11 contains non-abstract method Method24
zalando__logbook,UNSAT,InterfacePolicy,,Interface Class11 contains non-abstract method Method25
zalando__logbook,UNSAT,InterfacePolicy,,Interface Class13 contains non-abstract method Method29
zalando__logbook,UNSAT,InterfacePolicy,,Interface Class13 contains non-abstract method Method30
zalando__logbook,UNSAT,InterfacePolicy,,Interface Class13 contains non-abstract method Method31
zalando__logbook,UNSAT,InterfacePolicy,,Interface Class13 contains non-abstract method Method32
zalando__logbook,UNSAT,InterfacePolicy,,Interface Class13 contains non-abstract method Method33
zalando__logbook,UNSAT,InterfacePolicy,,Interface Class13 contains non-abstract method Method34
zalando__logbook,UNSAT,InterfacePolicy,,Interface Class13 contains non-abstract method Method35
zalando__logbook,UNSAT,InterfacePolicy,,Interface Class14 contains non-abstract method Method37
zalando__logbook,UNSAT,InterfacePolicy,,Interface Class14 contains non-abstract method Method38
zalando__logbook,UNSAT,InterfacePolicy,,Interface Class14 contains non-abstract method Method39
zalando__logbook,UNSAT,InterfacePolicy,,Interface Class14 contains non-abstract method Method40
zalando__logbook,UNSAT,InterfacePolicy,,Interface Class14 contains non-abstract method Method41
zalando__logbook,UNSAT,InterfacePolicy,,Interface Class14 contains non-abstract method Method42
zalando__logbook,UNSAT,InterfacePolicy,,Interface Class14 contains non-abstract method Method43
zalando__logbook,UNSAT,InterfacePolicy,,Interface Class14 contains non-abstract method Method44
zalando__logbook,UNSAT,InterfacePolicy,,Interface Class14 contains non-abstract method Method45
zalando__logbook,UNSAT,InterfacePolicy,,Interface Class14 contains non-abstract method Method46
zalando__logbook,UNSAT,InterfacePolicy,,Interface Class14 contains non-abstract method Method47
zalando__logbook,UNSAT,InterfacePolicy,,Interface Class15 contains non-abstract method Method49
zalando__logbook,UNSAT,InterfacePolicy,,Interface Class15 contains non-abstract method Method50
zalando__logbook,UNSAT,InterfacePolicy,,Interface Class15 contains non-abstract method Method51
zalando__logbook,UNSAT,InterfacePolicy,,Interface Class15 contains non-abstract method Method52
zalando__logbook,UNSAT,InterfacePolicy,,Interface Class15 contains non-abstract method Method53
zalando__logbook,UNSAT,InterfacePolicy,,Interface Class16 contains non-abstract method Method55
zalando__logbook,UNSAT,InterfacePolicy,,Interface Class16 contains non-abstract method Method56
zalando__logbook,UNSAT,InterfacePolicy,,Interface Class17 contains non-abstract method Method68
zalando__logbook,UNSAT,InterfacePolicy,,Interface Class17 contains non-abstract method Method69
zalando__logbook,UNSAT,InterfacePolicy,,Interface Class17 contains non-abstract method Method71
zalando__logbook,UNSAT,InterfacePolicy,,Interface Class17 contains non-abstract method Method72
zalando__logbook,UNSAT,InterfacePolicy,,Interface Class17 contains non-abstract method Method73
zalando__logbook,UNSAT,InterfacePolicy,,Interface Class19 contains non-abstract method Method87
zalando__logbook,UNSAT,InterfacePolicy,,Interface Class20 contains non-abstract method Method91
zalando__logbook,UNSAT,InterfacePolicy,,Interface Class20 contains non-abstract method Method92
zalando__logbook,UNSAT,InterfacePolicy,,Interface Class20 contains non-abstract method Method93
zalando__logbook,UNSAT,InterfacePolicy,,Interface Class20 contains non-abstract method Method96
zalando__logbook,UNSAT,InterfacePolicy,,Interface Class21 contains non-abstract method Method97
zalando__logbook,UNSAT,InterfacePolicy,,Interface Class21 contains non-abstract method Method104
zalando__logbook,UNSAT,InterfacePolicy,,Interface Class22 contains non-abstract method Method108
zalando__logbook,UNSAT,InterfacePolicy,,Interface Class22 contains non-abstract method Method109
zalando__logbook,UNSAT,InterfacePolicy,,Interface Class24 contains non-abstract method Method114
zalando__logbook,UNSAT,InterfacePolicy,,Interface Class24 contains non-abstract method Method115
zalando__logbook,UNSAT,InterfacePolicy,,Interface Class26 contains non-abstract method Method120
zalando__logbook,UNSAT,InterfacePolicy,,Interface Class31 contains non-abstract method Method126
zalando__logbook,UNSAT,InterfacePolicy,,Interface Class31 contains non-abstract method Method127
zalando__logbook,UNSAT,InterfacePolicy,,Interface Class33 contains non-abstract method Method132
zalando__logbook,UNSAT,InterfacePolicy,,Interface Class33 contains non-abstract method Method133
zalando__logbook,UNSAT,InterfacePolicy,,Interface Class34 contains non-abstract method Method135
zalando__logbook,UNSAT,InterfacePolicy,,Interface Class34 contains non-abstract method Method136
zalando__logbook,UNSAT,InterfacePolicy,,Interface Class36 contains non-abstract method Method144
zalando__logbook,UNSAT,InterfacePolicy,,Interface Class36 contains non-abstract method Method145
zalando__logbook,UNSAT,InterfacePolicy,,Interface Class37 contains non-abstract method Method146
zalando__logbook,UNSAT,InterfacePolicy,,Interface Class37 contains non-abstract method Method149
zalando__logbook,UNSAT,InterfacePolicy,,Interface Class38 contains non-abstract method Method150
zalando__logbook,UNSAT,InterfacePolicy,,Interface Class38 contains non-abstract method Method151
zalando__logbook,UNSAT,InterfacePolicy,,Interface Class38 contains non-abstract method Method152
zalando__logbook,UNSAT,InterfacePolicy,,Interface Class38 contains non-abstract method Method153
zalando__logbook,UNSAT,InterfacePolicy,,Interface Class39 contains non-abstract method Method155
zalando__logbook,UNSAT,InterfacePolicy,,Interface Class39 contains non-abstract method Method156
zalando__logbook,UNSAT,InterfacePolicy,,Interface Class39 contains non-abstract method Method157
zalando__logbook,UNSAT,InterfacePolicy,,Interface Class39 contains non-abstract method Method158
zalando__logbook,UNSAT,InterfacePolicy,,Interface Class39 contains non-abstract method Method159
zalando__logbook,UNSAT,InterfacePolicy,,Interface Class39 contains non-abstract method Method160
zalando__logbook,UNSAT,InterfacePolicy,,Interface Class39 contains non-abstract method Method161
zalando__logbook,UNSAT,InterfacePolicy,,Interface Class40 contains non-abstract method Method162
zalando__logbook,UNSAT,InterfacePolicy,,Interface Class40 contains non-abstract method Method163
zalando__logbook,UNSAT,InterfacePolicy,,Interface Class41 contains non-abstract method Method164
zalando__logbook,UNSAT,InterfacePolicy,,Interface Class41 contains non-abstract method Method165
zalando__logbook,UNSAT,InterfacePolicy,,Interface Class169 contains non-abstract method Method708
zalando__logbook,UNSAT,InterfacePolicy,,Interface Class169 contains non-abstract method Method709
zalando__logbook,UNSAT,InterfacePolicy,,Interface Class169 contains non-abstract method Method711
zalando__logbook,UNSAT,InterfacePolicy,,Interface Class170 contains non-abstract method Method712
zalando__logbook,UNSAT,InterfacePolicy,,Interface Class170 contains non-abstract method Method713
zalando__logbook,UNSAT,InterfacePolicy,,Interface Class170 contains non-abstract method Method715
zalando__logbook,UNSAT,InterfacePolicy,,Interface Class171 contains non-abstract method Method716
zalando__logbook,UNSAT,InterfacePolicy,,Interface Class172 contains non-abstract method Method717
zalando__logbook,UNSAT,InterfacePolicy,,Interface Class196 contains non-abstract method Method767
zalando__logbook,UNSAT,InterfacePolicy,,Interface Class196 contains non-abstract method Method768
zalando__logbook,UNSAT,InterfacePolicy,,Interface Class204 contains non-abstract method Method809
zalando__logbook,UNSAT,InterfacePolicy,,Interface Class204 contains non-abstract method Method810
zalando__logbook,UNSAT,InterfacePolicy,,Interface Class204 contains non-abstract method Method811
zalando__logbook,UNSAT,InterfacePolicy,,Interface Class204 contains non-abstract method Method812
zalando__logbook,UNSAT,InterfacePolicy,,Interface Class223 contains non-abstract method Method923
zalando__logbook,UNSAT,InterfacePolicy,,Interface Class223 contains non-abstract method Method924
zalando__logbook,UNSAT,InterfacePolicy,,Interface Class223 contains non-abstract method Method926
zalando__logbook,UNSAT,InterfacePolicy,,Interface Class246 contains non-abstract method Method1072
zalando__logbook,UNSAT,InterfacePolicy,,Interface Class246 contains non-abstract method Method1073
zalando__logbook,UNSAT,InterfacePolicy,,Interface Class246 contains non-abstract method Method1074
zalando__logbook,UNSAT,InterfacePolicy,,Interface Class246 contains non-abstract method Method1075
zalando__logbook,UNSAT,InterfacePolicy,,Interface Class26 has field Field75
zalando__logbook,UNSAT,LocalMethodNamespace,,"Duplicate method name 'apply' in class Class4: Method0, Method1, Method2, Method3"
zhanglei-workspace__shopping-management-system,UNSAT,LocalMethodNamespace,,"Duplicate method name 'buy' in class Class2: Method5, Method6"
zzhoujay__RichText,UNSAT,InterfacePolicy,,Interface Class14 has field Field106
zzhoujay__RichText,UNSAT,InterfacePolicy,,Interface Class14 has field Field107
zzhoujay__RichText,UNSAT,InterfacePolicy,,Interface Class14 has field Field108
zzhoujay__RichText,UNSAT,LocalMethodNamespace,,"Duplicate method name 'clear' in class Class9: Method70, Method71"
